{"type": "FeatureCollection", "features": [{"type": "Feature", "geometry": {"type": "MultiLineString", "coordinates": [[[-73.983998633064, 40.729377927801], [-73.981790715787, 40.728453983806]]]}, "properties": {"stname_label": "E 11 ST", "rw_type": "1", "segment_type_value": null, "l_low_hn": "401", "sandist_ind": null, "bphys_id": null, "pre_directional": "E", "rsubsect": "4A", "number_park_lanes": "2", "avgtravtime": null, "borough_indicator": null, "created_date": "2007-11-29T00:00:00.000Z", "r_zip": "10009", "r_low_hn": "400", "bike_lane": null, "nominaldir": null, "post_type": "ST", "rwjurisdiction": null, "joinid": null, "nonped": null, "l_blockfaceid": "1222600882", "pre_type": null, "post_directional": null, "collectionmethod": null, "fire_lane": null, "objectid": "3336", "globalid": "f6b233d4-5a30-4d34-a832-9d81a15d502d", "segment_type": null, "street_name": "11", "within_bndy_dist": null, "truck_route_type": null, "b5sc": "117210", "full_street_name": "E  11 ST", "shape_length": "280.76879483188935", "streetwidth_irr": null, "status": "2", "posted_speed": "20", "carto_display_level": null, "r_high_hn": "498", "l_zip": "10009", "segmentlength": "698.42233139", "streetwidth": "30", "lsubsect": "4A", "special_disaster": null, "r_blockfaceid": "1222605575", "fcc": null, "boroughcode": "1", "to_level_code": "13", "post_modifier": null, "pre_modifier": null, "bike_trafdir": null, "continuous_parity_flag": null, "trafdir": "TF", "number_total_lanes": "3", "twisted_parity_flag": "N", "snow_priority": "C", "modified_date": "2017-03-17T09:52:00.000Z", "number_travel_lanes": "1", "physicalid": "4012", "from_level_code": "13", "accessible": null, "l_high_hn": "499", "seglocstatus": null}}, {"type": "Feature", "geometry": {"type": "MultiLineString", "coordinates": [[[-73.988120327547, 40.72798498837], [-73.98573971452, 40.726982803025]]]}, "properties": {"stname_label": "E 7 ST", "rw_type": "1", "segment_type_value": null, "l_low_hn": "47", "sandist_ind": null, "bphys_id": null, "pre_directional": "E", "rsubsect": "4B", "number_park_lanes": "2", "avgtravtime": null, "borough_indicator": null, "created_date": "2007-11-29T00:00:00.000Z", "r_zip": "10003", "r_low_hn": "48", "bike_lane": null, "nominaldir": null, "post_type": "ST", "rwjurisdiction": null, "joinid": null, "nonped": null, "l_blockfaceid": "1222605049", "pre_type": null, "post_directional": null, "collectionmethod": null, "fire_lane": null, "objectid": "73467", "globalid": "08761c08-4b75-4074-9aee-a10d60e535b2", "segment_type": null, "street_name": "7", "within_bndy_dist": null, "truck_route_type": null, "b5sc": "117130", "full_street_name": "E  7 ST", "shape_length": "303.15319628656522", "streetwidth_irr": null, "status": "2", "posted_speed": "25", "carto_display_level": null, "r_high_hn": "88", "l_zip": "10003", "segmentlength": "754.11424806", "streetwidth": "30", "lsubsect": "4B", "special_disaster": null, "r_blockfaceid": "1222602166", "fcc": null, "boroughcode": "1", "to_level_code": "13", "post_modifier": null, "pre_modifier": null, "bike_trafdir": null, "continuous_parity_flag": null, "trafdir": "TF", "number_total_lanes": "3", "twisted_parity_flag": "N", "snow_priority": "C", "modified_date": "2017-03-17T09:42:32.000Z", "number_travel_lanes": "1", "physicalid": "81200", "from_level_code": "13", "accessible": null, "l_high_hn": "89", "seglocstatus": null}}, {"type": "Feature", "geometry": {"type": "MultiLineString", "coordinates": [[[-73.987251072684, 40.729194404774], [-73.984858925867, 40.728185076878]]]}, "properties": {"stname_label": "E 9 ST", "rw_type": "1", "segment_type_value": null, "l_low_hn": "301", "sandist_ind": null, "bphys_id": null, "pre_directional": "E", "rsubsect": "4B", "number_park_lanes": "2", "avgtravtime": null, "borough_indicator": null, "created_date": "2007-11-29T00:00:00.000Z", "r_zip": "10003", "r_low_hn": "300", "bike_lane": "2", "nominaldir": null, "post_type": "ST", "rwjurisdiction": null, "joinid": null, "nonped": null, "l_blockfaceid": "1222601724", "pre_type": null, "post_directional": null, "collectionmethod": null, "fire_lane": null, "objectid": "14835", "globalid": "917ff9d4-5e1d-47c5-b264-dea0280af339", "segment_type": null, "street_name": "9", "within_bndy_dist": null, "truck_route_type": null, "b5sc": "117170", "full_street_name": "E  9 ST", "shape_length": "304.78653211578421", "streetwidth_irr": null, "status": "2", "posted_speed": "25", "carto_display_level": null, "r_high_hn": "398", "l_zip": "10003", "segmentlength": "758.16130686", "streetwidth": "30", "lsubsect": "4B", "special_disaster": null, "r_blockfaceid": "1222604706", "fcc": null, "boroughcode": "1", "to_level_code": "13", "post_modifier": null, "pre_modifier": null, "bike_trafdir": "TF", "continuous_parity_flag": null, "trafdir": "TF", "number_total_lanes": "3", "twisted_parity_flag": "N", "snow_priority": "C", "modified_date": "2018-04-19T14:55:44.000Z", "number_travel_lanes": "1", "physicalid": "16644", "from_level_code": "13", "accessible": null, "l_high_hn": "399", "seglocstatus": "X"}}, {"type": "Feature", "geometry": {"type": "MultiLineString", "coordinates": [[[-73.984858925867, 40.728185076878], [-73.984432909078, 40.728776681471]]]}, "properties": {"stname_label": "1 AVE", "rw_type": "1", "segment_type_value": null, "l_low_hn": "147", "sandist_ind": null, "bphys_id": null, "pre_directional": null, "rsubsect": "4B", "number_park_lanes": "2", "avgtravtime": null, "borough_indicator": null, "created_date": "2007-11-29T00:00:00.000Z", "r_zip": "10009", "r_low_hn": "150", "bike_lane": "1", "nominaldir": null, "post_type": "AVE", "rwjurisdiction": null, "joinid": null, "nonped": null, "l_blockfaceid": "1222601723", "pre_type": null, "post_directional": null, "collectionmethod": "F", "fire_lane": null, "objectid": "2159", "globalid": "d8795a86-e353-4fb0-a6cd-3065d64c3684", "segment_type": null, "street_name": "1", "within_bndy_dist": null, "truck_route_type": "2", "b5sc": "110010", "full_street_name": "1 AVE", "shape_length": "99.002164703218739", "streetwidth_irr": null, "status": "2", "posted_speed": "25", "carto_display_level": null, "r_high_hn": "162", "l_zip": "10003", "segmentlength": "245.76272727", "streetwidth": "70", "lsubsect": "4B", "special_disaster": null, "r_blockfaceid": "1222602072", "fcc": null, "boroughcode": "1", "to_level_code": "13", "post_modifier": null, "pre_modifier": null, "bike_trafdir": "FT", "continuous_parity_flag": null, "trafdir": "FT", "number_total_lanes": "6", "twisted_parity_flag": "N", "snow_priority": "C", "modified_date": "2024-04-10T13:15:28.000Z", "number_travel_lanes": "4", "physicalid": "2587", "from_level_code": "13", "accessible": null, "l_high_hn": "161", "seglocstatus": "X"}}, {"type": "Feature", "geometry": {"type": "MultiLineString", "coordinates": [[[-73.98573971452, 40.726982803025], [-73.983536302524, 40.726061027039]]]}, "properties": {"stname_label": "E 7 ST", "rw_type": "1", "segment_type_value": null, "l_low_hn": "91", "sandist_ind": null, "bphys_id": null, "pre_directional": "E", "rsubsect": "4A", "number_park_lanes": "2", "avgtravtime": null, "borough_indicator": null, "created_date": "2007-11-29T00:00:00.000Z", "r_zip": "10009", "r_low_hn": "90", "bike_lane": null, "nominaldir": null, "post_type": "ST", "rwjurisdiction": null, "joinid": null, "nonped": null, "l_blockfaceid": "1222602809", "pre_type": null, "post_directional": null, "collectionmethod": null, "fire_lane": null, "objectid": "73468", "globalid": "31beb513-f743-42a9-a699-e85f54ad8ac1", "segment_type": null, "street_name": "7", "within_bndy_dist": null, "truck_route_type": null, "b5sc": "117130", "full_street_name": "E  7 ST", "shape_length": "280.17345702021964", "streetwidth_irr": null, "status": "2", "posted_speed": "20", "carto_display_level": null, "r_high_hn": "130", "l_zip": "10009", "segmentlength": "696.96666016", "streetwidth": "30", "lsubsect": "4A", "special_disaster": null, "r_blockfaceid": "1222602967", "fcc": null, "boroughcode": "1", "to_level_code": "13", "post_modifier": null, "pre_modifier": null, "bike_trafdir": null, "continuous_parity_flag": null, "trafdir": "TF", "number_total_lanes": "3", "twisted_parity_flag": "N", "snow_priority": "S", "modified_date": "2017-03-17T09:42:47.000Z", "number_travel_lanes": "1", "physicalid": "81201", "from_level_code": "13", "accessible": null, "l_high_hn": "139", "seglocstatus": null}}, {"type": "Feature", "geometry": {"type": "MultiLineString", "coordinates": [[[-73.986808937184, 40.729785133591], [-73.984432909078, 40.728776681471]]]}, "properties": {"stname_label": "E 10 ST", "rw_type": "1", "segment_type_value": null, "l_low_hn": "201", "sandist_ind": null, "bphys_id": null, "pre_directional": "E", "rsubsect": "4B", "number_park_lanes": "2", "avgtravtime": null, "borough_indicator": null, "created_date": "2007-11-29T00:00:00.000Z", "r_zip": "10003", "r_low_hn": "192", "bike_lane": "2", "nominaldir": null, "post_type": "ST", "rwjurisdiction": null, "joinid": null, "nonped": null, "l_blockfaceid": "1222606052", "pre_type": null, "post_directional": null, "collectionmethod": null, "fire_lane": null, "objectid": "3300", "globalid": "5ffdf536-e4fe-48b5-b159-31454d0e8abd", "segment_type": null, "street_name": "10", "within_bndy_dist": null, "truck_route_type": null, "b5sc": "117190", "full_street_name": "E  10 ST", "shape_length": "303.157839879028", "streetwidth_irr": null, "status": "2", "posted_speed": "25", "carto_display_level": null, "r_high_hn": "244", "l_zip": "10003", "segmentlength": "754.09688715", "streetwidth": "30", "lsubsect": "4B", "special_disaster": null, "r_blockfaceid": "1222601722", "fcc": null, "boroughcode": "1", "to_level_code": "13", "post_modifier": null, "pre_modifier": null, "bike_trafdir": "FT", "continuous_parity_flag": null, "trafdir": "FT", "number_total_lanes": "3", "twisted_parity_flag": "N", "snow_priority": "C", "modified_date": "2024-04-10T13:15:28.000Z", "number_travel_lanes": "1", "physicalid": "3969", "from_level_code": "13", "accessible": null, "l_high_hn": "243", "seglocstatus": null}}, {"type": "Feature", "geometry": {"type": "MultiLineString", "coordinates": [[[-73.98573971452, 40.726982803025], [-73.985295124364, 40.727601081527]]]}, "properties": {"stname_label": "1 AVE", "rw_type": "1", "segment_type_value": null, "l_low_hn": "115", "sandist_ind": null, "bphys_id": null, "pre_directional": null, "rsubsect": "4B", "number_park_lanes": "2", "avgtravtime": null, "borough_indicator": null, "created_date": "2007-11-29T00:00:00.000Z", "r_zip": "10009", "r_low_hn": "118", "bike_lane": "1", "nominaldir": null, "post_type": "AVE", "rwjurisdiction": null, "joinid": null, "nonped": null, "l_blockfaceid": "1222605050", "pre_type": null, "post_directional": null, "collectionmethod": "F", "fire_lane": null, "objectid": "2161", "globalid": "1f5ab1f3-a01e-4e81-99aa-e3f908c4992d", "segment_type": null, "street_name": "1", "within_bndy_dist": null, "truck_route_type": "2", "b5sc": "110010", "full_street_name": "1 AVE", "shape_length": "103.43066743146122", "streetwidth_irr": null, "status": "2", "posted_speed": "25", "carto_display_level": null, "r_high_hn": "132", "l_zip": "10003", "segmentlength": "256.76031308", "streetwidth": "70", "lsubsect": "4B", "special_disaster": null, "r_blockfaceid": "1222606091", "fcc": null, "boroughcode": "1", "to_level_code": "13", "post_modifier": null, "pre_modifier": null, "bike_trafdir": "FT", "continuous_parity_flag": null, "trafdir": "FT", "number_total_lanes": "6", "twisted_parity_flag": "N", "snow_priority": "C", "modified_date": "2024-04-10T13:15:28.000Z", "number_travel_lanes": "4", "physicalid": "2589", "from_level_code": "13", "accessible": null, "l_high_hn": "131", "seglocstatus": "X"}}, {"type": "Feature", "geometry": {"type": "MultiLineString", "coordinates": [[[-73.988539258938, 40.727409861533], [-73.986164875767, 40.72640647497]]]}, "properties": {"stname_label": "E 6 ST", "rw_type": "1", "segment_type_value": null, "l_low_hn": "301", "sandist_ind": null, "bphys_id": null, "pre_directional": "E", "rsubsect": "3B", "number_park_lanes": "2", "avgtravtime": null, "borough_indicator": null, "created_date": "2007-11-29T00:00:00.000Z", "r_zip": "10003", "r_low_hn": "300", "bike_lane": null, "nominaldir": null, "post_type": "ST", "rwjurisdiction": null, "joinid": null, "nonped": null, "l_blockfaceid": "1222602164", "pre_type": null, "post_directional": null, "collectionmethod": null, "fire_lane": null, "objectid": "2876", "globalid": "a155e84c-6af3-44c2-bd96-a33fae101a08", "segment_type": null, "street_name": "6", "within_bndy_dist": null, "truck_route_type": null, "b5sc": "117110", "full_street_name": "E  6 ST", "shape_length": "302.63241736841275", "streetwidth_irr": null, "status": "2", "posted_speed": "25", "carto_display_level": null, "r_high_hn": "398", "l_zip": "10003", "segmentlength": "753.24661017", "streetwidth": "30", "lsubsect": "3B", "special_disaster": null, "r_blockfaceid": "1222602866", "fcc": null, "boroughcode": "1", "to_level_code": "13", "post_modifier": null, "pre_modifier": null, "bike_trafdir": null, "continuous_parity_flag": null, "trafdir": "FT", "number_total_lanes": "3", "twisted_parity_flag": "N", "snow_priority": "C", "modified_date": "2017-06-28T10:43:28.000Z", "number_travel_lanes": "1", "physicalid": "3474", "from_level_code": "13", "accessible": null, "l_high_hn": "399", "seglocstatus": null}}, {"type": "Feature", "geometry": {"type": "MultiLineString", "coordinates": [[[-73.985445194589, 40.731666050881], [-73.983070764053, 40.730663469567]]]}, "properties": {"stname_label": "E 13 ST", "rw_type": "1", "segment_type_value": null, "l_low_hn": "301", "sandist_ind": null, "bphys_id": null, "pre_directional": "E", "rsubsect": "4B", "number_park_lanes": "2", "avgtravtime": null, "borough_indicator": null, "created_date": "2007-11-29T00:00:00.000Z", "r_zip": "10003", "r_low_hn": "300", "bike_lane": "1", "nominaldir": null, "post_type": "ST", "rwjurisdiction": null, "joinid": null, "nonped": null, "l_blockfaceid": "1222606366", "pre_type": null, "post_directional": null, "collectionmethod": null, "fire_lane": null, "objectid": "72416", "globalid": "007d4e99-694d-43ba-beb6-abd535f1a832", "segment_type": null, "street_name": "13", "within_bndy_dist": null, "truck_route_type": null, "b5sc": "117250", "full_street_name": "E  13 ST", "shape_length": "302.58401827417322", "streetwidth_irr": null, "status": "2", "posted_speed": "25", "carto_display_level": null, "r_high_hn": "398", "l_zip": "10003", "segmentlength": "752.65368919", "streetwidth": "30", "lsubsect": "4B", "special_disaster": null, "r_blockfaceid": "1222601127", "fcc": null, "boroughcode": "1", "to_level_code": "13", "post_modifier": null, "pre_modifier": null, "bike_trafdir": "TF", "continuous_parity_flag": null, "trafdir": "TF", "number_total_lanes": "3", "twisted_parity_flag": "N", "snow_priority": "C", "modified_date": "2020-04-14T12:33:35.000Z", "number_travel_lanes": "1", "physicalid": "80040", "from_level_code": "13", "accessible": null, "l_high_hn": "399", "seglocstatus": null}}, {"type": "Feature", "geometry": {"type": "MultiLineString", "coordinates": [[[-73.982229432919, 40.72785414241], [-73.981790715787, 40.728453983806]]]}, "properties": {"stname_label": "AVE A", "rw_type": "1", "segment_type_value": null, "l_low_hn": "161", "sandist_ind": null, "bphys_id": null, "pre_directional": null, "rsubsect": "4A", "number_park_lanes": "2", "avgtravtime": null, "borough_indicator": null, "created_date": "2007-11-29T00:00:00.000Z", "r_zip": "10009", "r_low_hn": "156", "bike_lane": "2", "nominaldir": null, "post_type": null, "rwjurisdiction": null, "joinid": null, "nonped": null, "l_blockfaceid": "1222600793", "pre_type": "AVE", "post_directional": null, "collectionmethod": null, "fire_lane": null, "objectid": "3612", "globalid": "c141e18c-05d4-4bbd-b7fe-677c43a5713d", "segment_type": null, "street_name": "A", "within_bndy_dist": null, "truck_route_type": null, "b5sc": "112110", "full_street_name": "AVE A", "shape_length": "100.74329770484189", "streetwidth_irr": null, "status": "2", "posted_speed": "20", "carto_display_level": null, "r_high_hn": "172", "l_zip": "10009", "segmentlength": "250.091584", "streetwidth": "50", "lsubsect": "4A", "special_disaster": null, "r_blockfaceid": "1222605817", "fcc": null, "boroughcode": "1", "to_level_code": "13", "post_modifier": null, "pre_modifier": null, "bike_trafdir": "TW", "continuous_parity_flag": null, "trafdir": "TW", "number_total_lanes": "4", "twisted_parity_flag": "N", "snow_priority": "C", "modified_date": "2020-08-28T20:49:50.000Z", "number_travel_lanes": "2", "physicalid": "4348", "from_level_code": "13", "accessible": null, "l_high_hn": "173", "seglocstatus": null}}, {"type": "Feature", "geometry": {"type": "MultiLineString", "coordinates": [[[-73.982557587186, 40.731358378208], [-73.982488546514, 40.731282139787], [-73.981942659603, 40.731054692599], [-73.981758983961, 40.730978162973]]]}, "properties": {"stname_label": "E 14 ST", "rw_type": "1", "segment_type_value": null, "l_low_hn": "0", "sandist_ind": null, "bphys_id": null, "pre_directional": "E", "rsubsect": "4A", "number_park_lanes": "0", "avgtravtime": null, "borough_indicator": null, "created_date": "2007-11-29T00:00:00.000Z", "r_zip": "10009", "r_low_hn": "400", "bike_lane": null, "nominaldir": null, "post_type": "ST", "rwjurisdiction": null, "joinid": null, "nonped": null, "l_blockfaceid": "1222606396", "pre_type": null, "post_directional": null, "collectionmethod": null, "fire_lane": null, "objectid": "17065", "globalid": "fd94da18-d469-499a-8d26-ed7d532105a6", "segment_type": null, "street_name": "14", "within_bndy_dist": null, "truck_route_type": null, "b5sc": "117270", "full_street_name": "E  14 ST", "shape_length": "106.2645310666428", "streetwidth_irr": null, "status": "2", "posted_speed": "25", "carto_display_level": "10", "r_high_hn": "414", "l_zip": "10009", "segmentlength": "33.72909324", "streetwidth": "50", "lsubsect": "4A", "special_disaster": null, "r_blockfaceid": "1222606122", "fcc": null, "boroughcode": "1", "to_level_code": "13", "post_modifier": null, "pre_modifier": null, "bike_trafdir": null, "continuous_parity_flag": null, "trafdir": "TW", "number_total_lanes": "2", "twisted_parity_flag": "N", "snow_priority": "H", "modified_date": "2024-04-21T22:21:10.000Z", "number_travel_lanes": "2", "physicalid": "19110", "from_level_code": "13", "accessible": null, "l_high_hn": "0", "seglocstatus": null}}, {"type": "Feature", "geometry": {"type": "MultiLineString", "coordinates": [[[-73.986164875767, 40.72640647497], [-73.98395916965, 40.725481014605]]]}, "properties": {"stname_label": "E 6 ST", "rw_type": "1", "segment_type_value": null, "l_low_hn": "401", "sandist_ind": null, "bphys_id": null, "pre_directional": "E", "rsubsect": "3B", "number_park_lanes": "2", "avgtravtime": null, "borough_indicator": null, "created_date": "2007-11-29T00:00:00.000Z", "r_zip": "10009", "r_low_hn": "400", "bike_lane": null, "nominaldir": null, "post_type": "ST", "rwjurisdiction": null, "joinid": null, "nonped": null, "l_blockfaceid": "1222602969", "pre_type": null, "post_directional": null, "collectionmethod": null, "fire_lane": null, "objectid": "2875", "globalid": "7da75f29-260d-4686-a4eb-735d26d36481", "segment_type": null, "street_name": "6", "within_bndy_dist": null, "truck_route_type": null, "b5sc": "117110", "full_street_name": "E  6 ST", "shape_length": "280.65823333242952", "streetwidth_irr": null, "status": "2", "posted_speed": "20", "carto_display_level": null, "r_high_hn": "498", "l_zip": "10009", "segmentlength": "698.17585932", "streetwidth": "30", "lsubsect": "3B", "special_disaster": null, "r_blockfaceid": "1222604892", "fcc": null, "boroughcode": "1", "to_level_code": "13", "post_modifier": null, "pre_modifier": null, "bike_trafdir": null, "continuous_parity_flag": null, "trafdir": "FT", "number_total_lanes": "3", "twisted_parity_flag": "N", "snow_priority": "S", "modified_date": "2017-03-17T10:01:30.000Z", "number_travel_lanes": "1", "physicalid": "3473", "from_level_code": "13", "accessible": null, "l_high_hn": "499", "seglocstatus": null}}, {"type": "Feature", "geometry": {"type": "MultiLineString", "coordinates": [[[-73.987361217356, 40.730015915348], [-73.986808937184, 40.729785133591]]]}, "properties": {"stname_label": "E 10 ST", "rw_type": "1", "segment_type_value": null, "l_low_hn": "0", "sandist_ind": null, "bphys_id": null, "pre_directional": "E", "rsubsect": "4B", "number_park_lanes": "2", "avgtravtime": null, "borough_indicator": null, "created_date": "2007-11-29T00:00:00.000Z", "r_zip": "10003", "r_low_hn": "140", "bike_lane": "2", "nominaldir": null, "post_type": "ST", "rwjurisdiction": null, "joinid": null, "nonped": null, "l_blockfaceid": "1222606488", "pre_type": null, "post_directional": null, "collectionmethod": null, "fire_lane": null, "objectid": "3309", "globalid": "1aa27bc6-f567-498e-9348-5d25b76bcd48", "segment_type": null, "street_name": "10", "within_bndy_dist": null, "truck_route_type": null, "b5sc": "117190", "full_street_name": "E  10 ST", "shape_length": "70.207268139159581", "streetwidth_irr": null, "status": "2", "posted_speed": "25", "carto_display_level": null, "r_high_hn": "190", "l_zip": "10003", "segmentlength": "174.64079324", "streetwidth": "30", "lsubsect": "4B", "special_disaster": null, "r_blockfaceid": "1222601390", "fcc": null, "boroughcode": "1", "to_level_code": "13", "post_modifier": null, "pre_modifier": null, "bike_trafdir": "FT", "continuous_parity_flag": null, "trafdir": "FT", "number_total_lanes": "3", "twisted_parity_flag": "N", "snow_priority": "C", "modified_date": "2024-04-10T13:15:28.000Z", "number_travel_lanes": "1", "physicalid": "3978", "from_level_code": "13", "accessible": null, "l_high_hn": "0", "seglocstatus": null}}, {"type": "Feature", "geometry": {"type": "MultiLineString", "coordinates": [[[-73.984858925867, 40.728185076878], [-73.984534088378, 40.728049808209], [-73.984469889287, 40.728023074545], [-73.983856570372, 40.727767671871], [-73.983627388444, 40.727672232748], [-73.982658467195, 40.72726873294]]]}, "properties": {"stname_label": "E 9 ST", "rw_type": "1", "segment_type_value": null, "l_low_hn": "0", "sandist_ind": null, "bphys_id": null, "pre_directional": "E", "rsubsect": "4A", "number_park_lanes": "2", "avgtravtime": null, "borough_indicator": null, "created_date": "2007-11-29T00:00:00.000Z", "r_zip": "10009", "r_low_hn": "400", "bike_lane": "2", "nominaldir": null, "post_type": "ST", "rwjurisdiction": null, "joinid": null, "nonped": null, "l_blockfaceid": "1222605903", "pre_type": null, "post_directional": null, "collectionmethod": null, "fire_lane": null, "objectid": "114922", "globalid": "c368adac-77e4-4a3f-afae-26f7fb2ce072", "segment_type": null, "street_name": "9", "within_bndy_dist": null, "truck_route_type": null, "b5sc": "117170", "full_street_name": "E  9 ST", "shape_length": "279.50171232110512", "streetwidth_irr": null, "status": "2", "posted_speed": "20", "carto_display_level": null, "r_high_hn": "498", "l_zip": "10009", "segmentlength": "695.28737032", "streetwidth": "30", "lsubsect": "4A", "special_disaster": null, "r_blockfaceid": "1222604012", "fcc": null, "boroughcode": "1", "to_level_code": "13", "post_modifier": null, "pre_modifier": null, "bike_trafdir": "TF", "continuous_parity_flag": null, "trafdir": "TF", "number_total_lanes": "3", "twisted_parity_flag": "N", "snow_priority": "C", "modified_date": "2018-04-19T14:58:59.000Z", "number_travel_lanes": "1", "physicalid": "181516", "from_level_code": "13", "accessible": null, "l_high_hn": "453", "seglocstatus": "X"}}, {"type": "Feature", "geometry": {"type": "MultiLineString", "coordinates": [[[-73.986164875767, 40.72640647497], [-73.98573971452, 40.726982803025]]]}, "properties": {"stname_label": "1 AVE", "rw_type": "1", "segment_type_value": null, "l_low_hn": "99", "sandist_ind": null, "bphys_id": null, "pre_directional": null, "rsubsect": "3B", "number_park_lanes": "2", "avgtravtime": null, "borough_indicator": null, "created_date": "2007-11-29T00:00:00.000Z", "r_zip": "10009", "r_low_hn": "100", "bike_lane": "1", "nominaldir": null, "post_type": "AVE", "rwjurisdiction": null, "joinid": null, "nonped": null, "l_blockfaceid": "1222602165", "pre_type": null, "post_directional": null, "collectionmethod": null, "fire_lane": null, "objectid": "2162", "globalid": "190636b8-a345-4e68-b3ce-bb7746127406", "segment_type": null, "street_name": "1", "within_bndy_dist": null, "truck_route_type": "2", "b5sc": "110010", "full_street_name": "1 AVE", "shape_length": "96.989775286759667", "streetwidth_irr": null, "status": "2", "posted_speed": "25", "carto_display_level": null, "r_high_hn": "116", "l_zip": "10003", "segmentlength": "240.78171035", "streetwidth": "70", "lsubsect": "3B", "special_disaster": null, "r_blockfaceid": "1222606134", "fcc": null, "boroughcode": "1", "to_level_code": "13", "post_modifier": null, "pre_modifier": null, "bike_trafdir": "FT", "continuous_parity_flag": null, "trafdir": "FT", "number_total_lanes": "6", "twisted_parity_flag": "N", "snow_priority": "C", "modified_date": "2024-04-10T13:15:28.000Z", "number_travel_lanes": "4", "physicalid": "2590", "from_level_code": "13", "accessible": null, "l_high_hn": "113", "seglocstatus": "X"}}, {"type": "Feature", "geometry": {"type": "MultiLineString", "coordinates": [[[-73.983070764053, 40.730663469567], [-73.982557587186, 40.731358378208]]]}, "properties": {"stname_label": "1 AVE", "rw_type": "1", "segment_type_value": null, "l_low_hn": "219", "sandist_ind": null, "bphys_id": null, "pre_directional": null, "rsubsect": "4B", "number_park_lanes": "2", "avgtravtime": null, "borough_indicator": null, "created_date": "2007-11-29T00:00:00.000Z", "r_zip": "10009", "r_low_hn": "218", "bike_lane": "1", "nominaldir": null, "post_type": "AVE", "rwjurisdiction": null, "joinid": null, "nonped": null, "l_blockfaceid": "1222603775", "pre_type": null, "post_directional": null, "collectionmethod": null, "fire_lane": null, "objectid": "2155", "globalid": "80d18896-81e3-47ac-8064-663216d7e4ff", "segment_type": null, "street_name": "1", "within_bndy_dist": null, "truck_route_type": "2", "b5sc": "110010", "full_street_name": "1 AVE", "shape_length": "116.98061332307783", "streetwidth_irr": null, "status": "2", "posted_speed": "25", "carto_display_level": null, "r_high_hn": "234", "l_zip": "10003", "segmentlength": "290.39173876", "streetwidth": "70", "lsubsect": "4B", "special_disaster": null, "r_blockfaceid": "1222602923", "fcc": null, "boroughcode": "1", "to_level_code": "13", "post_modifier": null, "pre_modifier": null, "bike_trafdir": "FT", "continuous_parity_flag": null, "trafdir": "FT", "number_total_lanes": "6", "twisted_parity_flag": "N", "snow_priority": "C", "modified_date": "2024-04-10T13:15:28.000Z", "number_travel_lanes": "4", "physicalid": "2583", "from_level_code": "13", "accessible": null, "l_high_hn": "237", "seglocstatus": "X"}}, {"type": "Feature", "geometry": {"type": "MultiLineString", "coordinates": [[[-73.987672911126, 40.728603347711], [-73.985295124364, 40.727601081527]]]}, "properties": {"stname_label": "ST MARKS PL", "rw_type": "1", "segment_type_value": null, "l_low_hn": "39", "sandist_ind": null, "bphys_id": null, "pre_directional": null, "rsubsect": "4B", "number_park_lanes": "2", "avgtravtime": null, "borough_indicator": null, "created_date": "2007-11-29T00:00:00.000Z", "r_zip": "10003", "r_low_hn": "38", "bike_lane": null, "nominaldir": null, "post_type": "PL", "rwjurisdiction": null, "joinid": null, "nonped": null, "l_blockfaceid": "1222604704", "pre_type": null, "post_directional": null, "collectionmethod": null, "fire_lane": null, "objectid": "91536", "globalid": "4bb3fa64-c165-4426-92da-22433bfa3c8b", "segment_type": null, "street_name": "ST MARKS", "within_bndy_dist": null, "truck_route_type": null, "b5sc": "131090", "full_street_name": "ST MARKS PL", "shape_length": "302.88464056199274", "streetwidth_irr": null, "status": "2", "posted_speed": "25", "carto_display_level": null, "r_high_hn": "88", "l_zip": "10003", "segmentlength": "753.43803163", "streetwidth": "30", "lsubsect": "4B", "special_disaster": null, "r_blockfaceid": "1222606719", "fcc": null, "boroughcode": "1", "to_level_code": "13", "post_modifier": null, "pre_modifier": null, "bike_trafdir": null, "continuous_parity_flag": null, "trafdir": "FT", "number_total_lanes": "3", "twisted_parity_flag": "N", "snow_priority": "C", "modified_date": "2020-08-28T20:49:50.000Z", "number_travel_lanes": "1", "physicalid": "101337", "from_level_code": "13", "accessible": null, "l_high_hn": "83", "seglocstatus": null}}, {"type": "Feature", "geometry": {"type": "MultiLineString", "coordinates": [[[-73.986604514793, 40.725786319486], [-73.986164875767, 40.72640647497]]]}, "properties": {"stname_label": "1 AVE", "rw_type": "1", "segment_type_value": null, "l_low_hn": "83", "sandist_ind": null, "bphys_id": null, "pre_directional": null, "rsubsect": "3B", "number_park_lanes": "2", "avgtravtime": null, "borough_indicator": null, "created_date": "2007-11-29T00:00:00.000Z", "r_zip": "10009", "r_low_hn": "84", "bike_lane": "1", "nominaldir": null, "post_type": "AVE", "rwjurisdiction": null, "joinid": null, "nonped": null, "l_blockfaceid": "1222602865", "pre_type": null, "post_directional": null, "collectionmethod": null, "fire_lane": null, "objectid": "2163", "globalid": "3f6e2325-3428-49e6-ab87-1bc42af63b15", "segment_type": null, "street_name": "1", "within_bndy_dist": null, "truck_route_type": "2", "b5sc": "110010", "full_street_name": "1 AVE", "shape_length": "103.40943466844409", "streetwidth_irr": null, "status": "2", "posted_speed": "25", "carto_display_level": null, "r_high_hn": "98", "l_zip": "10003", "segmentlength": "256.70711271", "streetwidth": "70", "lsubsect": "3B", "special_disaster": null, "r_blockfaceid": "1222604893", "fcc": null, "boroughcode": "1", "to_level_code": "13", "post_modifier": null, "pre_modifier": null, "bike_trafdir": "FT", "continuous_parity_flag": null, "trafdir": "FT", "number_total_lanes": "6", "twisted_parity_flag": "N", "snow_priority": "C", "modified_date": "2024-04-10T13:15:28.000Z", "number_travel_lanes": "4", "physicalid": "2591", "from_level_code": "13", "accessible": null, "l_high_hn": "97", "seglocstatus": "X"}}, {"type": "Feature", "geometry": {"type": "MultiLineString", "coordinates": [[[-73.988914503645, 40.729913894146], [-73.988604145433, 40.729934278816]]]}, "properties": {"stname_label": "STUYVESANT ST", "rw_type": "1", "segment_type_value": null, "l_low_hn": "11", "sandist_ind": null, "bphys_id": null, "pre_directional": null, "rsubsect": "4B", "number_park_lanes": "1", "avgtravtime": null, "borough_indicator": null, "created_date": "2007-11-29T00:00:00.000Z", "r_zip": "10003", "r_low_hn": "0", "bike_lane": null, "nominaldir": null, "post_type": "ST", "rwjurisdiction": null, "joinid": null, "nonped": null, "l_blockfaceid": "1222600748", "pre_type": null, "post_directional": null, "collectionmethod": null, "fire_lane": null, "objectid": "73485", "globalid": "609a864d-7d26-4a5d-b100-263b3e180e6a", "segment_type": null, "street_name": "STUYVESANT", "within_bndy_dist": null, "truck_route_type": null, "b5sc": "131790", "full_street_name": "STUYVESANT ST", "shape_length": "34.67844806331388", "streetwidth_irr": null, "status": "2", "posted_speed": "25", "carto_display_level": null, "r_high_hn": "0", "l_zip": "10003", "segmentlength": "86.33786229", "streetwidth": "32", "lsubsect": "4B", "special_disaster": null, "r_blockfaceid": "1222600506", "fcc": null, "boroughcode": "1", "to_level_code": "13", "post_modifier": null, "pre_modifier": null, "bike_trafdir": null, "continuous_parity_flag": null, "trafdir": "FT", "number_total_lanes": "2", "twisted_parity_flag": "N", "snow_priority": "H", "modified_date": "2017-03-17T09:27:56.000Z", "number_travel_lanes": "1", "physicalid": "81221", "from_level_code": "13", "accessible": null, "l_high_hn": "19", "seglocstatus": null}}, {"type": "Feature", "geometry": {"type": "MultiLineString", "coordinates": [[[-73.983998633064, 40.729377927801], [-73.983537219659, 40.730015972322]]]}, "properties": {"stname_label": "1 AVE", "rw_type": "1", "segment_type_value": null, "l_low_hn": "179", "sandist_ind": null, "bphys_id": null, "pre_directional": null, "rsubsect": "4B", "number_park_lanes": "2", "avgtravtime": null, "borough_indicator": null, "created_date": "2007-11-29T00:00:00.000Z", "r_zip": "10009", "r_low_hn": "182", "bike_lane": "1", "nominaldir": null, "post_type": "AVE", "rwjurisdiction": null, "joinid": null, "nonped": null, "l_blockfaceid": "1222603255", "pre_type": null, "post_directional": null, "collectionmethod": null, "fire_lane": null, "objectid": "2157", "globalid": "e31890ff-8de4-4d61-b0d9-2c8bb0aacbea", "segment_type": null, "street_name": "1", "within_bndy_dist": null, "truck_route_type": "2", "b5sc": "110010", "full_street_name": "1 AVE", "shape_length": "106.87958570191722", "streetwidth_irr": null, "status": "2", "posted_speed": "25", "carto_display_level": null, "r_high_hn": "196", "l_zip": "10003", "segmentlength": "265.31436649", "streetwidth": "70", "lsubsect": "4B", "special_disaster": null, "r_blockfaceid": "1222605604", "fcc": null, "boroughcode": "1", "to_level_code": "13", "post_modifier": null, "pre_modifier": null, "bike_trafdir": "FT", "continuous_parity_flag": null, "trafdir": "FT", "number_total_lanes": "6", "twisted_parity_flag": "N", "snow_priority": "C", "modified_date": "2024-04-10T13:15:28.000Z", "number_travel_lanes": "4", "physicalid": "2585", "from_level_code": "13", "accessible": null, "l_high_hn": "195", "seglocstatus": "X"}}, {"type": "Feature", "geometry": {"type": "MultiLineString", "coordinates": [[[-73.988604145433, 40.729934278816], [-73.987361217356, 40.730015915348]]]}, "properties": {"stname_label": "STUYVESANT ST", "rw_type": "1", "segment_type_value": null, "l_low_hn": "21", "sandist_ind": null, "bphys_id": null, "pre_directional": null, "rsubsect": "4B", "number_park_lanes": "2", "avgtravtime": null, "borough_indicator": null, "created_date": "2007-11-29T00:00:00.000Z", "r_zip": "10003", "r_low_hn": "22", "bike_lane": null, "nominaldir": null, "post_type": "ST", "rwjurisdiction": null, "joinid": null, "nonped": null, "l_blockfaceid": "1222600748", "pre_type": null, "post_directional": null, "collectionmethod": null, "fire_lane": null, "objectid": "73484", "globalid": "4ef77a1e-7640-4737-b5d9-6e29e5acea45", "segment_type": null, "street_name": "STUYVESANT", "within_bndy_dist": null, "truck_route_type": null, "b5sc": "131790", "full_street_name": "STUYVESANT ST", "shape_length": "138.88086052781671", "streetwidth_irr": null, "status": "2", "posted_speed": "25", "carto_display_level": null, "r_high_hn": "48", "l_zip": "10003", "segmentlength": "345.76658972", "streetwidth": "32", "lsubsect": "4B", "special_disaster": null, "r_blockfaceid": "1222601391", "fcc": null, "boroughcode": "1", "to_level_code": "13", "post_modifier": null, "pre_modifier": null, "bike_trafdir": null, "continuous_parity_flag": null, "trafdir": "FT", "number_total_lanes": "3", "twisted_parity_flag": "N", "snow_priority": "H", "modified_date": "2017-03-17T10:01:01.000Z", "number_travel_lanes": "1", "physicalid": "81220", "from_level_code": "13", "accessible": null, "l_high_hn": "43", "seglocstatus": null}}, {"type": "Feature", "geometry": {"type": "MultiLineString", "coordinates": [[[-73.985295124364, 40.727601081527], [-73.983091935908, 40.726674056409]]]}, "properties": {"stname_label": "ST MARKS PL", "rw_type": "1", "segment_type_value": null, "l_low_hn": "85", "sandist_ind": null, "bphys_id": null, "pre_directional": null, "rsubsect": "4A", "number_park_lanes": "2", "avgtravtime": null, "borough_indicator": null, "created_date": "2007-11-29T00:00:00.000Z", "r_zip": "10009", "r_low_hn": "90", "bike_lane": null, "nominaldir": null, "post_type": "PL", "rwjurisdiction": null, "joinid": null, "nonped": null, "l_blockfaceid": "1222606432", "pre_type": null, "post_directional": null, "collectionmethod": "F", "fire_lane": null, "objectid": "91535", "globalid": "40f35ead-3fa2-4384-b3b1-551d9fbe54fd", "segment_type": null, "street_name": "ST MARKS", "within_bndy_dist": null, "truck_route_type": null, "b5sc": "131090", "full_street_name": "ST MARKS PL", "shape_length": "280.52575802864703", "streetwidth_irr": null, "status": "2", "posted_speed": "20", "carto_display_level": null, "r_high_hn": "198", "l_zip": "10009", "segmentlength": "697.83109721", "streetwidth": "30", "lsubsect": "4A", "special_disaster": null, "r_blockfaceid": "1222602807", "fcc": null, "boroughcode": "1", "to_level_code": "13", "post_modifier": null, "pre_modifier": null, "bike_trafdir": null, "continuous_parity_flag": null, "trafdir": "FT", "number_total_lanes": "3", "twisted_parity_flag": "N", "snow_priority": "C", "modified_date": "2017-03-17T10:01:44.000Z", "number_travel_lanes": "1", "physicalid": "101336", "from_level_code": "13", "accessible": null, "l_high_hn": "199", "seglocstatus": null}}, {"type": "Feature", "geometry": {"type": "MultiLineString", "coordinates": [[[-73.984432909078, 40.728776681471], [-73.982229432919, 40.72785414241]]]}, "properties": {"stname_label": "E 10 ST", "rw_type": "1", "segment_type_value": null, "l_low_hn": "245", "sandist_ind": null, "bphys_id": null, "pre_directional": "E", "rsubsect": "4A", "number_park_lanes": "2", "avgtravtime": null, "borough_indicator": null, "created_date": "2007-11-29T00:00:00.000Z", "r_zip": "10009", "r_low_hn": "246", "bike_lane": "2", "nominaldir": null, "post_type": "ST", "rwjurisdiction": null, "joinid": null, "nonped": null, "l_blockfaceid": "1222600792", "pre_type": null, "post_directional": null, "collectionmethod": null, "fire_lane": null, "objectid": "3299", "globalid": "0816fd98-9763-4971-a7ce-b5c0434b39d4", "segment_type": null, "street_name": "10", "within_bndy_dist": null, "truck_route_type": null, "b5sc": "117190", "full_street_name": "E  10 ST", "shape_length": "280.23566257647707", "streetwidth_irr": null, "status": "2", "posted_speed": "20", "carto_display_level": null, "r_high_hn": "298", "l_zip": "10009", "segmentlength": "697.10201893", "streetwidth": "30", "lsubsect": "4A", "special_disaster": null, "r_blockfaceid": "1222602073", "fcc": null, "boroughcode": "1", "to_level_code": "13", "post_modifier": null, "pre_modifier": null, "bike_trafdir": "FT", "continuous_parity_flag": null, "trafdir": "FT", "number_total_lanes": "3", "twisted_parity_flag": "N", "snow_priority": "C", "modified_date": "2024-04-10T13:15:28.000Z", "number_travel_lanes": "1", "physicalid": "3968", "from_level_code": "13", "accessible": null, "l_high_hn": "291", "seglocstatus": null}}, {"type": "Feature", "geometry": {"type": "MultiLineString", "coordinates": [[[-73.982267774704, 40.73140768192], [-73.98221765277, 40.731365647637], [-73.981845257905, 40.731208846976], [-73.981502262447, 40.731064422676]]]}, "properties": {"stname_label": "E 14 ST", "rw_type": "1", "segment_type_value": null, "l_low_hn": "401", "sandist_ind": null, "bphys_id": null, "pre_directional": "E", "rsubsect": "1A", "number_park_lanes": "2", "avgtravtime": null, "borough_indicator": null, "created_date": "2007-11-29T00:00:00.000Z", "r_zip": "10009", "r_low_hn": "0", "bike_lane": null, "nominaldir": null, "post_type": "ST", "rwjurisdiction": null, "joinid": null, "nonped": null, "l_blockfaceid": "1222600913", "pre_type": null, "post_directional": null, "collectionmethod": null, "fire_lane": null, "objectid": "70179", "globalid": "24498c7f-a8fd-46f5-8148-6466e0f4c3db", "segment_type": null, "street_name": "14", "within_bndy_dist": null, "truck_route_type": null, "b5sc": "117270", "full_street_name": "E  14 ST", "shape_length": "99.427519227575957", "streetwidth_irr": null, "status": "2", "posted_speed": "25", "carto_display_level": null, "r_high_hn": "0", "l_zip": "10009", "segmentlength": "20.67605973", "streetwidth": "25", "lsubsect": "1A", "special_disaster": null, "r_blockfaceid": "1222607360", "fcc": null, "boroughcode": "1", "to_level_code": "13", "post_modifier": null, "pre_modifier": null, "bike_trafdir": null, "continuous_parity_flag": null, "trafdir": "TF", "number_total_lanes": "3", "twisted_parity_flag": "N", "snow_priority": "H", "modified_date": "2021-10-14T11:10:35.000Z", "number_travel_lanes": "1", "physicalid": "77341", "from_level_code": "13", "accessible": null, "l_high_hn": "433", "seglocstatus": null}}, {"type": "Feature", "geometry": {"type": "MultiLineString", "coordinates": [[[-73.98395916965, 40.725481014605], [-73.983536302524, 40.726061027039]]]}, "properties": {"stname_label": "AVE A", "rw_type": "1", "segment_type_value": null, "l_low_hn": "95", "sandist_ind": null, "bphys_id": null, "pre_directional": null, "rsubsect": "3A", "number_park_lanes": "2", "avgtravtime": null, "borough_indicator": null, "created_date": "2007-11-29T00:00:00.000Z", "r_zip": "10009", "r_low_hn": "94", "bike_lane": "2", "nominaldir": null, "post_type": null, "rwjurisdiction": null, "joinid": null, "nonped": null, "l_blockfaceid": "1222602968", "pre_type": "AVE", "post_directional": null, "collectionmethod": null, "fire_lane": null, "objectid": "3608", "globalid": "32fb87e9-ff2d-4306-a07e-ef83f013ac50", "segment_type": null, "street_name": "A", "within_bndy_dist": null, "truck_route_type": null, "b5sc": "112110", "full_street_name": "AVE A", "shape_length": "97.3377352291729", "streetwidth_irr": null, "status": "2", "posted_speed": "20", "carto_display_level": null, "r_high_hn": "114", "l_zip": "10009", "segmentlength": "241.64492284", "streetwidth": "50", "lsubsect": "3A", "special_disaster": null, "r_blockfaceid": "1222601077", "fcc": null, "boroughcode": "1", "to_level_code": "13", "post_modifier": null, "pre_modifier": null, "bike_trafdir": "TW", "continuous_parity_flag": null, "trafdir": "TW", "number_total_lanes": "4", "twisted_parity_flag": "N", "snow_priority": "C", "modified_date": "2020-08-28T20:49:50.000Z", "number_travel_lanes": "2", "physicalid": "4344", "from_level_code": "13", "accessible": null, "l_high_hn": "109", "seglocstatus": null}}, {"type": "Feature", "geometry": {"type": "MultiLineString", "coordinates": [[[-73.985909891864, 40.731027323962], [-73.983537219659, 40.730015972322]]]}, "properties": {"stname_label": "E 12 ST", "rw_type": "1", "segment_type_value": null, "l_low_hn": "301", "sandist_ind": null, "bphys_id": null, "pre_directional": "E", "rsubsect": "4B", "number_park_lanes": "2", "avgtravtime": null, "borough_indicator": null, "created_date": "2007-11-29T00:00:00.000Z", "r_zip": "10003", "r_low_hn": "300", "bike_lane": "1", "nominaldir": null, "post_type": "ST", "rwjurisdiction": null, "joinid": null, "nonped": null, "l_blockfaceid": "1222601128", "pre_type": null, "post_directional": null, "collectionmethod": null, "fire_lane": null, "objectid": "3626", "globalid": "801b9f3e-46a8-471f-96a5-d2f7f648be97", "segment_type": null, "street_name": "12", "within_bndy_dist": null, "truck_route_type": null, "b5sc": "117230", "full_street_name": "E  12 ST", "shape_length": "303.04190190129384", "streetwidth_irr": null, "status": "2", "posted_speed": "25", "carto_display_level": null, "r_high_hn": "398", "l_zip": "10003", "segmentlength": "753.79004694", "streetwidth": "30", "lsubsect": "4B", "special_disaster": null, "r_blockfaceid": "1222603254", "fcc": null, "boroughcode": "1", "to_level_code": "13", "post_modifier": null, "pre_modifier": null, "bike_trafdir": "FT", "continuous_parity_flag": null, "trafdir": "FT", "number_total_lanes": "3", "twisted_parity_flag": "N", "snow_priority": "C", "modified_date": "2020-04-14T12:33:35.000Z", "number_travel_lanes": "1", "physicalid": "4363", "from_level_code": "13", "accessible": null, "l_high_hn": "399", "seglocstatus": null}}, {"type": "Feature", "geometry": {"type": "MultiLineString", "coordinates": [[[-73.983536302524, 40.726061027039], [-73.981212589481, 40.725081043187]]]}, "properties": {"stname_label": "E 7 ST", "rw_type": "1", "segment_type_value": null, "l_low_hn": "141", "sandist_ind": null, "bphys_id": null, "pre_directional": "E", "rsubsect": "4A", "number_park_lanes": "2", "avgtravtime": null, "borough_indicator": null, "created_date": "2007-11-29T00:00:00.000Z", "r_zip": "10009", "r_low_hn": "132", "bike_lane": null, "nominaldir": null, "post_type": "ST", "rwjurisdiction": null, "joinid": null, "nonped": null, "l_blockfaceid": "1222601395", "pre_type": null, "post_directional": null, "collectionmethod": null, "fire_lane": null, "objectid": "73469", "globalid": "c01dfa61-9e8d-4336-9301-58f236e08129", "segment_type": null, "street_name": "7", "within_bndy_dist": null, "truck_route_type": null, "b5sc": "117130", "full_street_name": "E  7 ST", "shape_length": "296.03047054982096", "streetwidth_irr": null, "status": "2", "posted_speed": "20", "carto_display_level": null, "r_high_hn": "182", "l_zip": "10009", "segmentlength": "736.41535451", "streetwidth": "30", "lsubsect": "4A", "special_disaster": null, "r_blockfaceid": "1222601078", "fcc": null, "boroughcode": "1", "to_level_code": "13", "post_modifier": null, "pre_modifier": null, "bike_trafdir": null, "continuous_parity_flag": null, "trafdir": "TF", "number_total_lanes": "3", "twisted_parity_flag": "N", "snow_priority": "S", "modified_date": "2017-03-17T09:52:28.000Z", "number_travel_lanes": "1", "physicalid": "81202", "from_level_code": "13", "accessible": null, "l_high_hn": "173", "seglocstatus": null}}, {"type": "Feature", "geometry": {"type": "MultiLineString", "coordinates": [[[-73.985295124364, 40.727601081527], [-73.984858925867, 40.728185076878]]]}, "properties": {"stname_label": "1 AVE", "rw_type": "1", "segment_type_value": null, "l_low_hn": "133", "sandist_ind": null, "bphys_id": null, "pre_directional": null, "rsubsect": "4B", "number_park_lanes": "2", "avgtravtime": null, "borough_indicator": null, "created_date": "2007-11-29T00:00:00.000Z", "r_zip": "10009", "r_low_hn": "134", "bike_lane": "1", "nominaldir": null, "post_type": "AVE", "rwjurisdiction": null, "joinid": null, "nonped": null, "l_blockfaceid": "1222606627", "pre_type": null, "post_directional": null, "collectionmethod": null, "fire_lane": null, "objectid": "2160", "globalid": "1dd13437-6e66-41c9-b2a1-f22f7aba49a6", "segment_type": null, "street_name": "1", "within_bndy_dist": null, "truck_route_type": "2", "b5sc": "110010", "full_street_name": "1 AVE", "shape_length": "98.575134014521041", "streetwidth_irr": null, "status": "2", "posted_speed": "25", "carto_display_level": null, "r_high_hn": "148", "l_zip": "10003", "segmentlength": "244.71735969", "streetwidth": "70", "lsubsect": "4B", "special_disaster": null, "r_blockfaceid": "1222604011", "fcc": null, "boroughcode": "1", "to_level_code": "13", "post_modifier": null, "pre_modifier": null, "bike_trafdir": "FT", "continuous_parity_flag": null, "trafdir": "FT", "number_total_lanes": "6", "twisted_parity_flag": "N", "snow_priority": "C", "modified_date": "2024-04-10T13:15:28.000Z", "number_travel_lanes": "4", "physicalid": "2588", "from_level_code": "13", "accessible": null, "l_high_hn": "145", "seglocstatus": "X"}}, {"type": "Feature", "geometry": {"type": "MultiLineString", "coordinates": [[[-73.987672911126, 40.728603347711], [-73.987251072684, 40.729194404774]]]}, "properties": {"stname_label": "2 AVE", "rw_type": "1", "segment_type_value": null, "l_low_hn": "133", "sandist_ind": null, "bphys_id": null, "pre_directional": null, "rsubsect": "4B", "number_park_lanes": "2", "avgtravtime": null, "borough_indicator": null, "created_date": "2007-11-29T00:00:00.000Z", "r_zip": "10003", "r_low_hn": "132", "bike_lane": "1", "nominaldir": null, "post_type": "AVE", "rwjurisdiction": null, "joinid": null, "nonped": null, "l_blockfaceid": "1222602267", "pre_type": null, "post_directional": null, "collectionmethod": null, "fire_lane": null, "objectid": "1858", "globalid": "cc35660a-fe41-4730-a2f2-514078e637e1", "segment_type": null, "street_name": "2", "within_bndy_dist": null, "truck_route_type": "2", "b5sc": "110110", "full_street_name": "2 AVE", "shape_length": "98.7099281096313", "streetwidth_irr": null, "status": "2", "posted_speed": "25", "carto_display_level": null, "r_high_hn": "144", "l_zip": "10003", "segmentlength": "245.03286994", "streetwidth": "58", "lsubsect": "4B", "special_disaster": null, "r_blockfaceid": "1222604705", "fcc": null, "boroughcode": "1", "to_level_code": "13", "post_modifier": null, "pre_modifier": null, "bike_trafdir": "TF", "continuous_parity_flag": null, "trafdir": "TF", "number_total_lanes": "5", "twisted_parity_flag": "N", "snow_priority": "C", "modified_date": "2020-08-28T20:49:50.000Z", "number_travel_lanes": "3", "physicalid": "2236", "from_level_code": "13", "accessible": null, "l_high_hn": "143", "seglocstatus": null}}, {"type": "Feature", "geometry": {"type": "MultiLineString", "coordinates": [[[-73.987045287069, 40.725199543942], [-73.986604514793, 40.725786319486]]]}, "properties": {"stname_label": "1 AVE", "rw_type": "1", "segment_type_value": null, "l_low_hn": "65", "sandist_ind": null, "bphys_id": null, "pre_directional": null, "rsubsect": "3B", "number_park_lanes": "2", "avgtravtime": null, "borough_indicator": null, "created_date": "2007-11-29T00:00:00.000Z", "r_zip": "10009", "r_low_hn": "70", "bike_lane": "1", "nominaldir": null, "post_type": "AVE", "rwjurisdiction": null, "joinid": null, "nonped": null, "l_blockfaceid": "1222606590", "pre_type": null, "post_directional": null, "collectionmethod": "F", "fire_lane": null, "objectid": "2164", "globalid": "23120c66-18cf-475a-9404-e519ead2e0c6", "segment_type": null, "street_name": "1", "within_bndy_dist": null, "truck_route_type": "2", "b5sc": "110010", "full_street_name": "1 AVE", "shape_length": "99.178942567067608", "streetwidth_irr": null, "status": "2", "posted_speed": "25", "carto_display_level": null, "r_high_hn": "82", "l_zip": "10003", "segmentlength": "246.22715802", "streetwidth": "70", "lsubsect": "3B", "special_disaster": null, "r_blockfaceid": "1222604893", "fcc": null, "boroughcode": "1", "to_level_code": "13", "post_modifier": null, "pre_modifier": null, "bike_trafdir": "FT", "continuous_parity_flag": null, "trafdir": "FT", "number_total_lanes": "6", "twisted_parity_flag": "N", "snow_priority": "C", "modified_date": "2024-04-10T13:15:28.000Z", "number_travel_lanes": "4", "physicalid": "2592", "from_level_code": "13", "accessible": null, "l_high_hn": "81", "seglocstatus": "X"}}, {"type": "Feature", "geometry": {"type": "MultiLineString", "coordinates": [[[-73.983537219659, 40.730015972322], [-73.983077474021, 40.729828987868], [-73.98291607045, 40.729756989411], [-73.981326008061, 40.729094000366]]]}, "properties": {"stname_label": "E 12 ST", "rw_type": "1", "segment_type_value": null, "l_low_hn": "401", "sandist_ind": null, "bphys_id": null, "pre_directional": "E", "rsubsect": "4A", "number_park_lanes": "2", "avgtravtime": null, "borough_indicator": null, "created_date": "2007-11-29T00:00:00.000Z", "r_zip": "10009", "r_low_hn": "400", "bike_lane": "1", "nominaldir": null, "post_type": "ST", "rwjurisdiction": null, "joinid": null, "nonped": null, "l_blockfaceid": "1222600628", "pre_type": null, "post_directional": null, "collectionmethod": null, "fire_lane": null, "objectid": "112859", "globalid": "e3b7de82-1444-441f-b7d5-6b8385e0dc47", "segment_type": null, "street_name": "12", "within_bndy_dist": null, "truck_route_type": null, "b5sc": "117230", "full_street_name": "E  12 ST", "shape_length": "280.96268367341139", "streetwidth_irr": null, "status": "2", "posted_speed": "20", "carto_display_level": null, "r_high_hn": "498", "l_zip": "10009", "segmentlength": "698.87170041", "streetwidth": "30", "lsubsect": "4A", "special_disaster": null, "r_blockfaceid": "1222600884", "fcc": null, "boroughcode": "1", "to_level_code": "13", "post_modifier": null, "pre_modifier": null, "bike_trafdir": "FT", "continuous_parity_flag": null, "trafdir": "FT", "number_total_lanes": "3", "twisted_parity_flag": "N", "snow_priority": "C", "modified_date": "2020-04-14T15:31:47.000Z", "number_travel_lanes": "1", "physicalid": "176442", "from_level_code": "13", "accessible": null, "l_high_hn": "499", "seglocstatus": null}}, {"type": "Feature", "geometry": {"type": "MultiLineString", "coordinates": [[[-73.988914503645, 40.729913894146], [-73.988653021113, 40.72980238592]]]}, "properties": {"stname_label": "E 9 ST", "rw_type": "1", "segment_type_value": null, "l_low_hn": "0", "sandist_ind": null, "bphys_id": null, "pre_directional": "E", "rsubsect": "4B", "number_park_lanes": "1", "avgtravtime": null, "borough_indicator": null, "created_date": "2007-11-29T00:00:00.000Z", "r_zip": "10003", "r_low_hn": "200", "bike_lane": "2", "nominaldir": null, "post_type": "ST", "rwjurisdiction": null, "joinid": null, "nonped": null, "l_blockfaceid": "1222607005", "pre_type": null, "post_directional": null, "collectionmethod": null, "fire_lane": null, "objectid": "14833", "globalid": "01578a59-6d39-4d26-8e5f-2dd5dc4052dc", "segment_type": null, "street_name": "9", "within_bndy_dist": null, "truck_route_type": null, "b5sc": "117170", "full_street_name": "E  9 ST", "shape_length": "33.400626714974472", "streetwidth_irr": null, "status": "2", "posted_speed": "25", "carto_display_level": null, "r_high_hn": "212", "l_zip": "10003", "segmentlength": "83.08199175", "streetwidth": "30", "lsubsect": "4B", "special_disaster": null, "r_blockfaceid": "1222605954", "fcc": null, "boroughcode": "1", "to_level_code": "13", "post_modifier": null, "pre_modifier": null, "bike_trafdir": "TF", "continuous_parity_flag": null, "trafdir": "TF", "number_total_lanes": "2", "twisted_parity_flag": "N", "snow_priority": "C", "modified_date": "2018-04-19T14:57:11.000Z", "number_travel_lanes": "1", "physicalid": "16642", "from_level_code": "13", "accessible": null, "l_high_hn": "0", "seglocstatus": "X"}}, {"type": "Feature", "geometry": {"type": "MultiLineString", "coordinates": [[[-73.983070764053, 40.730663469567], [-73.980855607322, 40.729731798845]]]}, "properties": {"stname_label": "E 13 ST", "rw_type": "1", "segment_type_value": null, "l_low_hn": "401", "sandist_ind": null, "bphys_id": null, "pre_directional": "E", "rsubsect": "4A", "number_park_lanes": "2", "avgtravtime": null, "borough_indicator": null, "created_date": "2007-11-29T00:00:00.000Z", "r_zip": "10009", "r_low_hn": "400", "bike_lane": "1", "nominaldir": null, "post_type": "ST", "rwjurisdiction": null, "joinid": null, "nonped": null, "l_blockfaceid": "1222602924", "pre_type": null, "post_directional": null, "collectionmethod": null, "fire_lane": null, "objectid": "72415", "globalid": "d1b30426-e1d9-44df-8cd7-e8365e3c1354", "segment_type": null, "street_name": "13", "within_bndy_dist": null, "truck_route_type": null, "b5sc": "117250", "full_street_name": "E  13 ST", "shape_length": "282.02487761484127", "streetwidth_irr": null, "status": "2", "posted_speed": "20", "carto_display_level": null, "r_high_hn": "498", "l_zip": "10009", "segmentlength": "700.12918183", "streetwidth": "30", "lsubsect": "4A", "special_disaster": null, "r_blockfaceid": "1222600630", "fcc": null, "boroughcode": "1", "to_level_code": "13", "post_modifier": null, "pre_modifier": null, "bike_trafdir": "TF", "continuous_parity_flag": null, "trafdir": "TF", "number_total_lanes": "3", "twisted_parity_flag": "N", "snow_priority": "C", "modified_date": "2020-04-14T12:33:35.000Z", "number_travel_lanes": "1", "physicalid": "80039", "from_level_code": "13", "accessible": null, "l_high_hn": "499", "seglocstatus": null}}, {"type": "Feature", "geometry": {"type": "MultiLineString", "coordinates": [[[-73.988614193312, 40.73133082405], [-73.987994208282, 40.73106990227], [-73.986375811406, 40.730387901866]]]}, "properties": {"stname_label": "E 11 ST", "rw_type": "1", "segment_type_value": null, "l_low_hn": "201", "sandist_ind": null, "bphys_id": null, "pre_directional": "E", "rsubsect": "4B", "number_park_lanes": "2", "avgtravtime": null, "borough_indicator": null, "created_date": "2007-11-29T00:00:00.000Z", "r_zip": "10003", "r_low_hn": "198", "bike_lane": null, "nominaldir": null, "post_type": "ST", "rwjurisdiction": null, "joinid": null, "nonped": null, "l_blockfaceid": "1222606552", "pre_type": null, "post_directional": null, "collectionmethod": null, "fire_lane": null, "objectid": "3337", "globalid": "549802ca-5ea5-457b-91fd-d491866f3c1a", "segment_type": null, "street_name": "11", "within_bndy_dist": null, "truck_route_type": null, "b5sc": "117210", "full_street_name": "E  11 ST", "shape_length": "285.0882911345027", "streetwidth_irr": null, "status": "2", "posted_speed": "25", "carto_display_level": null, "r_high_hn": "298", "l_zip": "10003", "segmentlength": "521.50404168", "streetwidth": "34", "lsubsect": "4B", "special_disaster": null, "r_blockfaceid": "1222604208", "fcc": null, "boroughcode": "1", "to_level_code": "13", "post_modifier": null, "pre_modifier": null, "bike_trafdir": null, "continuous_parity_flag": null, "trafdir": "TF", "number_total_lanes": "3", "twisted_parity_flag": "N", "snow_priority": "C", "modified_date": "2024-04-10T13:15:28.000Z", "number_travel_lanes": "1", "physicalid": "4014", "from_level_code": "13", "accessible": null, "l_high_hn": "287", "seglocstatus": null}}, {"type": "Feature", "geometry": {"type": "MultiLineString", "coordinates": [[[-73.986375811406, 40.730387901866], [-73.985537856274, 40.730030934183], [-73.985355043948, 40.729954226446], [-73.983998633064, 40.729377927801]]]}, "properties": {"stname_label": "E 11 ST", "rw_type": "1", "segment_type_value": null, "l_low_hn": "289", "sandist_ind": null, "bphys_id": null, "pre_directional": "E", "rsubsect": "4B", "number_park_lanes": "2", "avgtravtime": null, "borough_indicator": null, "created_date": "2007-11-29T00:00:00.000Z", "r_zip": "10003", "r_low_hn": "300", "bike_lane": null, "nominaldir": null, "post_type": "ST", "rwjurisdiction": null, "joinid": null, "nonped": null, "l_blockfaceid": "1222606209", "pre_type": null, "post_directional": null, "collectionmethod": null, "fire_lane": null, "objectid": "112856", "globalid": "2be268d5-db1b-4de4-b152-bafaef8ceca3", "segment_type": null, "street_name": "11", "within_bndy_dist": null, "truck_route_type": null, "b5sc": "117210", "full_street_name": "E  11 ST", "shape_length": "303.37988586807023", "streetwidth_irr": null, "status": "2", "posted_speed": "25", "carto_display_level": null, "r_high_hn": "398", "l_zip": "10003", "segmentlength": "754.64045561", "streetwidth": "30", "lsubsect": "4B", "special_disaster": null, "r_blockfaceid": "1222602648", "fcc": null, "boroughcode": "1", "to_level_code": "13", "post_modifier": null, "pre_modifier": null, "bike_trafdir": null, "continuous_parity_flag": null, "trafdir": "TF", "number_total_lanes": "3", "twisted_parity_flag": "N", "snow_priority": "C", "modified_date": "2017-03-28T10:29:52.000Z", "number_travel_lanes": "1", "physicalid": "176439", "from_level_code": "13", "accessible": null, "l_high_hn": "399", "seglocstatus": null}}, {"type": "Feature", "geometry": {"type": "MultiLineString", "coordinates": [[[-73.988986116555, 40.726787118185], [-73.986604514793, 40.725786319486]]]}, "properties": {"stname_label": "E 5 ST", "rw_type": "1", "segment_type_value": null, "l_low_hn": "301", "sandist_ind": null, "bphys_id": null, "pre_directional": "E", "rsubsect": "3B", "number_park_lanes": "2", "avgtravtime": null, "borough_indicator": null, "created_date": "2007-11-29T00:00:00.000Z", "r_zip": "10003", "r_low_hn": "300", "bike_lane": null, "nominaldir": null, "post_type": "ST", "rwjurisdiction": null, "joinid": null, "nonped": null, "l_blockfaceid": "1222606108", "pre_type": null, "post_directional": null, "collectionmethod": null, "fire_lane": null, "objectid": "93242", "globalid": "ac617cbd-5864-454f-b501-c104c72fe779", "segment_type": null, "street_name": "5", "within_bndy_dist": null, "truck_route_type": null, "b5sc": "117090", "full_street_name": "E  5 ST", "shape_length": "303.14930400451573", "streetwidth_irr": null, "status": "2", "posted_speed": "25", "carto_display_level": null, "r_high_hn": "398", "l_zip": "10003", "segmentlength": "754.12000655", "streetwidth": "34", "lsubsect": "3B", "special_disaster": null, "r_blockfaceid": "1222604575", "fcc": null, "boroughcode": "1", "to_level_code": "13", "post_modifier": null, "pre_modifier": null, "bike_trafdir": null, "continuous_parity_flag": null, "trafdir": "TF", "number_total_lanes": "3", "twisted_parity_flag": "N", "snow_priority": "H", "modified_date": "2017-03-17T10:09:05.000Z", "number_travel_lanes": "1", "physicalid": "103266", "from_level_code": "13", "accessible": null, "l_high_hn": "399", "seglocstatus": null}}, {"type": "Feature", "geometry": {"type": "MultiLineString", "coordinates": [[[-73.983091935908, 40.726674056409], [-73.982658467195, 40.72726873294]]]}, "properties": {"stname_label": "AVE A", "rw_type": "1", "segment_type_value": null, "l_low_hn": "129", "sandist_ind": null, "bphys_id": null, "pre_directional": null, "rsubsect": "4A", "number_park_lanes": "2", "avgtravtime": null, "borough_indicator": null, "created_date": "2007-11-29T00:00:00.000Z", "r_zip": "10009", "r_low_hn": "142", "bike_lane": "2", "nominaldir": null, "post_type": null, "rwjurisdiction": null, "joinid": null, "nonped": null, "l_blockfaceid": "1222604013", "pre_type": "AVE", "post_directional": null, "collectionmethod": "F", "fire_lane": null, "objectid": "3610", "globalid": "0ff725c3-4292-40cf-8fcf-1379b5dacf79", "segment_type": null, "street_name": "A", "within_bndy_dist": null, "truck_route_type": null, "b5sc": "112110", "full_street_name": "AVE A", "shape_length": "99.795226515567762", "streetwidth_irr": null, "status": "2", "posted_speed": "20", "carto_display_level": null, "r_high_hn": "144", "l_zip": "10009", "segmentlength": "247.7413223", "streetwidth": "50", "lsubsect": "4A", "special_disaster": null, "r_blockfaceid": "1222605729", "fcc": null, "boroughcode": "1", "to_level_code": "13", "post_modifier": null, "pre_modifier": null, "bike_trafdir": "TW", "continuous_parity_flag": null, "trafdir": "TW", "number_total_lanes": "4", "twisted_parity_flag": "N", "snow_priority": "C", "modified_date": "2020-08-28T20:49:50.000Z", "number_travel_lanes": "2", "physicalid": "4346", "from_level_code": "13", "accessible": null, "l_high_hn": "143", "seglocstatus": null}}, {"type": "Feature", "geometry": {"type": "MultiLineString", "coordinates": [[[-73.983537219659, 40.730015972322], [-73.983070764053, 40.730663469567]]]}, "properties": {"stname_label": "1 AVE", "rw_type": "1", "segment_type_value": null, "l_low_hn": "197", "sandist_ind": null, "bphys_id": null, "pre_directional": null, "rsubsect": "4B", "number_park_lanes": "2", "avgtravtime": null, "borough_indicator": null, "created_date": "2007-11-29T00:00:00.000Z", "r_zip": "10009", "r_low_hn": "198", "bike_lane": "1", "nominaldir": null, "post_type": "AVE", "rwjurisdiction": null, "joinid": null, "nonped": null, "l_blockfaceid": "1222605660", "pre_type": null, "post_directional": null, "collectionmethod": null, "fire_lane": null, "objectid": "2156", "globalid": "81e13fd6-68ba-41da-8b0a-714cee2670ad", "segment_type": null, "street_name": "1", "within_bndy_dist": null, "truck_route_type": "2", "b5sc": "110010", "full_street_name": "1 AVE", "shape_length": "108.36801072991003", "streetwidth_irr": null, "status": "2", "posted_speed": "25", "carto_display_level": null, "r_high_hn": "216", "l_zip": "10003", "segmentlength": "269.00517458", "streetwidth": "70", "lsubsect": "4B", "special_disaster": null, "r_blockfaceid": "1222605537", "fcc": null, "boroughcode": "1", "to_level_code": "13", "post_modifier": null, "pre_modifier": null, "bike_trafdir": "FT", "continuous_parity_flag": null, "trafdir": "FT", "number_total_lanes": "6", "twisted_parity_flag": "N", "snow_priority": "C", "modified_date": "2024-04-10T13:15:28.000Z", "number_travel_lanes": "4", "physicalid": "2584", "from_level_code": "13", "accessible": null, "l_high_hn": "217", "seglocstatus": "X"}}, {"type": "Feature", "geometry": {"type": "MultiLineString", "coordinates": [[[-73.988653021113, 40.72980238592], [-73.988663312255, 40.729843260746], [-73.988650308901, 40.729881252491], [-73.988633317481, 40.729908220757], [-73.988604145433, 40.729934278816]]]}, "properties": {"stname_label": "STUYVESANT ST", "rw_type": "1", "segment_type_value": null, "l_low_hn": null, "sandist_ind": null, "bphys_id": null, "pre_directional": null, "rsubsect": "4B", "number_park_lanes": "0", "avgtravtime": null, "borough_indicator": null, "created_date": "2007-11-29T00:00:00.000Z", "r_zip": "10003", "r_low_hn": null, "bike_lane": null, "nominaldir": null, "post_type": "ST", "rwjurisdiction": null, "joinid": null, "nonped": null, "l_blockfaceid": "1222607338", "pre_type": null, "post_directional": null, "collectionmethod": null, "fire_lane": null, "objectid": "73486", "globalid": "950457c8-7c0e-4e54-80ff-649308b0196d", "segment_type": null, "street_name": "STUYVESANT", "within_bndy_dist": null, "truck_route_type": null, "b5sc": "131790", "full_street_name": "STUYVESANT ST", "shape_length": "21.288249025136373", "streetwidth_irr": null, "status": "2", "posted_speed": "25", "carto_display_level": null, "r_high_hn": null, "l_zip": "10003", "segmentlength": "52.83147435", "streetwidth": "16", "lsubsect": "4B", "special_disaster": null, "r_blockfaceid": "1222601391", "fcc": null, "boroughcode": "1", "to_level_code": "13", "post_modifier": null, "pre_modifier": null, "bike_trafdir": null, "continuous_parity_flag": null, "trafdir": "FT", "number_total_lanes": "1", "twisted_parity_flag": "N", "snow_priority": "H", "modified_date": "2019-01-03T13:52:55.000Z", "number_travel_lanes": "1", "physicalid": "81222", "from_level_code": "13", "accessible": null, "l_high_hn": null, "seglocstatus": null}}, {"type": "Feature", "geometry": {"type": "MultiLineString", "coordinates": [[[-73.984432909078, 40.728776681471], [-73.983998633064, 40.729377927801]]]}, "properties": {"stname_label": "1 AVE", "rw_type": "1", "segment_type_value": null, "l_low_hn": "163", "sandist_ind": null, "bphys_id": null, "pre_directional": null, "rsubsect": "4B", "number_park_lanes": "2", "avgtravtime": null, "borough_indicator": null, "created_date": "2007-11-29T00:00:00.000Z", "r_zip": "10009", "r_low_hn": "164", "bike_lane": "1", "nominaldir": null, "post_type": "AVE", "rwjurisdiction": null, "joinid": null, "nonped": null, "l_blockfaceid": "1222602647", "pre_type": null, "post_directional": null, "collectionmethod": null, "fire_lane": null, "objectid": "2158", "globalid": "37784add-2a64-4a7d-8d8f-3956bc444480", "segment_type": null, "street_name": "1", "within_bndy_dist": null, "truck_route_type": "2", "b5sc": "110010", "full_street_name": "1 AVE", "shape_length": "100.68662309778074", "streetwidth_irr": null, "status": "2", "posted_speed": "25", "carto_display_level": null, "r_high_hn": "180", "l_zip": "10003", "segmentlength": "249.9431496", "streetwidth": "70", "lsubsect": "4B", "special_disaster": null, "r_blockfaceid": "1222600791", "fcc": null, "boroughcode": "1", "to_level_code": "13", "post_modifier": null, "pre_modifier": null, "bike_trafdir": "FT", "continuous_parity_flag": null, "trafdir": "FT", "number_total_lanes": "6", "twisted_parity_flag": "N", "snow_priority": "C", "modified_date": "2024-04-10T13:15:28.000Z", "number_travel_lanes": "4", "physicalid": "2586", "from_level_code": "13", "accessible": null, "l_high_hn": "177", "seglocstatus": "X"}}, {"type": "Feature", "geometry": {"type": "MultiLineString", "coordinates": [[[-73.983536302524, 40.726061027039], [-73.983091935908, 40.726674056409]]]}, "properties": {"stname_label": "AVE A", "rw_type": "1", "segment_type_value": null, "l_low_hn": "111", "sandist_ind": null, "bphys_id": null, "pre_directional": null, "rsubsect": "4A", "number_park_lanes": "2", "avgtravtime": null, "borough_indicator": null, "created_date": "2007-11-29T00:00:00.000Z", "r_zip": "10009", "r_low_hn": "0", "bike_lane": "2", "nominaldir": null, "post_type": null, "rwjurisdiction": null, "joinid": null, "nonped": null, "l_blockfaceid": "1222602808", "pre_type": "AVE", "post_directional": null, "collectionmethod": null, "fire_lane": null, "objectid": "3609", "globalid": "d2ecd161-0d24-491b-9573-d1623882137a", "segment_type": null, "street_name": "A", "within_bndy_dist": null, "truck_route_type": null, "b5sc": "112110", "full_street_name": "AVE A", "shape_length": "102.74118818772239", "streetwidth_irr": null, "status": "2", "posted_speed": "20", "carto_display_level": null, "r_high_hn": "0", "l_zip": "10009", "segmentlength": "255.054824", "streetwidth": "50", "lsubsect": "4A", "special_disaster": null, "r_blockfaceid": "1222605729", "fcc": null, "boroughcode": "1", "to_level_code": "13", "post_modifier": null, "pre_modifier": null, "bike_trafdir": "TW", "continuous_parity_flag": null, "trafdir": "TW", "number_total_lanes": "4", "twisted_parity_flag": "N", "snow_priority": "C", "modified_date": "2020-08-28T20:49:50.000Z", "number_travel_lanes": "2", "physicalid": "4345", "from_level_code": "13", "accessible": null, "l_high_hn": "127", "seglocstatus": null}}, {"type": "Feature", "geometry": {"type": "MultiLineString", "coordinates": [[[-73.988653021113, 40.72980238592], [-73.987251072684, 40.729194404774]]]}, "properties": {"stname_label": "E 9 ST", "rw_type": "1", "segment_type_value": null, "l_low_hn": "213", "sandist_ind": null, "bphys_id": null, "pre_directional": "E", "rsubsect": "4B", "number_park_lanes": "2", "avgtravtime": null, "borough_indicator": null, "created_date": "2007-11-29T00:00:00.000Z", "r_zip": "10003", "r_low_hn": "214", "bike_lane": "2", "nominaldir": null, "post_type": "ST", "rwjurisdiction": null, "joinid": null, "nonped": null, "l_blockfaceid": "1222605727", "pre_type": null, "post_directional": null, "collectionmethod": null, "fire_lane": null, "objectid": "14834", "globalid": "acc14a7a-5b9b-4bc3-981e-9533f7e24c60", "segment_type": null, "street_name": "9", "within_bndy_dist": null, "truck_route_type": null, "b5sc": "117170", "full_street_name": "E  9 ST", "shape_length": "179.81262764513863", "streetwidth_irr": null, "status": "2", "posted_speed": "25", "carto_display_level": null, "r_high_hn": "298", "l_zip": "10003", "segmentlength": "447.26378819", "streetwidth": "30", "lsubsect": "4B", "special_disaster": null, "r_blockfaceid": "1222605954", "fcc": null, "boroughcode": "1", "to_level_code": "13", "post_modifier": null, "pre_modifier": null, "bike_trafdir": "TF", "continuous_parity_flag": null, "trafdir": "TF", "number_total_lanes": "3", "twisted_parity_flag": "N", "snow_priority": "C", "modified_date": "2018-04-19T14:56:06.000Z", "number_travel_lanes": "1", "physicalid": "16643", "from_level_code": "13", "accessible": null, "l_high_hn": "299", "seglocstatus": "X"}}, {"type": "Feature", "geometry": {"type": "MultiLineString", "coordinates": [[[-73.988120327547, 40.72798498837], [-73.987672911126, 40.728603347711]]]}, "properties": {"stname_label": "2 AVE", "rw_type": "1", "segment_type_value": null, "l_low_hn": "119", "sandist_ind": null, "bphys_id": null, "pre_directional": null, "rsubsect": "4B", "number_park_lanes": "2", "avgtravtime": null, "borough_indicator": null, "created_date": "2007-11-29T00:00:00.000Z", "r_zip": "10003", "r_low_hn": "118", "bike_lane": "1", "nominaldir": null, "post_type": "AVE", "rwjurisdiction": null, "joinid": null, "nonped": null, "l_blockfaceid": "1222600742", "pre_type": null, "post_directional": null, "collectionmethod": "F", "fire_lane": null, "objectid": "1859", "globalid": "40898454-c13c-4f7c-8946-7dd6132fd649", "segment_type": null, "street_name": "2", "within_bndy_dist": null, "truck_route_type": "2", "b5sc": "110110", "full_street_name": "2 AVE", "shape_length": "103.59319221925628", "streetwidth_irr": null, "status": "2", "posted_speed": "25", "carto_display_level": null, "r_high_hn": "130", "l_zip": "10003", "segmentlength": "257.16197465", "streetwidth": "58", "lsubsect": "4B", "special_disaster": null, "r_blockfaceid": "1222605048", "fcc": null, "boroughcode": "1", "to_level_code": "13", "post_modifier": null, "pre_modifier": null, "bike_trafdir": "TF", "continuous_parity_flag": null, "trafdir": "TF", "number_total_lanes": "5", "twisted_parity_flag": "N", "snow_priority": "C", "modified_date": "2025-10-28T13:25:31.000Z", "number_travel_lanes": "3", "physicalid": "2237", "from_level_code": "13", "accessible": null, "l_high_hn": "131", "seglocstatus": null}}, {"type": "Feature", "geometry": {"type": "MultiLineString", "coordinates": [[[-73.988539258938, 40.727409861533], [-73.988120327547, 40.72798498837]]]}, "properties": {"stname_label": "2 AVE", "rw_type": "1", "segment_type_value": null, "l_low_hn": "103", "sandist_ind": null, "bphys_id": null, "pre_directional": null, "rsubsect": "3B", "number_park_lanes": "2", "avgtravtime": null, "borough_indicator": null, "created_date": "2007-11-29T00:00:00.000Z", "r_zip": "10003", "r_low_hn": "104", "bike_lane": "1", "nominaldir": null, "post_type": "AVE", "rwjurisdiction": null, "joinid": null, "nonped": null, "l_blockfaceid": "1222602706", "pre_type": null, "post_directional": null, "collectionmethod": "F", "fire_lane": null, "objectid": "1860", "globalid": "e7b6a367-6e70-4042-b837-e918add41fa1", "segment_type": null, "street_name": "2", "within_bndy_dist": null, "truck_route_type": "2", "b5sc": "110110", "full_street_name": "2 AVE", "shape_length": "96.4998574237905", "streetwidth_irr": null, "status": "2", "posted_speed": "25", "carto_display_level": null, "r_high_hn": "116", "l_zip": "10003", "segmentlength": "239.42755883", "streetwidth": "56", "lsubsect": "3B", "special_disaster": null, "r_blockfaceid": "1222605926", "fcc": null, "boroughcode": "1", "to_level_code": "13", "post_modifier": null, "pre_modifier": null, "bike_trafdir": "TF", "continuous_parity_flag": null, "trafdir": "TF", "number_total_lanes": "5", "twisted_parity_flag": "N", "snow_priority": "C", "modified_date": "2025-10-28T13:25:31.000Z", "number_travel_lanes": "3", "physicalid": "2238", "from_level_code": "13", "accessible": null, "l_high_hn": "117", "seglocstatus": null}}, {"type": "Feature", "geometry": {"type": "MultiLineString", "coordinates": [[[-73.985909891864, 40.731027323962], [-73.985754298092, 40.731241189361], [-73.985445194589, 40.731666050881]]]}, "properties": {"stname_label": "2 AVE", "rw_type": "1", "segment_type_value": null, "l_low_hn": "193", "sandist_ind": null, "bphys_id": null, "pre_directional": null, "rsubsect": "4B", "number_park_lanes": "2", "avgtravtime": null, "borough_indicator": null, "created_date": "2007-11-29T00:00:00.000Z", "r_zip": "10003", "r_low_hn": "0", "bike_lane": "2", "nominaldir": null, "post_type": "AVE", "rwjurisdiction": null, "joinid": null, "nonped": null, "l_blockfaceid": "1222604478", "pre_type": null, "post_directional": null, "collectionmethod": null, "fire_lane": null, "objectid": "115385", "globalid": "10c0b396-e526-4c33-b56c-ab46d691c8cc", "segment_type": null, "street_name": "2", "within_bndy_dist": null, "truck_route_type": "2", "b5sc": "110110", "full_street_name": "2 AVE", "shape_length": "107.14555836044381", "streetwidth_irr": null, "status": "2", "posted_speed": "25", "carto_display_level": null, "r_high_hn": "214", "l_zip": "10003", "segmentlength": "265.97037672", "streetwidth": "58", "lsubsect": "4R", "special_disaster": null, "r_blockfaceid": "1222606984", "fcc": null, "boroughcode": "1", "to_level_code": "13", "post_modifier": null, "pre_modifier": null, "bike_trafdir": "TF", "continuous_parity_flag": null, "trafdir": "TF", "number_total_lanes": "5", "twisted_parity_flag": "N", "snow_priority": "C", "modified_date": "2026-08-04T14:35:18.000Z", "number_travel_lanes": "3", "physicalid": "183055", "from_level_code": "13", "accessible": null, "l_high_hn": "209", "seglocstatus": null}}, {"type": "Feature", "geometry": {"type": "MultiLineString", "coordinates": [[[-73.988986116555, 40.726787118185], [-73.988539258938, 40.727409861533]]]}, "properties": {"stname_label": "2 AVE", "rw_type": "1", "segment_type_value": null, "l_low_hn": "87", "sandist_ind": null, "bphys_id": null, "pre_directional": null, "rsubsect": "3B", "number_park_lanes": "2", "avgtravtime": null, "borough_indicator": null, "created_date": "2007-11-29T00:00:00.000Z", "r_zip": "10003", "r_low_hn": "88", "bike_lane": "2", "nominaldir": null, "post_type": "AVE", "rwjurisdiction": null, "joinid": null, "nonped": null, "l_blockfaceid": "1222604965", "pre_type": null, "post_directional": null, "collectionmethod": null, "fire_lane": null, "objectid": "1861", "globalid": "3172ee9f-6aac-49be-a05d-7259b3795812", "segment_type": null, "street_name": "2", "within_bndy_dist": null, "truck_route_type": "2", "b5sc": "110110", "full_street_name": "2 AVE", "shape_length": "104.1271544891388", "streetwidth_irr": null, "status": "2", "posted_speed": "25", "carto_display_level": null, "r_high_hn": "102", "l_zip": "10003", "segmentlength": "258.62259451", "streetwidth": "56", "lsubsect": "3B", "special_disaster": null, "r_blockfaceid": "1222602867", "fcc": null, "boroughcode": "1", "to_level_code": "13", "post_modifier": null, "pre_modifier": null, "bike_trafdir": "TF", "continuous_parity_flag": null, "trafdir": "TF", "number_total_lanes": "5", "twisted_parity_flag": "N", "snow_priority": "C", "modified_date": "2026-08-04T14:35:18.000Z", "number_travel_lanes": "3", "physicalid": "2239", "from_level_code": "13", "accessible": null, "l_high_hn": "101", "seglocstatus": null}}, {"type": "Feature", "geometry": {"type": "MultiLineString", "coordinates": [[[-73.986375811406, 40.730387901866], [-73.985909891864, 40.731027323962]]]}, "properties": {"stname_label": "2 AVE", "rw_type": "1", "segment_type_value": null, "l_low_hn": "175", "sandist_ind": null, "bphys_id": null, "pre_directional": null, "rsubsect": "4B", "number_park_lanes": "2", "avgtravtime": null, "borough_indicator": null, "created_date": "2007-11-29T00:00:00.000Z", "r_zip": "10003", "r_low_hn": "174", "bike_lane": "2", "nominaldir": null, "post_type": "AVE", "rwjurisdiction": null, "joinid": null, "nonped": null, "l_blockfaceid": "1222604425", "pre_type": null, "post_directional": null, "collectionmethod": null, "fire_lane": null, "objectid": "1855", "globalid": "6b7c9fa3-9746-475a-9c55-fb44b5bdbf45", "segment_type": null, "street_name": "2", "within_bndy_dist": null, "truck_route_type": "2", "b5sc": "110110", "full_street_name": "2 AVE", "shape_length": "107.2999148405486", "streetwidth_irr": null, "status": "2", "posted_speed": "25", "carto_display_level": null, "r_high_hn": "190", "l_zip": "10003", "segmentlength": "266.35658732", "streetwidth": "58", "lsubsect": "4B", "special_disaster": null, "r_blockfaceid": "1222603253", "fcc": null, "boroughcode": "1", "to_level_code": "13", "post_modifier": null, "pre_modifier": null, "bike_trafdir": "TF", "continuous_parity_flag": null, "trafdir": "TF", "number_total_lanes": "5", "twisted_parity_flag": "N", "snow_priority": "C", "modified_date": "2026-08-04T14:35:18.000Z", "number_travel_lanes": "3", "physicalid": "2233", "from_level_code": "13", "accessible": null, "l_high_hn": "191", "seglocstatus": null}}, {"type": "Feature", "geometry": {"type": "MultiLineString", "coordinates": [[[-73.987251072684, 40.729194404774], [-73.986808937184, 40.729785133591]]]}, "properties": {"stname_label": "2 AVE", "rw_type": "1", "segment_type_value": null, "l_low_hn": "145", "sandist_ind": null, "bphys_id": null, "pre_directional": null, "rsubsect": "4B", "number_park_lanes": "2", "avgtravtime": null, "borough_indicator": null, "created_date": "2007-11-29T00:00:00.000Z", "r_zip": "10003", "r_low_hn": "146", "bike_lane": "2", "nominaldir": null, "post_type": "AVE", "rwjurisdiction": null, "joinid": null, "nonped": null, "l_blockfaceid": "1222601389", "pre_type": null, "post_directional": null, "collectionmethod": null, "fire_lane": null, "objectid": "1857", "globalid": "d66adb52-a2f2-47f6-a785-33e437d709c3", "segment_type": null, "street_name": "2", "within_bndy_dist": null, "truck_route_type": "2", "b5sc": "110110", "full_street_name": "2 AVE", "shape_length": "99.763325233827416", "streetwidth_irr": null, "status": "2", "posted_speed": "25", "carto_display_level": null, "r_high_hn": "158", "l_zip": "10003", "segmentlength": "247.66192523", "streetwidth": "58", "lsubsect": "4B", "special_disaster": null, "r_blockfaceid": "1222605812", "fcc": null, "boroughcode": "1", "to_level_code": "13", "post_modifier": null, "pre_modifier": null, "bike_trafdir": "TF", "continuous_parity_flag": null, "trafdir": "TF", "number_total_lanes": "5", "twisted_parity_flag": "N", "snow_priority": "C", "modified_date": "2026-08-04T14:35:18.000Z", "number_travel_lanes": "3", "physicalid": "2235", "from_level_code": "13", "accessible": null, "l_high_hn": "163", "seglocstatus": null}}, {"type": "Feature", "geometry": {"type": "MultiLineString", "coordinates": [[[-73.986808937184, 40.729785133591], [-73.986375811406, 40.730387901866]]]}, "properties": {"stname_label": "2 AVE", "rw_type": "1", "segment_type_value": null, "l_low_hn": "165", "sandist_ind": null, "bphys_id": null, "pre_directional": null, "rsubsect": "4B", "number_park_lanes": "2", "avgtravtime": null, "borough_indicator": null, "created_date": "2007-11-29T00:00:00.000Z", "r_zip": "10003", "r_low_hn": "160", "bike_lane": "2", "nominaldir": null, "post_type": "AVE", "rwjurisdiction": null, "joinid": null, "nonped": null, "l_blockfaceid": "1222604207", "pre_type": null, "post_directional": null, "collectionmethod": null, "fire_lane": null, "objectid": "1856", "globalid": "ca38b6d0-46e9-4815-b3fc-514594af8af4", "segment_type": null, "street_name": "2", "within_bndy_dist": null, "truck_route_type": "2", "b5sc": "110110", "full_street_name": "2 AVE", "shape_length": "100.82267746488677", "streetwidth_irr": null, "status": "2", "posted_speed": "25", "carto_display_level": null, "r_high_hn": "172", "l_zip": "10003", "segmentlength": "250.27526499", "streetwidth": "58", "lsubsect": "4B", "special_disaster": null, "r_blockfaceid": "1222606946", "fcc": null, "boroughcode": "1", "to_level_code": "13", "post_modifier": null, "pre_modifier": null, "bike_trafdir": "TF", "continuous_parity_flag": null, "trafdir": "TF", "number_total_lanes": "5", "twisted_parity_flag": "N", "snow_priority": "C", "modified_date": "2026-08-04T14:35:18.000Z", "number_travel_lanes": "3", "physicalid": "2234", "from_level_code": "13", "accessible": null, "l_high_hn": "173", "seglocstatus": null}}, {"type": "Feature", "geometry": {"type": "MultiLineString", "coordinates": [[[-73.98208371808, 40.723890285872], [-73.981632646256, 40.724499638404]]]}, "properties": {"stname_label": "AVE B", "rw_type": "1", "segment_type_value": null, "l_low_hn": "76", "sandist_ind": null, "bphys_id": null, "pre_directional": null, "rsubsect": "3A", "number_park_lanes": "2", "avgtravtime": null, "borough_indicator": null, "created_date": "2007-11-29T00:00:00.000Z", "r_zip": "10009", "r_low_hn": "71", "bike_lane": null, "nominaldir": null, "post_type": null, "rwjurisdiction": null, "joinid": null, "nonped": null, "l_blockfaceid": "1222602636", "pre_type": "AVE", "post_directional": null, "collectionmethod": null, "fire_lane": null, "objectid": "3322", "globalid": "9585e68d-f486-471e-a167-4fa1a8f22859", "segment_type": null, "street_name": "B", "within_bndy_dist": null, "truck_route_type": null, "b5sc": "112210", "full_street_name": "AVE B", "shape_length": "102.62871524431375", "streetwidth_irr": null, "status": "2", "posted_speed": "20", "carto_display_level": null, "r_high_hn": "91", "l_zip": "10009", "segmentlength": "254.73997008", "streetwidth": "36", "lsubsect": "3A", "special_disaster": null, "r_blockfaceid": "1222602324", "fcc": null, "boroughcode": "1", "to_level_code": "13", "post_modifier": null, "pre_modifier": null, "bike_trafdir": null, "continuous_parity_flag": null, "trafdir": "TW", "number_total_lanes": "4", "twisted_parity_flag": "N", "snow_priority": "C", "modified_date": "2020-08-28T20:49:50.000Z", "number_travel_lanes": "2", "physicalid": "3994", "from_level_code": "13", "accessible": null, "l_high_hn": "92", "seglocstatus": "X"}}, {"type": "Feature", "geometry": {"type": "MultiLineString", "coordinates": [[[-73.981632646256, 40.724499638404], [-73.981212589481, 40.725081043187]]]}, "properties": {"stname_label": "AVE B", "rw_type": "1", "segment_type_value": null, "l_low_hn": "94", "sandist_ind": null, "bphys_id": null, "pre_directional": null, "rsubsect": "3A", "number_park_lanes": "2", "avgtravtime": null, "borough_indicator": null, "created_date": "2007-11-29T00:00:00.000Z", "r_zip": "10009", "r_low_hn": "93", "bike_lane": null, "nominaldir": null, "post_type": null, "rwjurisdiction": null, "joinid": null, "nonped": null, "l_blockfaceid": "1222601079", "pre_type": "AVE", "post_directional": null, "collectionmethod": null, "fire_lane": null, "objectid": "3324", "globalid": "8034a5ac-c376-4bd1-afd7-ed1777b61bb7", "segment_type": null, "street_name": "B", "within_bndy_dist": null, "truck_route_type": null, "b5sc": "112210", "full_street_name": "AVE B", "shape_length": "97.365065000022213", "streetwidth_irr": null, "status": "2", "posted_speed": "20", "carto_display_level": null, "r_high_hn": "109", "l_zip": "10009", "segmentlength": "241.75874865", "streetwidth": "36", "lsubsect": "3A", "special_disaster": null, "r_blockfaceid": "1222606350", "fcc": null, "boroughcode": "1", "to_level_code": "13", "post_modifier": null, "pre_modifier": null, "bike_trafdir": null, "continuous_parity_flag": null, "trafdir": "TW", "number_total_lanes": "4", "twisted_parity_flag": "N", "snow_priority": "C", "modified_date": "2021-12-23T14:49:45.000Z", "number_travel_lanes": "2", "physicalid": "3996", "from_level_code": "13", "accessible": null, "l_high_hn": "108", "seglocstatus": "X"}}, {"type": "Feature", "geometry": {"type": "MultiLineString", "coordinates": [[[-73.980759040167, 40.72568585199], [-73.980187434917, 40.725448730398], [-73.980109385783, 40.725415802467], [-73.980066098847, 40.7253975406], [-73.979997869036, 40.725368755553], [-73.979887401265, 40.725322482688], [-73.979784015606, 40.725279175848], [-73.97841404782, 40.724705305296]]]}, "properties": {"stname_label": "E 8 ST", "rw_type": "1", "segment_type_value": null, "l_low_hn": "291", "sandist_ind": null, "bphys_id": null, "pre_directional": "E", "rsubsect": "4A", "number_park_lanes": "2", "avgtravtime": null, "borough_indicator": null, "created_date": "2007-11-29T00:00:00.000Z", "r_zip": "10009", "r_low_hn": "0", "bike_lane": null, "nominaldir": null, "post_type": "ST", "rwjurisdiction": null, "joinid": null, "nonped": null, "l_blockfaceid": "1222604325", "pre_type": null, "post_directional": null, "collectionmethod": null, "fire_lane": null, "objectid": "115393", "globalid": "4fc73a6b-ef5b-4054-8875-067d4039da60", "segment_type": null, "street_name": "8", "within_bndy_dist": null, "truck_route_type": null, "b5sc": "117150", "full_street_name": "E  8 ST", "shape_length": "298.14275602299551", "streetwidth_irr": null, "status": "2", "posted_speed": "20", "carto_display_level": null, "r_high_hn": "346", "l_zip": "10009", "segmentlength": "746.07187421", "streetwidth": "30", "lsubsect": "4A", "special_disaster": null, "r_blockfaceid": "1222606365", "fcc": null, "boroughcode": "1", "to_level_code": "13", "post_modifier": null, "pre_modifier": null, "bike_trafdir": null, "continuous_parity_flag": null, "trafdir": "FT", "number_total_lanes": "3", "twisted_parity_flag": "N", "snow_priority": "C", "modified_date": "2017-12-21T11:11:27.000Z", "number_travel_lanes": "1", "physicalid": "183075", "from_level_code": "13", "accessible": null, "l_high_hn": "347", "seglocstatus": null}}, {"type": "Feature", "geometry": {"type": "MultiLineString", "coordinates": [[[-73.981212589481, 40.725081043187], [-73.979483254763, 40.724352659797], [-73.979411714209, 40.724322526726], [-73.979330928042, 40.724288499132], [-73.979276302758, 40.724265490405], [-73.978859806323, 40.724090057082]]]}, "properties": {"stname_label": "E 7 ST", "rw_type": "1", "segment_type_value": null, "l_low_hn": "0", "sandist_ind": null, "bphys_id": null, "pre_directional": "E", "rsubsect": "4A", "number_park_lanes": "2", "avgtravtime": null, "borough_indicator": null, "created_date": "2007-11-29T00:00:00.000Z", "r_zip": "10009", "r_low_hn": "184", "bike_lane": null, "nominaldir": null, "post_type": "ST", "rwjurisdiction": null, "joinid": null, "nonped": null, "l_blockfaceid": "1222603773", "pre_type": null, "post_directional": null, "collectionmethod": null, "fire_lane": null, "objectid": "112850", "globalid": "55f8a62f-4a9d-4d07-8f20-daf99b00b038", "segment_type": null, "street_name": "7", "within_bndy_dist": null, "truck_route_type": null, "b5sc": "117130", "full_street_name": "E  7 ST", "shape_length": "299.64304420482773", "streetwidth_irr": null, "status": "2", "posted_speed": "20", "carto_display_level": null, "r_high_hn": "228", "l_zip": "10009", "segmentlength": "745.41430287", "streetwidth": "30", "lsubsect": "4A", "special_disaster": null, "r_blockfaceid": "1222603728", "fcc": null, "boroughcode": "1", "to_level_code": "13", "post_modifier": null, "pre_modifier": null, "bike_trafdir": null, "continuous_parity_flag": null, "trafdir": "TF", "number_total_lanes": "3", "twisted_parity_flag": "N", "snow_priority": "C", "modified_date": "2017-03-28T10:52:25.000Z", "number_travel_lanes": "1", "physicalid": "176432", "from_level_code": "13", "accessible": null, "l_high_hn": "229", "seglocstatus": null}}, {"type": "Feature", "geometry": {"type": "MultiLineString", "coordinates": [[[-73.981212589481, 40.725081043187], [-73.980759040167, 40.72568585199]]]}, "properties": {"stname_label": "AVE B", "rw_type": "1", "segment_type_value": null, "l_low_hn": "110", "sandist_ind": null, "bphys_id": null, "pre_directional": null, "rsubsect": "4A", "number_park_lanes": "2", "avgtravtime": null, "borough_indicator": null, "created_date": "2007-11-29T00:00:00.000Z", "r_zip": "10009", "r_low_hn": "111", "bike_lane": null, "nominaldir": null, "post_type": null, "rwjurisdiction": null, "joinid": null, "nonped": null, "l_blockfaceid": "1222601396", "pre_type": "AVE", "post_directional": null, "collectionmethod": null, "fire_lane": null, "objectid": "3325", "globalid": "cdf2c4a2-2943-49e9-9f95-43ecb76421e6", "segment_type": null, "street_name": "B", "within_bndy_dist": null, "truck_route_type": null, "b5sc": "112210", "full_street_name": "AVE B", "shape_length": "102.18453152647889", "streetwidth_irr": null, "status": "2", "posted_speed": "20", "carto_display_level": null, "r_high_hn": "125", "l_zip": "10009", "segmentlength": "254.95302482", "streetwidth": "36", "lsubsect": "4A", "special_disaster": null, "r_blockfaceid": "1222603774", "fcc": null, "boroughcode": "1", "to_level_code": "13", "post_modifier": null, "pre_modifier": null, "bike_trafdir": null, "continuous_parity_flag": null, "trafdir": "FT", "number_total_lanes": "4", "twisted_parity_flag": "N", "snow_priority": "C", "modified_date": "2026-07-29T09:46:40.000Z", "number_travel_lanes": "2", "physicalid": "3997", "from_level_code": "13", "accessible": null, "l_high_hn": "124", "seglocstatus": "X"}}, {"type": "Feature", "geometry": {"type": "MultiLineString", "coordinates": [[[-73.980334275552, 40.726288579008], [-73.980170977819, 40.726512741593], [-73.979907795458, 40.726874015859]]]}, "properties": {"stname_label": "AVE B", "rw_type": "1", "segment_type_value": null, "l_low_hn": "140", "sandist_ind": null, "bphys_id": null, "pre_directional": null, "rsubsect": "4Q", "number_park_lanes": "2", "avgtravtime": null, "borough_indicator": null, "created_date": "2007-11-29T00:00:00.000Z", "r_zip": "10009", "r_low_hn": "141", "bike_lane": null, "nominaldir": null, "post_type": null, "rwjurisdiction": null, "joinid": null, "nonped": null, "l_blockfaceid": "1222601396", "pre_type": "AVE", "post_directional": null, "collectionmethod": null, "fire_lane": null, "objectid": "114913", "globalid": "2ff03eea-c55c-4189-8dcf-e06b274a4e1e", "segment_type": null, "street_name": "B", "within_bndy_dist": null, "truck_route_type": null, "b5sc": "112210", "full_street_name": "AVE B", "shape_length": "98.230583541442741", "streetwidth_irr": null, "status": "2", "posted_speed": "20", "carto_display_level": null, "r_high_hn": "157", "l_zip": "10009", "segmentlength": "243.85834198", "streetwidth": "36", "lsubsect": "4A", "special_disaster": null, "r_blockfaceid": "1222603700", "fcc": null, "boroughcode": "1", "to_level_code": "13", "post_modifier": null, "pre_modifier": null, "bike_trafdir": null, "continuous_parity_flag": null, "trafdir": "FT", "number_total_lanes": "4", "twisted_parity_flag": "N", "snow_priority": "C", "modified_date": "2026-07-29T09:46:40.000Z", "number_travel_lanes": "2", "physicalid": "181503", "from_level_code": "13", "accessible": null, "l_high_hn": "156", "seglocstatus": "X"}}, {"type": "Feature", "geometry": {"type": "MultiLineString", "coordinates": [[[-73.980759040167, 40.72568585199], [-73.98060897638, 40.725898789283], [-73.980529390244, 40.72601171884], [-73.980334275552, 40.726288579008]]]}, "properties": {"stname_label": "AVE B", "rw_type": "1", "segment_type_value": null, "l_low_hn": "0", "sandist_ind": null, "bphys_id": null, "pre_directional": null, "rsubsect": "4A", "number_park_lanes": "2", "avgtravtime": null, "borough_indicator": null, "created_date": "2007-11-29T00:00:00.000Z", "r_zip": "10009", "r_low_hn": "127", "bike_lane": null, "nominaldir": null, "post_type": null, "rwjurisdiction": null, "joinid": null, "nonped": null, "l_blockfaceid": "1222601396", "pre_type": "AVE", "post_directional": null, "collectionmethod": null, "fire_lane": null, "objectid": "115456", "globalid": "d3ab5f42-7b19-4fd3-ad01-d7b3a57fbf74", "segment_type": null, "street_name": "B", "within_bndy_dist": null, "truck_route_type": null, "b5sc": "112210", "full_street_name": "AVE B", "shape_length": "100.37074126452374", "streetwidth_irr": null, "status": "2", "posted_speed": "20", "carto_display_level": null, "r_high_hn": "139", "l_zip": "10009", "segmentlength": "247.85489004", "streetwidth": "36", "lsubsect": "4A", "special_disaster": null, "r_blockfaceid": "1222604324", "fcc": null, "boroughcode": "1", "to_level_code": "13", "post_modifier": null, "pre_modifier": null, "bike_trafdir": null, "continuous_parity_flag": null, "trafdir": "FT", "number_total_lanes": "4", "twisted_parity_flag": "N", "snow_priority": "C", "modified_date": "2026-07-29T09:46:40.000Z", "number_travel_lanes": "2", "physicalid": "183390", "from_level_code": "13", "accessible": null, "l_high_hn": "138", "seglocstatus": "X"}}, {"type": "Feature", "geometry": {"type": "MultiLineString", "coordinates": [[[-73.978859806323, 40.724090057082], [-73.97841404782, 40.724705305296]]]}, "properties": {"stname_label": "AVE C", "rw_type": "1", "segment_type_value": null, "l_low_hn": "107", "sandist_ind": null, "bphys_id": null, "pre_directional": null, "rsubsect": "4A", "number_park_lanes": "2", "avgtravtime": null, "borough_indicator": null, "created_date": "2007-11-29T00:00:00.000Z", "r_zip": "10009", "r_low_hn": "106", "bike_lane": "2", "nominaldir": null, "post_type": null, "rwjurisdiction": null, "joinid": null, "nonped": null, "l_blockfaceid": "1222603772", "pre_type": "AVE", "post_directional": null, "collectionmethod": null, "fire_lane": null, "objectid": "1733", "globalid": "cfd0d0af-fd5e-48ea-8401-f7f510e0bda2", "segment_type": null, "street_name": "C", "within_bndy_dist": null, "truck_route_type": null, "b5sc": "112310", "full_street_name": "AVE C", "shape_length": "103.09911188802897", "streetwidth_irr": null, "status": "2", "posted_speed": "20", "carto_display_level": null, "r_high_hn": "124", "l_zip": "10009", "segmentlength": "254.43535892", "streetwidth": "44", "lsubsect": "4A", "special_disaster": null, "r_blockfaceid": "1222603744", "fcc": null, "boroughcode": "1", "to_level_code": "13", "post_modifier": null, "pre_modifier": null, "bike_trafdir": "TW", "continuous_parity_flag": null, "trafdir": "TW", "number_total_lanes": "4", "twisted_parity_flag": "N", "snow_priority": "C", "modified_date": "2026-08-04T14:35:18.000Z", "number_travel_lanes": "2", "physicalid": "2096", "from_level_code": "13", "accessible": null, "l_high_hn": "125", "seglocstatus": null}}, {"type": "Feature", "geometry": {"type": "MultiLineString", "coordinates": [[[-73.987045287069, 40.725199543942], [-73.984845270305, 40.724263200407]]]}, "properties": {"stname_label": "E 4 ST", "rw_type": "1", "segment_type_value": null, "l_low_hn": "141", "sandist_ind": null, "bphys_id": null, "pre_directional": "E", "rsubsect": "3B", "number_park_lanes": "2", "avgtravtime": null, "borough_indicator": null, "created_date": "2007-11-29T00:00:00.000Z", "r_zip": "10009", "r_low_hn": "140", "bike_lane": "3", "nominaldir": null, "post_type": "ST", "rwjurisdiction": null, "joinid": null, "nonped": null, "l_blockfaceid": "1222606676", "pre_type": null, "post_directional": null, "collectionmethod": null, "fire_lane": null, "objectid": "3590", "globalid": "ace5f6b7-84cf-4b55-b177-adc1e8820d0f", "segment_type": null, "street_name": "4", "within_bndy_dist": null, "truck_route_type": null, "b5sc": "117070", "full_street_name": "E  4 ST", "shape_length": "280.88242636191131", "streetwidth_irr": null, "status": "2", "posted_speed": "20", "carto_display_level": null, "r_high_hn": "188", "l_zip": "10009", "segmentlength": "698.25205951", "streetwidth": "50", "lsubsect": "3B", "special_disaster": null, "r_blockfaceid": "1222603016", "fcc": null, "boroughcode": "1", "to_level_code": "13", "post_modifier": null, "pre_modifier": null, "bike_trafdir": "FT", "continuous_parity_flag": null, "trafdir": "FT", "number_total_lanes": "3", "twisted_parity_flag": "N", "snow_priority": "C", "modified_date": "2020-04-14T12:52:57.000Z", "number_travel_lanes": "1", "physicalid": "4322", "from_level_code": "13", "accessible": null, "l_high_hn": "183", "seglocstatus": null}}, {"type": "Feature", "geometry": {"type": "MultiLineString", "coordinates": [[[-73.984404383879, 40.724871178987], [-73.98395916965, 40.725481014605]]]}, "properties": {"stname_label": "AVE A", "rw_type": "1", "segment_type_value": null, "l_low_hn": "77", "sandist_ind": null, "bphys_id": null, "pre_directional": null, "rsubsect": "3A", "number_park_lanes": "2", "avgtravtime": null, "borough_indicator": null, "created_date": "2007-11-29T00:00:00.000Z", "r_zip": "10009", "r_low_hn": "74", "bike_lane": "2", "nominaldir": null, "post_type": null, "rwjurisdiction": null, "joinid": null, "nonped": null, "l_blockfaceid": "1222604891", "pre_type": "AVE", "post_directional": null, "collectionmethod": null, "fire_lane": null, "objectid": "3607", "globalid": "39084fa1-ca8f-4feb-9186-ef71e6cf8427", "segment_type": null, "street_name": "A", "within_bndy_dist": null, "truck_route_type": null, "b5sc": "112110", "full_street_name": "AVE A", "shape_length": "102.3744996545024", "streetwidth_irr": null, "status": "2", "posted_speed": "20", "carto_display_level": null, "r_high_hn": "92", "l_zip": "10009", "segmentlength": "254.15169096", "streetwidth": "50", "lsubsect": "3A", "special_disaster": null, "r_blockfaceid": "1222606947", "fcc": null, "boroughcode": "1", "to_level_code": "13", "post_modifier": null, "pre_modifier": null, "bike_trafdir": "TW", "continuous_parity_flag": null, "trafdir": "TW", "number_total_lanes": "4", "twisted_parity_flag": "N", "snow_priority": "C", "modified_date": "2020-08-28T20:49:50.000Z", "number_travel_lanes": "2", "physicalid": "4343", "from_level_code": "13", "accessible": null, "l_high_hn": "93", "seglocstatus": null}}, {"type": "Feature", "geometry": {"type": "MultiLineString", "coordinates": [[[-73.984404383879, 40.724871178987], [-73.98208371808, 40.723890285872]]]}, "properties": {"stname_label": "E 5 ST", "rw_type": "1", "segment_type_value": null, "l_low_hn": "501", "sandist_ind": null, "bphys_id": null, "pre_directional": "E", "rsubsect": "3A", "number_park_lanes": "2", "avgtravtime": null, "borough_indicator": null, "created_date": "2007-11-29T00:00:00.000Z", "r_zip": "10009", "r_low_hn": "500", "bike_lane": null, "nominaldir": null, "post_type": "ST", "rwjurisdiction": null, "joinid": null, "nonped": null, "l_blockfaceid": "1222606049", "pre_type": null, "post_directional": null, "collectionmethod": null, "fire_lane": null, "objectid": "90062", "globalid": "8e9b2b30-ded2-488d-a98f-988720191807", "segment_type": null, "street_name": "5", "within_bndy_dist": null, "truck_route_type": null, "b5sc": "117090", "full_street_name": "E  5 ST", "shape_length": "295.79788401257565", "streetwidth_irr": null, "status": "2", "posted_speed": "20", "carto_display_level": null, "r_high_hn": "598", "l_zip": "10009", "segmentlength": "735.8476278", "streetwidth": "35", "lsubsect": "3A", "special_disaster": null, "r_blockfaceid": "1222606578", "fcc": null, "boroughcode": "1", "to_level_code": "13", "post_modifier": null, "pre_modifier": null, "bike_trafdir": null, "continuous_parity_flag": null, "trafdir": "TF", "number_total_lanes": "3", "twisted_parity_flag": "N", "snow_priority": "S", "modified_date": "2017-03-17T09:40:08.000Z", "number_travel_lanes": "1", "physicalid": "99649", "from_level_code": "13", "accessible": null, "l_high_hn": "599", "seglocstatus": null}}, {"type": "Feature", "geometry": {"type": "MultiLineString", "coordinates": [[[-73.987492342793, 40.724582005753], [-73.987045287069, 40.725199543942]]]}, "properties": {"stname_label": "1 AVE", "rw_type": "1", "segment_type_value": null, "l_low_hn": "49", "sandist_ind": null, "bphys_id": null, "pre_directional": null, "rsubsect": "3B", "number_park_lanes": "2", "avgtravtime": null, "borough_indicator": null, "created_date": "2007-11-29T00:00:00.000Z", "r_zip": "10009", "r_low_hn": "50", "bike_lane": "1", "nominaldir": null, "post_type": "AVE", "rwjurisdiction": null, "joinid": null, "nonped": null, "l_blockfaceid": "1222603381", "pre_type": null, "post_directional": null, "collectionmethod": "F", "fire_lane": null, "objectid": "2165", "globalid": "955217f9-46f1-4566-be3f-477dd30173bc", "segment_type": null, "street_name": "1", "within_bndy_dist": null, "truck_route_type": "2", "b5sc": "110010", "full_street_name": "1 AVE", "shape_length": "103.4640551483492", "streetwidth_irr": null, "status": "2", "posted_speed": "25", "carto_display_level": null, "r_high_hn": "68", "l_zip": "10003", "segmentlength": "256.85452536", "streetwidth": "70", "lsubsect": "3B", "special_disaster": null, "r_blockfaceid": "1222606144", "fcc": null, "boroughcode": "1", "to_level_code": "13", "post_modifier": null, "pre_modifier": null, "bike_trafdir": "FT", "continuous_parity_flag": null, "trafdir": "FT", "number_total_lanes": "6", "twisted_parity_flag": "N", "snow_priority": "C", "modified_date": "2024-04-10T13:15:28.000Z", "number_travel_lanes": "4", "physicalid": "2593", "from_level_code": "13", "accessible": null, "l_high_hn": "63", "seglocstatus": "X"}}, {"type": "Feature", "geometry": {"type": "MultiLineString", "coordinates": [[[-73.987492342793, 40.724582005753], [-73.986836691984, 40.724307093005], [-73.986704452269, 40.724251644723], [-73.986606126712, 40.724210416893], [-73.986475953123, 40.724155834701], [-73.986297652798, 40.724081071735], [-73.98620067459, 40.724040408116], [-73.986126698973, 40.724009389524], [-73.986048076301, 40.723976421986], [-73.985900282849, 40.723914449914], [-73.985741385143, 40.723847821547], [-73.985287140211, 40.723657345795]]]}, "properties": {"stname_label": "E 3 ST", "rw_type": "1", "segment_type_value": null, "l_low_hn": "101", "sandist_ind": null, "bphys_id": null, "pre_directional": "E", "rsubsect": "3B", "number_park_lanes": "2", "avgtravtime": null, "borough_indicator": null, "created_date": "2009-06-16T00:00:00.000Z", "r_zip": "10009", "r_low_hn": "100", "bike_lane": "2", "nominaldir": null, "post_type": "ST", "rwjurisdiction": null, "joinid": null, "nonped": null, "l_blockfaceid": "1222603018", "pre_type": null, "post_directional": null, "collectionmethod": null, "fire_lane": null, "objectid": "14872", "globalid": "181bed91-069b-460e-a419-be1c4b0a9729", "segment_type": null, "street_name": "3", "within_bndy_dist": null, "truck_route_type": null, "b5sc": "117050", "full_street_name": "E  3 ST", "shape_length": "280.5504542761737", "streetwidth_irr": null, "status": "2", "posted_speed": "20", "carto_display_level": null, "r_high_hn": "148", "l_zip": "10009", "segmentlength": "143.76645132", "streetwidth": "32", "lsubsect": "3B", "special_disaster": null, "r_blockfaceid": "1222602208", "fcc": null, "boroughcode": "1", "to_level_code": "13", "post_modifier": null, "pre_modifier": null, "bike_trafdir": "TF", "continuous_parity_flag": null, "trafdir": "TF", "number_total_lanes": "3", "twisted_parity_flag": "N", "snow_priority": "C", "modified_date": "2020-04-14T15:21:37.000Z", "number_travel_lanes": "1", "physicalid": "16689", "from_level_code": "13", "accessible": null, "l_high_hn": "149", "seglocstatus": "X"}}, {"type": "Feature", "geometry": {"type": "MultiLineString", "coordinates": [[[-73.98395916965, 40.725481014605], [-73.981632646256, 40.724499638404]]]}, "properties": {"stname_label": "E 6 ST", "rw_type": "1", "segment_type_value": null, "l_low_hn": "501", "sandist_ind": null, "bphys_id": null, "pre_directional": "E", "rsubsect": "3A", "number_park_lanes": "2", "avgtravtime": null, "borough_indicator": null, "created_date": "2007-11-29T00:00:00.000Z", "r_zip": "10009", "r_low_hn": "500", "bike_lane": null, "nominaldir": null, "post_type": "ST", "rwjurisdiction": null, "joinid": null, "nonped": null, "l_blockfaceid": "1222605650", "pre_type": null, "post_directional": null, "collectionmethod": null, "fire_lane": null, "objectid": "2874", "globalid": "fc36f45a-e66b-4a81-a4ec-33644bd06b74", "segment_type": null, "street_name": "6", "within_bndy_dist": null, "truck_route_type": null, "b5sc": "117110", "full_street_name": "E  6 ST", "shape_length": "296.40268112591042", "streetwidth_irr": null, "status": "2", "posted_speed": "20", "carto_display_level": null, "r_high_hn": "598", "l_zip": "10009", "segmentlength": "735.69759143", "streetwidth": "30", "lsubsect": "3A", "special_disaster": null, "r_blockfaceid": "1222602637", "fcc": null, "boroughcode": "1", "to_level_code": "13", "post_modifier": null, "pre_modifier": null, "bike_trafdir": null, "continuous_parity_flag": null, "trafdir": "FT", "number_total_lanes": "3", "twisted_parity_flag": "N", "snow_priority": "S", "modified_date": "2017-06-28T09:23:43.000Z", "number_travel_lanes": "1", "physicalid": "3472", "from_level_code": "13", "accessible": null, "l_high_hn": "599", "seglocstatus": null}}, {"type": "Feature", "geometry": {"type": "MultiLineString", "coordinates": [[[-73.987971865456, 40.723923127258], [-73.987492342793, 40.724582005753]]]}, "properties": {"stname_label": "1 AVE", "rw_type": "1", "segment_type_value": null, "l_low_hn": "33", "sandist_ind": null, "bphys_id": null, "pre_directional": null, "rsubsect": "3B", "number_park_lanes": "2", "avgtravtime": null, "borough_indicator": null, "created_date": "2007-11-29T00:00:00.000Z", "r_zip": "10009", "r_low_hn": "32", "bike_lane": "1", "nominaldir": null, "post_type": "AVE", "rwjurisdiction": null, "joinid": null, "nonped": null, "l_blockfaceid": "1222601097", "pre_type": null, "post_directional": null, "collectionmethod": null, "fire_lane": null, "objectid": "2166", "globalid": "b697dd13-6bea-45a8-8207-86bee356c6e4", "segment_type": null, "street_name": "1", "within_bndy_dist": null, "truck_route_type": "2", "b5sc": "110010", "full_street_name": "1 AVE", "shape_length": "110.52575848543992", "streetwidth_irr": null, "status": "2", "posted_speed": "25", "carto_display_level": null, "r_high_hn": "44", "l_zip": "10003", "segmentlength": "274.39025275", "streetwidth": "70", "lsubsect": "3B", "special_disaster": null, "r_blockfaceid": "1222602207", "fcc": null, "boroughcode": "1", "to_level_code": "13", "post_modifier": null, "pre_modifier": null, "bike_trafdir": "FT", "continuous_parity_flag": null, "trafdir": "FT", "number_total_lanes": "6", "twisted_parity_flag": "N", "snow_priority": "C", "modified_date": "2024-04-10T13:15:28.000Z", "number_travel_lanes": "4", "physicalid": "2594", "from_level_code": "13", "accessible": null, "l_high_hn": "47", "seglocstatus": "X"}}, {"type": "Feature", "geometry": {"type": "MultiLineString", "coordinates": [[[-73.984845270305, 40.724263200407], [-73.984404383879, 40.724871178987]]]}, "properties": {"stname_label": "AVE A", "rw_type": "1", "segment_type_value": null, "l_low_hn": "59", "sandist_ind": null, "bphys_id": null, "pre_directional": null, "rsubsect": "3A", "number_park_lanes": "2", "avgtravtime": null, "borough_indicator": null, "created_date": "2007-11-29T00:00:00.000Z", "r_zip": "10009", "r_low_hn": "58", "bike_lane": "6", "nominaldir": null, "post_type": null, "rwjurisdiction": null, "joinid": null, "nonped": null, "l_blockfaceid": "1222604891", "pre_type": "AVE", "post_directional": null, "collectionmethod": null, "fire_lane": null, "objectid": "3605", "globalid": "7919cfd2-b862-45bf-8e1c-0bec4cf12058", "segment_type": null, "street_name": "A", "within_bndy_dist": null, "truck_route_type": null, "b5sc": "112110", "full_street_name": "AVE A", "shape_length": "101.90228080220201", "streetwidth_irr": null, "status": "2", "posted_speed": "20", "carto_display_level": null, "r_high_hn": "72", "l_zip": "10009", "segmentlength": "247.62399215", "streetwidth": "50", "lsubsect": "3A", "special_disaster": null, "r_blockfaceid": "1222604538", "fcc": null, "boroughcode": "1", "to_level_code": "13", "post_modifier": null, "pre_modifier": null, "bike_trafdir": "TW", "continuous_parity_flag": null, "trafdir": "TW", "number_total_lanes": "4", "twisted_parity_flag": "N", "snow_priority": "C", "modified_date": "2023-09-26T09:29:58.000Z", "number_travel_lanes": "2", "physicalid": "4341", "from_level_code": "13", "accessible": null, "l_high_hn": "75", "seglocstatus": null}}, {"type": "Feature", "geometry": {"type": "MultiLineString", "coordinates": [[[-73.985287140211, 40.723657345795], [-73.984845270305, 40.724263200407]]]}, "properties": {"stname_label": "AVE A", "rw_type": "1", "segment_type_value": null, "l_low_hn": "43", "sandist_ind": null, "bphys_id": null, "pre_directional": null, "rsubsect": "3A", "number_park_lanes": "2", "avgtravtime": null, "borough_indicator": null, "created_date": "2007-11-29T00:00:00.000Z", "r_zip": "10009", "r_low_hn": "42", "bike_lane": "6", "nominaldir": null, "post_type": null, "rwjurisdiction": null, "joinid": null, "nonped": null, "l_blockfaceid": "1222603017", "pre_type": "AVE", "post_directional": null, "collectionmethod": "F", "fire_lane": null, "objectid": "3606", "globalid": "358c8af5-3258-445c-9abb-a88d9db19841", "segment_type": null, "street_name": "A", "within_bndy_dist": null, "truck_route_type": null, "b5sc": "112110", "full_street_name": "AVE A", "shape_length": "101.68118250059342", "streetwidth_irr": null, "status": "2", "posted_speed": "20", "carto_display_level": null, "r_high_hn": "56", "l_zip": "10009", "segmentlength": "257.78970078", "streetwidth": "50", "lsubsect": "3A", "special_disaster": null, "r_blockfaceid": "1222605882", "fcc": null, "boroughcode": "1", "to_level_code": "13", "post_modifier": null, "pre_modifier": null, "bike_trafdir": "TW", "continuous_parity_flag": null, "trafdir": "TW", "number_total_lanes": "4", "twisted_parity_flag": "N", "snow_priority": "C", "modified_date": "2025-10-28T13:25:31.000Z", "number_travel_lanes": "2", "physicalid": "4342", "from_level_code": "13", "accessible": null, "l_high_hn": "57", "seglocstatus": null}}, {"type": "Feature", "geometry": {"type": "MultiLineString", "coordinates": [[[-73.979470423928, 40.727475920534], [-73.978999913483, 40.728113989985]]]}, "properties": {"stname_label": "AVE B", "rw_type": "1", "segment_type_value": null, "l_low_hn": "176", "sandist_ind": null, "bphys_id": null, "pre_directional": null, "rsubsect": "4A", "number_park_lanes": "2", "avgtravtime": null, "borough_indicator": null, "created_date": "2007-11-29T00:00:00.000Z", "r_zip": "10009", "r_low_hn": "175", "bike_lane": null, "nominaldir": null, "post_type": null, "rwjurisdiction": null, "joinid": null, "nonped": null, "l_blockfaceid": "1222601187", "pre_type": "AVE", "post_directional": null, "collectionmethod": null, "fire_lane": null, "objectid": "3327", "globalid": "2c171c47-f3c5-4607-b2ab-ba1c94c18bac", "segment_type": null, "street_name": "B", "within_bndy_dist": null, "truck_route_type": null, "b5sc": "112210", "full_street_name": "AVE B", "shape_length": "107.37079043202458", "streetwidth_irr": null, "status": "2", "posted_speed": "20", "carto_display_level": null, "r_high_hn": "193", "l_zip": "10009", "segmentlength": "266.5486989", "streetwidth": "32", "lsubsect": "4A", "special_disaster": null, "r_blockfaceid": "1222602465", "fcc": null, "boroughcode": "1", "to_level_code": "13", "post_modifier": null, "pre_modifier": null, "bike_trafdir": null, "continuous_parity_flag": null, "trafdir": "TW", "number_total_lanes": "4", "twisted_parity_flag": "N", "snow_priority": "C", "modified_date": "2020-08-28T20:49:50.000Z", "number_travel_lanes": "2", "physicalid": "4001", "from_level_code": "13", "accessible": null, "l_high_hn": "194", "seglocstatus": "X"}}, {"type": "Feature", "geometry": {"type": "MultiLineString", "coordinates": [[[-73.981326008061, 40.729094000366], [-73.978999913483, 40.728113989985]]]}, "properties": {"stname_label": "E 12 ST", "rw_type": "1", "segment_type_value": null, "l_low_hn": "501", "sandist_ind": null, "bphys_id": null, "pre_directional": "E", "rsubsect": "4A", "number_park_lanes": "2", "avgtravtime": null, "borough_indicator": null, "created_date": "2007-11-29T00:00:00.000Z", "r_zip": "10009", "r_low_hn": "500", "bike_lane": "1", "nominaldir": null, "post_type": "ST", "rwjurisdiction": null, "joinid": null, "nonped": null, "l_blockfaceid": "1222603045", "pre_type": null, "post_directional": null, "collectionmethod": null, "fire_lane": null, "objectid": "3627", "globalid": "2280d340-d844-4d50-93c9-873ab67adb1d", "segment_type": null, "street_name": "12", "within_bndy_dist": null, "truck_route_type": null, "b5sc": "117230", "full_street_name": "E  12 ST", "shape_length": "296.26723704499557", "streetwidth_irr": null, "status": "2", "posted_speed": "20", "carto_display_level": null, "r_high_hn": "598", "l_zip": "10009", "segmentlength": "736.97177179", "streetwidth": "30", "lsubsect": "4A", "special_disaster": null, "r_blockfaceid": "1222601186", "fcc": null, "boroughcode": "1", "to_level_code": "13", "post_modifier": null, "pre_modifier": null, "bike_trafdir": "FT", "continuous_parity_flag": null, "trafdir": "FT", "number_total_lanes": "3", "twisted_parity_flag": "N", "snow_priority": "C", "modified_date": "2020-04-14T12:33:35.000Z", "number_travel_lanes": "1", "physicalid": "4365", "from_level_code": "13", "accessible": null, "l_high_hn": "599", "seglocstatus": null}}, {"type": "Feature", "geometry": {"type": "MultiLineString", "coordinates": [[[-73.979922393722, 40.730270449238], [-73.979732861171, 40.730321407117]]]}, "properties": {"stname_label": "CONNECTOR", "rw_type": "1", "segment_type_value": null, "l_low_hn": null, "sandist_ind": null, "bphys_id": null, "pre_directional": null, "rsubsect": null, "number_park_lanes": null, "avgtravtime": null, "borough_indicator": null, "created_date": "2020-01-03T13:54:22.000Z", "r_zip": "10009", "r_low_hn": null, "bike_lane": null, "nominaldir": null, "post_type": null, "rwjurisdiction": null, "joinid": null, "nonped": null, "l_blockfaceid": null, "pre_type": null, "post_directional": null, "collectionmethod": null, "fire_lane": null, "objectid": "116984", "globalid": "3503deed-1e58-4a76-8a92-6c8382fb51e8", "segment_type": null, "street_name": "CONNECTOR", "within_bndy_dist": null, "truck_route_type": null, "b5sc": "110025", "full_street_name": "CONNECTOR", "shape_length": "22.3872701720214", "streetwidth_irr": null, "status": "2", "posted_speed": null, "carto_display_level": null, "r_high_hn": null, "l_zip": "10009", "segmentlength": "55.7141318", "streetwidth": null, "lsubsect": null, "special_disaster": null, "r_blockfaceid": null, "fcc": null, "boroughcode": "1", "to_level_code": "13", "post_modifier": null, "pre_modifier": null, "bike_trafdir": null, "continuous_parity_flag": null, "trafdir": "TF", "number_total_lanes": null, "twisted_parity_flag": "N", "snow_priority": "H", "modified_date": "2021-10-14T10:57:12.000Z", "number_travel_lanes": null, "physicalid": "187749", "from_level_code": "13", "accessible": null, "l_high_hn": null, "seglocstatus": null}}, {"type": "Feature", "geometry": {"type": "MultiLineString", "coordinates": [[[-73.981790715787, 40.728453983806], [-73.979470423928, 40.727475920534]]]}, "properties": {"stname_label": "E 11 ST", "rw_type": "1", "segment_type_value": null, "l_low_hn": "501", "sandist_ind": null, "bphys_id": null, "pre_directional": "E", "rsubsect": "4A", "number_park_lanes": "2", "avgtravtime": null, "borough_indicator": null, "created_date": "2007-11-29T00:00:00.000Z", "r_zip": "10009", "r_low_hn": "500", "bike_lane": null, "nominaldir": null, "post_type": "ST", "rwjurisdiction": null, "joinid": null, "nonped": null, "l_blockfaceid": "1222601188", "pre_type": null, "post_directional": null, "collectionmethod": "F", "fire_lane": null, "objectid": "3334", "globalid": "58a32a68-4070-47c3-99b1-a31236e7aa99", "segment_type": null, "street_name": "11", "within_bndy_dist": null, "truck_route_type": null, "b5sc": "117210", "full_street_name": "E  11 ST", "shape_length": "295.56302072112231", "streetwidth_irr": null, "status": "2", "posted_speed": "20", "carto_display_level": null, "r_high_hn": "598", "l_zip": "10009", "segmentlength": "735.22650692", "streetwidth": "30", "lsubsect": "4A", "special_disaster": null, "r_blockfaceid": "1222601741", "fcc": null, "boroughcode": "1", "to_level_code": "13", "post_modifier": null, "pre_modifier": null, "bike_trafdir": null, "continuous_parity_flag": null, "trafdir": "TF", "number_total_lanes": "3", "twisted_parity_flag": "N", "snow_priority": "S", "modified_date": "2017-03-17T09:23:34.000Z", "number_travel_lanes": "1", "physicalid": "4010", "from_level_code": "13", "accessible": null, "l_high_hn": "599", "seglocstatus": null}}, {"type": "Feature", "geometry": {"type": "MultiLineString", "coordinates": [[[-73.981326008061, 40.729094000366], [-73.980855607322, 40.729731798845]]]}, "properties": {"stname_label": "AVE A", "rw_type": "1", "segment_type_value": null, "l_low_hn": "195", "sandist_ind": null, "bphys_id": null, "pre_directional": null, "rsubsect": "4A", "number_park_lanes": "2", "avgtravtime": null, "borough_indicator": null, "created_date": "2007-11-29T00:00:00.000Z", "r_zip": "10009", "r_low_hn": "192", "bike_lane": "2", "nominaldir": null, "post_type": null, "rwjurisdiction": null, "joinid": null, "nonped": null, "l_blockfaceid": "1222600629", "pre_type": "AVE", "post_directional": null, "collectionmethod": null, "fire_lane": null, "objectid": "3614", "globalid": "67fa003a-efc6-40f8-9df4-d5d49ed61646", "segment_type": null, "street_name": "A", "within_bndy_dist": null, "truck_route_type": null, "b5sc": "112110", "full_street_name": "AVE A", "shape_length": "107.33207483013719", "streetwidth_irr": null, "status": "2", "posted_speed": "20", "carto_display_level": null, "r_high_hn": "208", "l_zip": "10009", "segmentlength": "266.45478275", "streetwidth": "50", "lsubsect": "4A", "special_disaster": null, "r_blockfaceid": "1222606153", "fcc": null, "boroughcode": "1", "to_level_code": "13", "post_modifier": null, "pre_modifier": null, "bike_trafdir": "TW", "continuous_parity_flag": null, "trafdir": "TW", "number_total_lanes": "4", "twisted_parity_flag": "N", "snow_priority": "C", "modified_date": "2020-08-28T20:49:50.000Z", "number_travel_lanes": "2", "physicalid": "4350", "from_level_code": "13", "accessible": null, "l_high_hn": "209", "seglocstatus": null}}, {"type": "Feature", "geometry": {"type": "MultiLineString", "coordinates": [[[-73.980855607322, 40.729731798845], [-73.980415891804, 40.729546453368], [-73.980313454518, 40.729503264794], [-73.978537122416, 40.728754328884]]]}, "properties": {"stname_label": "E 13 ST", "rw_type": "1", "segment_type_value": null, "l_low_hn": "0", "sandist_ind": null, "bphys_id": null, "pre_directional": "E", "rsubsect": "4A", "number_park_lanes": "2", "avgtravtime": null, "borough_indicator": null, "created_date": "2007-11-29T00:00:00.000Z", "r_zip": "10009", "r_low_hn": "500", "bike_lane": "1", "nominaldir": null, "post_type": "ST", "rwjurisdiction": null, "joinid": null, "nonped": null, "l_blockfaceid": "1222603444", "pre_type": null, "post_directional": null, "collectionmethod": null, "fire_lane": null, "objectid": "111328", "globalid": "dabd71bf-5d79-4cce-85b1-6459bdb09948", "segment_type": null, "street_name": "13", "within_bndy_dist": null, "truck_route_type": null, "b5sc": "117250", "full_street_name": "E  13 ST", "shape_length": "295.34621187052244", "streetwidth_irr": null, "status": "2", "posted_speed": "20", "carto_display_level": null, "r_high_hn": "598", "l_zip": "10009", "segmentlength": "736.07224926", "streetwidth": "30", "lsubsect": "4A", "special_disaster": null, "r_blockfaceid": "1222603047", "fcc": null, "boroughcode": "1", "to_level_code": "13", "post_modifier": null, "pre_modifier": null, "bike_trafdir": "TF", "continuous_parity_flag": null, "trafdir": "TF", "number_total_lanes": "3", "twisted_parity_flag": "N", "snow_priority": "S", "modified_date": "2020-04-14T15:31:47.000Z", "number_travel_lanes": "1", "physicalid": "172327", "from_level_code": "13", "accessible": null, "l_high_hn": "599", "seglocstatus": null}}, {"type": "Feature", "geometry": {"type": "MultiLineString", "coordinates": [[[-73.979732861171, 40.730321407117], [-73.979185541902, 40.730093008927]]]}, "properties": {"stname_label": "E 14 ST", "rw_type": "1", "segment_type_value": null, "l_low_hn": "507", "sandist_ind": null, "bphys_id": null, "pre_directional": "E", "rsubsect": "1A", "number_park_lanes": "2", "avgtravtime": null, "borough_indicator": null, "created_date": "2009-06-16T00:00:00.000Z", "r_zip": "10009", "r_low_hn": "0", "bike_lane": null, "nominaldir": null, "post_type": "ST", "rwjurisdiction": null, "joinid": null, "nonped": null, "l_blockfaceid": "1222603854", "pre_type": null, "post_directional": null, "collectionmethod": null, "fire_lane": null, "objectid": "116983", "globalid": "0ade7efb-46a7-474a-8e32-eabfd422f2fb", "segment_type": null, "street_name": "14", "within_bndy_dist": null, "truck_route_type": null, "b5sc": "117270", "full_street_name": "E  14 ST", "shape_length": "69.554682731172832", "streetwidth_irr": null, "status": "2", "posted_speed": "25", "carto_display_level": null, "r_high_hn": "0", "l_zip": "10009", "segmentlength": "344.17466743", "streetwidth": "25", "lsubsect": "1A", "special_disaster": null, "r_blockfaceid": "1222606751", "fcc": null, "boroughcode": "1", "to_level_code": "13", "post_modifier": null, "pre_modifier": null, "bike_trafdir": null, "continuous_parity_flag": null, "trafdir": "TF", "number_total_lanes": "3", "twisted_parity_flag": "N", "snow_priority": "H", "modified_date": "2022-09-01T14:02:46.000Z", "number_travel_lanes": "1", "physicalid": "187748", "from_level_code": "13", "accessible": null, "l_high_hn": "523", "seglocstatus": null}}, {"type": "Feature", "geometry": {"type": "MultiLineString", "coordinates": [[[-73.98027433958, 40.73054736318], [-73.979732861171, 40.730321407117]]]}, "properties": {"stname_label": "E 14 ST", "rw_type": "1", "segment_type_value": null, "l_low_hn": "501", "sandist_ind": null, "bphys_id": null, "pre_directional": "E", "rsubsect": "1A", "number_park_lanes": "2", "avgtravtime": null, "borough_indicator": null, "created_date": "2009-06-16T00:00:00.000Z", "r_zip": "10009", "r_low_hn": "0", "bike_lane": null, "nominaldir": null, "post_type": "ST", "rwjurisdiction": null, "joinid": null, "nonped": null, "l_blockfaceid": "1222603854", "pre_type": null, "post_directional": null, "collectionmethod": null, "fire_lane": null, "objectid": "116980", "globalid": "776545f9-03b5-4c48-b92f-85e0b96ff2ac", "segment_type": null, "street_name": "14", "within_bndy_dist": null, "truck_route_type": null, "b5sc": "117270", "full_street_name": "E  14 ST", "shape_length": "68.812132241747719", "streetwidth_irr": null, "status": "2", "posted_speed": "25", "carto_display_level": null, "r_high_hn": "0", "l_zip": "10009", "segmentlength": "344.17466743", "streetwidth": "25", "lsubsect": "1A", "special_disaster": null, "r_blockfaceid": "1222606751", "fcc": null, "boroughcode": "1", "to_level_code": "13", "post_modifier": null, "pre_modifier": null, "bike_trafdir": null, "continuous_parity_flag": null, "trafdir": "TF", "number_total_lanes": "3", "twisted_parity_flag": "N", "snow_priority": "H", "modified_date": "2021-10-14T11:10:35.000Z", "number_travel_lanes": "1", "physicalid": "187744", "from_level_code": "13", "accessible": null, "l_high_hn": "505", "seglocstatus": null}}, {"type": "Feature", "geometry": {"type": "MultiLineString", "coordinates": [[[-73.981758983961, 40.730978162973], [-73.980375096998, 40.730401534081]]]}, "properties": {"stname_label": "E 14 ST", "rw_type": "1", "segment_type_value": null, "l_low_hn": "0", "sandist_ind": null, "bphys_id": null, "pre_directional": "E", "rsubsect": "4A", "number_park_lanes": "2", "avgtravtime": null, "borough_indicator": null, "created_date": "2009-06-16T00:00:00.000Z", "r_zip": "10009", "r_low_hn": "416", "bike_lane": null, "nominaldir": null, "post_type": "ST", "rwjurisdiction": null, "joinid": null, "nonped": null, "l_blockfaceid": "1222600034", "pre_type": null, "post_directional": null, "collectionmethod": null, "fire_lane": null, "objectid": "116978", "globalid": "f88db3bd-e14c-4e09-9215-4b2fa8004e4b", "segment_type": null, "street_name": "14", "within_bndy_dist": null, "truck_route_type": null, "b5sc": "117270", "full_street_name": "E  14 ST", "shape_length": "175.8063206962467", "streetwidth_irr": null, "status": "2", "posted_speed": "25", "carto_display_level": "10", "r_high_hn": "498", "l_zip": "10009", "segmentlength": null, "streetwidth": "50", "lsubsect": "4A", "special_disaster": null, "r_blockfaceid": "1222606122", "fcc": null, "boroughcode": "1", "to_level_code": "13", "post_modifier": null, "pre_modifier": null, "bike_trafdir": null, "continuous_parity_flag": null, "trafdir": "TW", "number_total_lanes": "4", "twisted_parity_flag": "N", "snow_priority": "H", "modified_date": "2020-01-06T08:57:52.000Z", "number_travel_lanes": "2", "physicalid": "187742", "from_level_code": "13", "accessible": null, "l_high_hn": "0", "seglocstatus": null}}, {"type": "Feature", "geometry": {"type": "MultiLineString", "coordinates": [[[-73.98027433958, 40.73054736318], [-73.98014148349, 40.730682183679], [-73.98000425271, 40.730782837553], [-73.979848715392, 40.730870823219], [-73.979678134983, 40.730943411834], [-73.979496629242, 40.730998573978], [-73.979308856578, 40.731035155341], [-73.979119665858, 40.731052930779], [-73.979076060188, 40.731052856022], [-73.978933608804, 40.731052613775], [-73.978754733245, 40.731035650679]]]}, "properties": {"stname_label": "14 ST LOOP", "rw_type": "1", "segment_type_value": null, "l_low_hn": null, "sandist_ind": null, "bphys_id": null, "pre_directional": null, "rsubsect": "1A", "number_park_lanes": "1", "avgtravtime": null, "borough_indicator": null, "created_date": "2007-11-29T00:00:00.000Z", "r_zip": "10009", "r_low_hn": null, "bike_lane": null, "nominaldir": null, "post_type": "ST", "rwjurisdiction": "3", "joinid": null, "nonped": null, "l_blockfaceid": "1222600912", "pre_type": null, "post_directional": null, "collectionmethod": null, "fire_lane": null, "objectid": "93695", "globalid": "48911b7b-d573-4749-9248-16187c22a37d", "segment_type": null, "street_name": "14", "within_bndy_dist": null, "truck_route_type": null, "b5sc": "131715", "full_street_name": "14 ST  LOOP", "shape_length": "194.716443925211", "streetwidth_irr": null, "status": "2", "posted_speed": null, "carto_display_level": null, "r_high_hn": null, "l_zip": "10009", "segmentlength": "457.61512125", "streetwidth": "25", "lsubsect": "1A", "special_disaster": null, "r_blockfaceid": "1222606386", "fcc": null, "boroughcode": "1", "to_level_code": "13", "post_modifier": "LOOP", "pre_modifier": null, "bike_trafdir": null, "continuous_parity_flag": null, "trafdir": "FT", "number_total_lanes": "2", "twisted_parity_flag": "N", "snow_priority": "V", "modified_date": "2021-07-06T19:50:54.000Z", "number_travel_lanes": "1", "physicalid": "103779", "from_level_code": "13", "accessible": null, "l_high_hn": null, "seglocstatus": null}}, {"type": "Feature", "geometry": {"type": "MultiLineString", "coordinates": [[[-73.980341369107, 40.730450704925], [-73.98027433958, 40.73054736318]]]}, "properties": {"stname_label": "14 ST LOOP", "rw_type": "1", "segment_type_value": null, "l_low_hn": null, "sandist_ind": null, "bphys_id": null, "pre_directional": null, "rsubsect": "1A", "number_park_lanes": "0", "avgtravtime": null, "borough_indicator": null, "created_date": "2007-11-29T00:00:00.000Z", "r_zip": "10009", "r_low_hn": null, "bike_lane": null, "nominaldir": null, "post_type": "ST", "rwjurisdiction": "3", "joinid": null, "nonped": null, "l_blockfaceid": null, "pre_type": null, "post_directional": null, "collectionmethod": null, "fire_lane": null, "objectid": "93696", "globalid": "e1bc7e01-2b78-45de-8139-aa5154fe0908", "segment_type": null, "street_name": "14", "within_bndy_dist": null, "truck_route_type": null, "b5sc": "131715", "full_street_name": "14 ST  LOOP", "shape_length": "16.040364007738681", "streetwidth_irr": null, "status": "2", "posted_speed": null, "carto_display_level": null, "r_high_hn": null, "l_zip": "10009", "segmentlength": "39.81533174", "streetwidth": "30", "lsubsect": "1A", "special_disaster": null, "r_blockfaceid": null, "fcc": null, "boroughcode": "1", "to_level_code": "13", "post_modifier": "LOOP", "pre_modifier": null, "bike_trafdir": null, "continuous_parity_flag": null, "trafdir": "FT", "number_total_lanes": "2", "twisted_parity_flag": "N", "snow_priority": "V", "modified_date": "2020-01-08T13:07:37.000Z", "number_travel_lanes": "2", "physicalid": "103780", "from_level_code": "13", "accessible": null, "l_high_hn": null, "seglocstatus": null}}, {"type": "Feature", "geometry": {"type": "MultiLineString", "coordinates": [[[-73.979075986322, 40.729835472191], [-73.979109331964, 40.729918802465], [-73.979185541902, 40.730093008927]]]}, "properties": {"stname_label": "CONNECTOR", "rw_type": "1", "segment_type_value": null, "l_low_hn": null, "sandist_ind": null, "bphys_id": null, "pre_directional": null, "rsubsect": null, "number_park_lanes": null, "avgtravtime": null, "borough_indicator": null, "created_date": "2020-01-03T13:54:24.000Z", "r_zip": "10009", "r_low_hn": null, "bike_lane": null, "nominaldir": null, "post_type": null, "rwjurisdiction": null, "joinid": null, "nonped": null, "l_blockfaceid": null, "pre_type": null, "post_directional": null, "collectionmethod": null, "fire_lane": null, "objectid": "116987", "globalid": "04f2cfb6-0472-4559-a27f-7e2241f8e89f", "segment_type": null, "street_name": "CONNECTOR", "within_bndy_dist": null, "truck_route_type": null, "b5sc": "110025", "full_street_name": "CONNECTOR", "shape_length": "39.752039780348838", "streetwidth_irr": null, "status": "2", "posted_speed": null, "carto_display_level": null, "r_high_hn": null, "l_zip": "10009", "segmentlength": "31.7353431", "streetwidth": null, "lsubsect": null, "special_disaster": null, "r_blockfaceid": null, "fcc": null, "boroughcode": "1", "to_level_code": "13", "post_modifier": null, "pre_modifier": null, "bike_trafdir": null, "continuous_parity_flag": null, "trafdir": "FT", "number_total_lanes": null, "twisted_parity_flag": "N", "snow_priority": "H", "modified_date": "2021-10-14T10:57:12.000Z", "number_travel_lanes": null, "physicalid": "187753", "from_level_code": "13", "accessible": null, "l_high_hn": null, "seglocstatus": null}}, {"type": "Feature", "geometry": {"type": "MultiLineString", "coordinates": [[[-73.981502262447, 40.731064422676], [-73.98027433958, 40.73054736318]]]}, "properties": {"stname_label": "E 14 ST", "rw_type": "1", "segment_type_value": null, "l_low_hn": "435", "sandist_ind": null, "bphys_id": null, "pre_directional": "E", "rsubsect": "1A", "number_park_lanes": "2", "avgtravtime": null, "borough_indicator": null, "created_date": "2009-06-16T00:00:00.000Z", "r_zip": "10009", "r_low_hn": "0", "bike_lane": null, "nominaldir": null, "post_type": "ST", "rwjurisdiction": null, "joinid": null, "nonped": null, "l_blockfaceid": "1222600913", "pre_type": null, "post_directional": null, "collectionmethod": null, "fire_lane": null, "objectid": "116979", "globalid": "8035d52b-9417-47c7-8bb1-ea845c1723e8", "segment_type": null, "street_name": "14", "within_bndy_dist": null, "truck_route_type": null, "b5sc": "117270", "full_street_name": "E  14 ST", "shape_length": "156.37795800175195", "streetwidth_irr": null, "status": "2", "posted_speed": "25", "carto_display_level": null, "r_high_hn": "0", "l_zip": "10009", "segmentlength": null, "streetwidth": "25", "lsubsect": "1A", "special_disaster": null, "r_blockfaceid": "1222607359", "fcc": null, "boroughcode": "1", "to_level_code": "13", "post_modifier": null, "pre_modifier": null, "bike_trafdir": null, "continuous_parity_flag": null, "trafdir": "TF", "number_total_lanes": "3", "twisted_parity_flag": "N", "snow_priority": "H", "modified_date": "2021-10-14T10:57:12.000Z", "number_travel_lanes": "1", "physicalid": "187743", "from_level_code": "13", "accessible": null, "l_high_hn": "499", "seglocstatus": null}}, {"type": "Feature", "geometry": {"type": "MultiLineString", "coordinates": [[[-73.978999913483, 40.728113989985], [-73.978537122416, 40.728754328884]]]}, "properties": {"stname_label": "AVE B", "rw_type": "1", "segment_type_value": null, "l_low_hn": "196", "sandist_ind": null, "bphys_id": null, "pre_directional": null, "rsubsect": "4A", "number_park_lanes": "2", "avgtravtime": null, "borough_indicator": null, "created_date": "2007-11-29T00:00:00.000Z", "r_zip": "10009", "r_low_hn": "195", "bike_lane": null, "nominaldir": null, "post_type": null, "rwjurisdiction": null, "joinid": null, "nonped": null, "l_blockfaceid": "1222603046", "pre_type": "AVE", "post_directional": null, "collectionmethod": null, "fire_lane": null, "objectid": "3328", "globalid": "db1022ae-d08b-48db-8f0c-df3f00be5ff0", "segment_type": null, "street_name": "B", "within_bndy_dist": null, "truck_route_type": null, "b5sc": "112210", "full_street_name": "AVE B", "shape_length": "107.24729471870556", "streetwidth_irr": null, "status": "2", "posted_speed": "20", "carto_display_level": null, "r_high_hn": "211", "l_zip": "10009", "segmentlength": "266.23185815", "streetwidth": "32", "lsubsect": "4A", "special_disaster": null, "r_blockfaceid": "1222607293", "fcc": null, "boroughcode": "1", "to_level_code": "13", "post_modifier": null, "pre_modifier": null, "bike_trafdir": null, "continuous_parity_flag": null, "trafdir": "TW", "number_total_lanes": "4", "twisted_parity_flag": "N", "snow_priority": "C", "modified_date": "2020-08-28T20:49:50.000Z", "number_travel_lanes": "2", "physicalid": "4002", "from_level_code": "13", "accessible": null, "l_high_hn": "214", "seglocstatus": "X"}}, {"type": "Feature", "geometry": {"type": "MultiLineString", "coordinates": [[[-73.980028549667, 40.730250535381], [-73.979075986322, 40.729835472191]]]}, "properties": {"stname_label": "E 14 ST", "rw_type": "1", "segment_type_value": null, "l_low_hn": "0", "sandist_ind": null, "bphys_id": null, "pre_directional": "E", "rsubsect": "4A", "number_park_lanes": "2", "avgtravtime": null, "borough_indicator": null, "created_date": "2009-06-16T00:00:00.000Z", "r_zip": "10009", "r_low_hn": "504", "bike_lane": null, "nominaldir": null, "post_type": "ST", "rwjurisdiction": null, "joinid": null, "nonped": null, "l_blockfaceid": "1222607357", "pre_type": null, "post_directional": null, "collectionmethod": null, "fire_lane": null, "objectid": "116982", "globalid": "ffea6658-9be6-4207-8fda-d1e958723048", "segment_type": null, "street_name": "14", "within_bndy_dist": null, "truck_route_type": null, "b5sc": "117270", "full_street_name": "E  14 ST", "shape_length": "122.31887894240705", "streetwidth_irr": null, "status": "2", "posted_speed": "25", "carto_display_level": "10", "r_high_hn": "522", "l_zip": "10009", "segmentlength": "340.52566182", "streetwidth": "50", "lsubsect": "4A", "special_disaster": null, "r_blockfaceid": "1222606271", "fcc": null, "boroughcode": "1", "to_level_code": "13", "post_modifier": null, "pre_modifier": null, "bike_trafdir": null, "continuous_parity_flag": null, "trafdir": "TW", "number_total_lanes": "4", "twisted_parity_flag": "N", "snow_priority": "H", "modified_date": "2020-01-03T13:54:21.000Z", "number_travel_lanes": "2", "physicalid": "187747", "from_level_code": "13", "accessible": null, "l_high_hn": "0", "seglocstatus": null}}, {"type": "Feature", "geometry": {"type": "MultiLineString", "coordinates": [[[-73.980028549667, 40.730250535381], [-73.979922393722, 40.730270449238]]]}, "properties": {"stname_label": "CONNECTOR", "rw_type": "1", "segment_type_value": null, "l_low_hn": null, "sandist_ind": null, "bphys_id": null, "pre_directional": null, "rsubsect": null, "number_park_lanes": null, "avgtravtime": null, "borough_indicator": null, "created_date": "2020-01-03T13:54:21.000Z", "r_zip": "10009", "r_low_hn": null, "bike_lane": null, "nominaldir": null, "post_type": null, "rwjurisdiction": null, "joinid": null, "nonped": null, "l_blockfaceid": null, "pre_type": null, "post_directional": null, "collectionmethod": null, "fire_lane": null, "objectid": "116989", "globalid": "d8032ff3-303b-4db3-98f7-d722f42bd792", "segment_type": null, "street_name": "CONNECTOR", "within_bndy_dist": null, "truck_route_type": null, "b5sc": "110025", "full_street_name": "CONNECTOR", "shape_length": "12.173926960106066", "streetwidth_irr": null, "status": "2", "posted_speed": null, "carto_display_level": null, "r_high_hn": null, "l_zip": "10009", "segmentlength": "30.30299489", "streetwidth": null, "lsubsect": null, "special_disaster": null, "r_blockfaceid": null, "fcc": null, "boroughcode": "1", "to_level_code": "13", "post_modifier": null, "pre_modifier": null, "bike_trafdir": null, "continuous_parity_flag": null, "trafdir": "TF", "number_total_lanes": null, "twisted_parity_flag": "N", "snow_priority": "H", "modified_date": "2021-10-14T10:57:12.000Z", "number_travel_lanes": null, "physicalid": "187755", "from_level_code": "13", "accessible": null, "l_high_hn": null, "seglocstatus": null}}, {"type": "Feature", "geometry": {"type": "MultiLineString", "coordinates": [[[-73.980855607322, 40.729731798845], [-73.980375096998, 40.730401534081]]]}, "properties": {"stname_label": "AVE A", "rw_type": "1", "segment_type_value": null, "l_low_hn": "211", "sandist_ind": null, "bphys_id": null, "pre_directional": null, "rsubsect": "4A", "number_park_lanes": "2", "avgtravtime": null, "borough_indicator": null, "created_date": "2007-11-29T00:00:00.000Z", "r_zip": "10009", "r_low_hn": "210", "bike_lane": "2", "nominaldir": null, "post_type": null, "rwjurisdiction": null, "joinid": null, "nonped": null, "l_blockfaceid": "1222602925", "pre_type": "AVE", "post_directional": null, "collectionmethod": null, "fire_lane": null, "objectid": "3615", "globalid": "0d421578-8e63-4fe5-9771-f3844bf1864c", "segment_type": null, "street_name": "A", "within_bndy_dist": null, "truck_route_type": null, "b5sc": "112110", "full_street_name": "AVE A", "shape_length": "111.98483090755587", "streetwidth_irr": null, "status": "2", "posted_speed": "20", "carto_display_level": null, "r_high_hn": "230", "l_zip": "10009", "segmentlength": "277.96500365", "streetwidth": "50", "lsubsect": "4A", "special_disaster": null, "r_blockfaceid": "1222603443", "fcc": null, "boroughcode": "1", "to_level_code": "13", "post_modifier": null, "pre_modifier": null, "bike_trafdir": "TW", "continuous_parity_flag": null, "trafdir": "TW", "number_total_lanes": "4", "twisted_parity_flag": "N", "snow_priority": "C", "modified_date": "2020-08-28T20:49:50.000Z", "number_travel_lanes": "2", "physicalid": "4351", "from_level_code": "13", "accessible": null, "l_high_hn": "229", "seglocstatus": null}}, {"type": "Feature", "geometry": {"type": "MultiLineString", "coordinates": [[[-73.980375096998, 40.730401534081], [-73.980028549667, 40.730250535381]]]}, "properties": {"stname_label": "E 14 ST", "rw_type": "1", "segment_type_value": null, "l_low_hn": "0", "sandist_ind": null, "bphys_id": null, "pre_directional": "E", "rsubsect": "4A", "number_park_lanes": "2", "avgtravtime": null, "borough_indicator": null, "created_date": "2009-06-16T00:00:00.000Z", "r_zip": "10009", "r_low_hn": "500", "bike_lane": null, "nominaldir": null, "post_type": "ST", "rwjurisdiction": null, "joinid": null, "nonped": null, "l_blockfaceid": "1222607357", "pre_type": null, "post_directional": null, "collectionmethod": null, "fire_lane": null, "objectid": "116981", "globalid": "eb84ed3a-900d-4c3e-8ba3-9b6b82a7c824", "segment_type": null, "street_name": "14", "within_bndy_dist": null, "truck_route_type": null, "b5sc": "117270", "full_street_name": "E  14 ST", "shape_length": "44.500022739076712", "streetwidth_irr": null, "status": "2", "posted_speed": "25", "carto_display_level": "10", "r_high_hn": "502", "l_zip": "10009", "segmentlength": "340.52566182", "streetwidth": "50", "lsubsect": "4A", "special_disaster": null, "r_blockfaceid": "1222606271", "fcc": null, "boroughcode": "1", "to_level_code": "13", "post_modifier": null, "pre_modifier": null, "bike_trafdir": null, "continuous_parity_flag": null, "trafdir": "TW", "number_total_lanes": "4", "twisted_parity_flag": "N", "snow_priority": "H", "modified_date": "2020-01-03T13:54:20.000Z", "number_travel_lanes": "2", "physicalid": "187745", "from_level_code": "13", "accessible": null, "l_high_hn": "0", "seglocstatus": null}}, {"type": "Feature", "geometry": {"type": "MultiLineString", "coordinates": [[[-73.981790715787, 40.728453983806], [-73.981326008061, 40.729094000366]]]}, "properties": {"stname_label": "AVE A", "rw_type": "1", "segment_type_value": null, "l_low_hn": "175", "sandist_ind": null, "bphys_id": null, "pre_directional": null, "rsubsect": "4A", "number_park_lanes": "2", "avgtravtime": null, "borough_indicator": null, "created_date": "2007-11-29T00:00:00.000Z", "r_zip": "10009", "r_low_hn": "174", "bike_lane": "2", "nominaldir": null, "post_type": null, "rwjurisdiction": null, "joinid": null, "nonped": null, "l_blockfaceid": "1222600883", "pre_type": "AVE", "post_directional": null, "collectionmethod": null, "fire_lane": null, "objectid": "3613", "globalid": "36e49a22-fd02-4c89-8c5b-23d873e5ffb7", "segment_type": null, "street_name": "A", "within_bndy_dist": null, "truck_route_type": null, "b5sc": "112110", "full_street_name": "AVE A", "shape_length": "107.3088821152074", "streetwidth_irr": null, "status": "2", "posted_speed": "20", "carto_display_level": null, "r_high_hn": "190", "l_zip": "10009", "segmentlength": "266.38521547", "streetwidth": "50", "lsubsect": "4A", "special_disaster": null, "r_blockfaceid": "1222605678", "fcc": null, "boroughcode": "1", "to_level_code": "13", "post_modifier": null, "pre_modifier": null, "bike_trafdir": "TW", "continuous_parity_flag": null, "trafdir": "TW", "number_total_lanes": "4", "twisted_parity_flag": "N", "snow_priority": "C", "modified_date": "2020-08-28T20:49:50.000Z", "number_travel_lanes": "2", "physicalid": "4349", "from_level_code": "13", "accessible": null, "l_high_hn": "193", "seglocstatus": null}}, {"type": "Feature", "geometry": {"type": "MultiLineString", "coordinates": [[[-73.979907795458, 40.726874015859], [-73.979470423928, 40.727475920534]]]}, "properties": {"stname_label": "AVE B", "rw_type": "1", "segment_type_value": null, "l_low_hn": "158", "sandist_ind": null, "bphys_id": null, "pre_directional": null, "rsubsect": "4A", "number_park_lanes": "2", "avgtravtime": null, "borough_indicator": null, "created_date": "2007-11-29T00:00:00.000Z", "r_zip": "10009", "r_low_hn": "159", "bike_lane": null, "nominaldir": null, "post_type": null, "rwjurisdiction": null, "joinid": null, "nonped": null, "l_blockfaceid": "1222601742", "pre_type": "AVE", "post_directional": null, "collectionmethod": null, "fire_lane": null, "objectid": "3326", "globalid": "d4187541-fa21-46c7-a9c6-2680e87cdf55", "segment_type": null, "street_name": "B", "within_bndy_dist": null, "truck_route_type": null, "b5sc": "112210", "full_street_name": "AVE B", "shape_length": "100.93501712912105", "streetwidth_irr": null, "status": "2", "posted_speed": "20", "carto_display_level": null, "r_high_hn": "173", "l_zip": "10009", "segmentlength": "250.56873848", "streetwidth": "36", "lsubsect": "4A", "special_disaster": null, "r_blockfaceid": "1222601081", "fcc": null, "boroughcode": "1", "to_level_code": "13", "post_modifier": null, "pre_modifier": null, "bike_trafdir": null, "continuous_parity_flag": null, "trafdir": "TW", "number_total_lanes": "4", "twisted_parity_flag": "N", "snow_priority": "C", "modified_date": "2020-08-28T20:49:50.000Z", "number_travel_lanes": "2", "physicalid": "4000", "from_level_code": "13", "accessible": null, "l_high_hn": "174", "seglocstatus": "X"}}, {"type": "Feature", "geometry": {"type": "MultiLineString", "coordinates": [[[-73.980375096998, 40.730401534081], [-73.980341369107, 40.730450704925]]]}, "properties": {"stname_label": "AVE A", "rw_type": "1", "segment_type_value": null, "l_low_hn": null, "sandist_ind": null, "bphys_id": null, "pre_directional": null, "rsubsect": "4A", "number_park_lanes": "0", "avgtravtime": null, "borough_indicator": null, "created_date": "2007-11-29T00:00:00.000Z", "r_zip": "10009", "r_low_hn": null, "bike_lane": null, "nominaldir": null, "post_type": null, "rwjurisdiction": null, "joinid": null, "nonped": null, "l_blockfaceid": null, "pre_type": "AVE", "post_directional": null, "collectionmethod": null, "fire_lane": null, "objectid": "3616", "globalid": "693927b9-0ca0-4e13-8093-37d60a5dfdf0", "segment_type": null, "street_name": "A", "within_bndy_dist": null, "truck_route_type": null, "b5sc": "112110", "full_street_name": "AVE A", "shape_length": "8.1407492043353251", "streetwidth_irr": null, "status": "2", "posted_speed": "20", "carto_display_level": null, "r_high_hn": null, "l_zip": "10009", "segmentlength": "20.20671062", "streetwidth": "30", "lsubsect": "4A", "special_disaster": null, "r_blockfaceid": null, "fcc": null, "boroughcode": "1", "to_level_code": "13", "post_modifier": null, "pre_modifier": null, "bike_trafdir": null, "continuous_parity_flag": null, "trafdir": "FT", "number_total_lanes": "2", "twisted_parity_flag": "N", "snow_priority": "V", "modified_date": "2020-11-13T14:39:37.000Z", "number_travel_lanes": "2", "physicalid": "4352", "from_level_code": "13", "accessible": null, "l_high_hn": null, "seglocstatus": null}}, {"type": "Feature", "geometry": {"type": "MultiLineString", "coordinates": [[[-73.982229432919, 40.72785414241], [-73.979907795458, 40.726874015859]]]}, "properties": {"stname_label": "E 10 ST", "rw_type": "1", "segment_type_value": null, "l_low_hn": "293", "sandist_ind": null, "bphys_id": null, "pre_directional": "E", "rsubsect": "4A", "number_park_lanes": "2", "avgtravtime": null, "borough_indicator": null, "created_date": "2007-11-29T00:00:00.000Z", "r_zip": "10009", "r_low_hn": "300", "bike_lane": "3", "nominaldir": null, "post_type": "ST", "rwjurisdiction": null, "joinid": null, "nonped": null, "l_blockfaceid": "1222601743", "pre_type": null, "post_directional": null, "collectionmethod": null, "fire_lane": null, "objectid": "3301", "globalid": "d4b349c4-19ab-41f8-824f-89c7a8ec7518", "segment_type": null, "street_name": "10", "within_bndy_dist": null, "truck_route_type": null, "b5sc": "117190", "full_street_name": "E  10 ST", "shape_length": "295.84068348725731", "streetwidth_irr": null, "status": "2", "posted_speed": "20", "carto_display_level": null, "r_high_hn": "340", "l_zip": "10009", "segmentlength": "735.92235742", "streetwidth": "30", "lsubsect": "4A", "special_disaster": null, "r_blockfaceid": "1222601397", "fcc": null, "boroughcode": "1", "to_level_code": "13", "post_modifier": null, "pre_modifier": null, "bike_trafdir": "TW", "continuous_parity_flag": null, "trafdir": "TW", "number_total_lanes": "4", "twisted_parity_flag": "N", "snow_priority": "C", "modified_date": "2018-04-19T14:55:22.000Z", "number_travel_lanes": "2", "physicalid": "3970", "from_level_code": "13", "accessible": null, "l_high_hn": "345", "seglocstatus": "X"}}, {"type": "Feature", "geometry": {"type": "MultiLineString", "coordinates": [[[-73.981667864213, 40.731006791195], [-73.981502262447, 40.731064422676]]]}, "properties": {"stname_label": "CONNECTOR", "rw_type": "1", "segment_type_value": null, "l_low_hn": null, "sandist_ind": null, "bphys_id": null, "pre_directional": null, "rsubsect": null, "number_park_lanes": null, "avgtravtime": null, "borough_indicator": null, "created_date": "2020-01-03T11:47:32.000Z", "r_zip": "10009", "r_low_hn": null, "bike_lane": null, "nominaldir": null, "post_type": null, "rwjurisdiction": null, "joinid": null, "nonped": null, "l_blockfaceid": null, "pre_type": null, "post_directional": null, "collectionmethod": null, "fire_lane": null, "objectid": "116977", "globalid": "1035105e-891a-408c-b1cb-5661f4890a00", "segment_type": null, "street_name": "CONNECTOR", "within_bndy_dist": null, "truck_route_type": null, "b5sc": "110025", "full_street_name": "CONNECTOR", "shape_length": "20.285819009058091", "streetwidth_irr": null, "status": "2", "posted_speed": null, "carto_display_level": null, "r_high_hn": null, "l_zip": "10009", "segmentlength": "50.47166353", "streetwidth": null, "lsubsect": null, "special_disaster": null, "r_blockfaceid": null, "fcc": null, "boroughcode": "1", "to_level_code": "13", "post_modifier": null, "pre_modifier": null, "bike_trafdir": null, "continuous_parity_flag": null, "trafdir": "TF", "number_total_lanes": null, "twisted_parity_flag": "N", "snow_priority": "H", "modified_date": "2021-10-14T10:57:12.000Z", "number_travel_lanes": null, "physicalid": "187741", "from_level_code": "13", "accessible": null, "l_high_hn": null, "seglocstatus": null}}, {"type": "Feature", "geometry": {"type": "MultiLineString", "coordinates": [[[-73.978474795182, 40.731581553588], [-73.978466728994, 40.731556088701], [-73.978461322734, 40.731530219828], [-73.978458609949, 40.731504107492], [-73.978458607472, 40.731477913725], [-73.978461315318, 40.731451801063]], [[-73.978461315318, 40.731451801063], [-73.978466716614, 40.731425931572], [-73.978474777904, 40.731400465742], [-73.978485449168, 40.731375561595], [-73.978498664188, 40.731351373666], [-73.978514340962, 40.731328052047]], [[-73.978514340962, 40.731328052047], [-73.978754733245, 40.731035650679]]]}, "properties": {"stname_label": "STUYVESANT OVAL", "rw_type": "6", "segment_type_value": null, "l_low_hn": "0", "sandist_ind": null, "bphys_id": null, "pre_directional": null, "rsubsect": "1A", "number_park_lanes": null, "avgtravtime": null, "borough_indicator": null, "created_date": "2007-11-29T00:00:00.000Z", "r_zip": "10009", "r_low_hn": "1", "bike_lane": null, "nominaldir": null, "post_type": "OVAL", "rwjurisdiction": "3", "joinid": null, "nonped": null, "l_blockfaceid": null, "pre_type": null, "post_directional": null, "collectionmethod": null, "fire_lane": null, "objectid": "119547", "globalid": "c7ca329b-6aac-4e64-bf95-a52ab5b61239", "segment_type": null, "street_name": "STUYVESANT", "within_bndy_dist": null, "truck_route_type": null, "b5sc": "131740", "full_street_name": "STUYVESANT OVAL", "shape_length": "89.078460730544222", "streetwidth_irr": null, "status": "2", "posted_speed": null, "carto_display_level": null, "r_high_hn": "3", "l_zip": "10009", "segmentlength": "220.68214311", "streetwidth": null, "lsubsect": "1A", "special_disaster": null, "r_blockfaceid": null, "fcc": null, "boroughcode": "1", "to_level_code": "13", "post_modifier": null, "pre_modifier": null, "bike_trafdir": null, "continuous_parity_flag": null, "trafdir": "NV", "number_total_lanes": null, "twisted_parity_flag": "N", "snow_priority": null, "modified_date": "2021-07-06T19:50:54.000Z", "number_travel_lanes": null, "physicalid": "192828", "from_level_code": "13", "accessible": null, "l_high_hn": "0", "seglocstatus": null}}, {"type": "Feature", "geometry": {"type": "MultiLineString", "coordinates": [[[-73.981758983961, 40.730978162973], [-73.981667864213, 40.731006791195]]]}, "properties": {"stname_label": "CONNECTOR", "rw_type": "1", "segment_type_value": null, "l_low_hn": null, "sandist_ind": null, "bphys_id": null, "pre_directional": null, "rsubsect": null, "number_park_lanes": null, "avgtravtime": null, "borough_indicator": null, "created_date": "2020-01-03T11:47:31.000Z", "r_zip": "10009", "r_low_hn": null, "bike_lane": null, "nominaldir": null, "post_type": null, "rwjurisdiction": null, "joinid": null, "nonped": null, "l_blockfaceid": null, "pre_type": null, "post_directional": null, "collectionmethod": null, "fire_lane": null, "objectid": "117004", "globalid": "59fe12a7-ae13-4203-9249-207b9cfe27da", "segment_type": null, "street_name": "CONNECTOR", "within_bndy_dist": null, "truck_route_type": null, "b5sc": "110025", "full_street_name": "CONNECTOR", "shape_length": "10.9806738149897", "streetwidth_irr": null, "status": "2", "posted_speed": null, "carto_display_level": null, "r_high_hn": null, "l_zip": "10009", "segmentlength": "30.9657571", "streetwidth": null, "lsubsect": null, "special_disaster": null, "r_blockfaceid": null, "fcc": null, "boroughcode": "1", "to_level_code": "13", "post_modifier": null, "pre_modifier": null, "bike_trafdir": null, "continuous_parity_flag": null, "trafdir": "TF", "number_total_lanes": null, "twisted_parity_flag": "N", "snow_priority": "H", "modified_date": "2021-10-14T11:21:09.000Z", "number_travel_lanes": null, "physicalid": "187775", "from_level_code": "13", "accessible": null, "l_high_hn": null, "seglocstatus": null}}, {"type": "Feature", "geometry": {"type": "MultiLineString", "coordinates": [[[-73.982658467195, 40.72726873294], [-73.980334275552, 40.726288579008]]]}, "properties": {"stname_label": "E 9 ST", "rw_type": "1", "segment_type_value": null, "l_low_hn": null, "sandist_ind": null, "bphys_id": null, "pre_directional": "E", "rsubsect": "4A", "number_park_lanes": null, "avgtravtime": null, "borough_indicator": null, "created_date": "2007-11-29T00:00:00.000Z", "r_zip": "10009", "r_low_hn": null, "bike_lane": null, "nominaldir": null, "post_type": "ST", "rwjurisdiction": null, "joinid": null, "nonped": "D", "l_blockfaceid": null, "pre_type": null, "post_directional": null, "collectionmethod": null, "fire_lane": null, "objectid": "14836", "globalid": "1a7801a4-8dc2-437b-beea-083496e57956", "segment_type": null, "street_name": "9", "within_bndy_dist": null, "truck_route_type": null, "b5sc": "117170", "full_street_name": "E  9 ST", "shape_length": "296.090443897957", "streetwidth_irr": null, "status": "2", "posted_speed": "20", "carto_display_level": null, "r_high_hn": null, "l_zip": "10009", "segmentlength": "736.55133814", "streetwidth": null, "lsubsect": "4A", "special_disaster": null, "r_blockfaceid": null, "fcc": null, "boroughcode": "1", "to_level_code": "13", "post_modifier": null, "pre_modifier": null, "bike_trafdir": null, "continuous_parity_flag": null, "trafdir": "NV", "number_total_lanes": null, "twisted_parity_flag": "N", "snow_priority": null, "modified_date": "2025-10-14T09:22:54.000Z", "number_travel_lanes": null, "physicalid": "16646", "from_level_code": "13", "accessible": null, "l_high_hn": null, "seglocstatus": null}}, {"type": "Feature", "geometry": {"type": "MultiLineString", "coordinates": [[[-73.982658467195, 40.72726873294], [-73.982229432919, 40.72785414241]]]}, "properties": {"stname_label": "AVE A", "rw_type": "1", "segment_type_value": null, "l_low_hn": "145", "sandist_ind": null, "bphys_id": null, "pre_directional": null, "rsubsect": "4A", "number_park_lanes": "2", "avgtravtime": null, "borough_indicator": null, "created_date": "2007-11-29T00:00:00.000Z", "r_zip": "10009", "r_low_hn": "0", "bike_lane": "3", "nominaldir": null, "post_type": null, "rwjurisdiction": null, "joinid": null, "nonped": null, "l_blockfaceid": "1222602074", "pre_type": "AVE", "post_directional": null, "collectionmethod": null, "fire_lane": null, "objectid": "3611", "globalid": "80293090-079e-4b26-b93b-cf1ce428397d", "segment_type": null, "street_name": "A", "within_bndy_dist": null, "truck_route_type": null, "b5sc": "112110", "full_street_name": "AVE A", "shape_length": "98.3659082689094", "streetwidth_irr": null, "status": "2", "posted_speed": "20", "carto_display_level": null, "r_high_hn": "0", "l_zip": "10009", "segmentlength": "244.19263712", "streetwidth": "50", "lsubsect": "4A", "special_disaster": null, "r_blockfaceid": "1222605729", "fcc": null, "boroughcode": "1", "to_level_code": "13", "post_modifier": null, "pre_modifier": null, "bike_trafdir": "TW", "continuous_parity_flag": null, "trafdir": "TW", "number_total_lanes": "4", "twisted_parity_flag": "N", "snow_priority": "C", "modified_date": "2026-08-04T14:35:18.000Z", "number_travel_lanes": "2", "physicalid": "4347", "from_level_code": "13", "accessible": null, "l_high_hn": "159", "seglocstatus": "X"}}]}