{"type": "FeatureCollection", "features": [{"type": "Feature", "geometry": {"type": "MultiPolygon", "coordinates": [[[[-73.98869581023129, 40.72985453257274], [-73.98869711150486, 40.72985255338275], [-73.9887229744794, 40.72986374833891], [-73.98874556937423, 40.7298735354751], [-73.98876331126564, 40.72988122124698], [-73.9887816958893, 40.72988918443538], [-73.98878183786624, 40.72988961669324], [-73.98878192065429, 40.7298900579505], [-73.98878196792991, 40.729890499204274], [-73.98878196078556, 40.72989074774394], [-73.98878195601816, 40.72989094045229], [-73.98878189675649, 40.729891381695694], [-73.98878179014493, 40.729891822934476], [-73.98878163618497, 40.729892255163584], [-73.98878143487815, 40.729892669377904], [-73.98878118622295, 40.72989307458251], [-73.98878090205984, 40.7298934527684], [-73.98878057054836, 40.72989382194459], [-73.9887801916915, 40.729894164100884], [-73.98877978916427, 40.72989447923964], [-73.98877933929013, 40.729894776363615], [-73.98877887758465, 40.72989503746609], [-73.98877836853526, 40.72989526254362], [-73.98877784765295, 40.72989546060472], [-73.98875365524388, 40.72989640107689], [-73.98873238671, 40.729897228366035], [-73.98867528708041, 40.729899448821605], [-73.98867486092358, 40.7298994938051], [-73.98867442293388, 40.729899511772196], [-73.98867398494876, 40.72989950272405], [-73.98867355880577, 40.729899466661784], [-73.9886731326673, 40.72989940358427], [-73.98867271837092, 40.729899313492666], [-73.98867230407913, 40.7298991963858], [-73.98867191346842, 40.729899043260914], [-73.98867154653419, 40.729898881133295], [-73.98867119144357, 40.72989868298647], [-73.98867086002943, 40.72989847583691], [-73.98867055229637, 40.72989823266938], [-73.98867028007727, 40.7298979805002], [-73.9886700315362, 40.72989771032319], [-73.98866980667314, 40.72989742213832], [-73.98866962916152, 40.72989712495307], [-73.98866947532639, 40.72989681876501], [-73.98866935700674, 40.7298964945703], [-73.98866927419954, 40.729896170379085], [-73.98866923874222, 40.72989584619254], [-73.9886692269614, 40.72989551300321], [-73.98866926253048, 40.729895179818556], [-73.98866932177299, 40.729894855641334], [-73.98866942836386, 40.729894540473836], [-73.9886695586297, 40.72989422530867], [-73.98866973624389, 40.729893919153255], [-73.98866993752998, 40.72989363101036], [-73.98867017432696, 40.72989335187601], [-73.9886704466333, 40.72989309075533], [-73.98867738873841, 40.729882538378796], [-73.98868812928215, 40.72986621411546], [-73.98868896522345, 40.729864942679576], [-73.98869581023129, 40.72985453257274]]]]}, "properties": {"shape_area": "293.493738446", "shape_leng": "78.1979351879", "feat_code": "3800", "status": "Unchanged", "sub_code": "380000", "source_id": "12380000296.0"}}, {"type": "Feature", "geometry": {"type": "MultiPolygon", "coordinates": [[[[-73.98555943048055, 40.726051255116865], [-73.9857185941367, 40.725829329214434], [-73.98571997979806, 40.725820253155824], [-73.98564683492006, 40.72572527367733], [-73.9856296847411, 40.72570300465123], [-73.98562555554518, 40.725694551057494], [-73.98562559138965, 40.725682025881724], [-73.98563550288956, 40.725668224116056], [-73.98565293529404, 40.72567708909951], [-73.98565325366727, 40.72567725033028], [-73.98566015266654, 40.72568017334155], [-73.98566667529188, 40.72567743750672], [-73.9857918292596, 40.7254964903213], [-73.98576209129419, 40.72548838927037], [-73.9857491722016, 40.725479775203425], [-73.98572269942188, 40.72546880912654], [-73.98571605256285, 40.72546588795126], [-73.98569489647592, 40.72545659117071], [-73.98566750793778, 40.72544384466086], [-73.98564054919406, 40.72543057680336], [-73.98561403799826, 40.72541679660579], [-73.98558799210349, 40.725402513976235], [-73.98556242571276, 40.7253877352204], [-73.98553735776223, 40.725372472948095], [-73.98551280245455, 40.72535673436545], [-73.98549258690869, 40.725339029612634], [-73.98547175459277, 40.72532174081358], [-73.985450322075, 40.72530488237819], [-73.98542830355719, 40.72528846421359], [-73.9854057167912, 40.72527250072977], [-73.98538257716253, 40.72525700183405], [-73.98535890123948, 40.725241980135245], [-73.98533470795847, 40.72522744554106], [-73.98530994515484, 40.72521377535783], [-73.9851311760548, 40.725135335177896], [-73.98505121139573, 40.72510337115856], [-73.98482113488643, 40.72503467093405], [-73.98451432964889, 40.72490830936043], [-73.98452381606519, 40.724895649477446], [-73.98453425443445, 40.724881718202575], [-73.98469303979137, 40.72494903626998], [-73.98482383665943, 40.725005792863136], [-73.98492459269325, 40.72502991993251], [-73.98498481751236, 40.725045074365426], [-73.9853498671836, 40.72518961348156], [-73.98539531121594, 40.725223761156705], [-73.98564650636605, 40.725382186889995], [-73.98568512254921, 40.72540322488788], [-73.98569221297751, 40.725402023589574], [-73.98586280992558, 40.72516937202417], [-73.98586374600536, 40.725159145957704], [-73.98579732065814, 40.725067160683295], [-73.98579560218197, 40.725060665099086], [-73.98580568763204, 40.72504648962778], [-73.98593557307515, 40.724867493356804], [-73.98594477642868, 40.72487116135381], [-73.98595492299773, 40.72487559489795], [-73.98597637365158, 40.7248849673101], [-73.98584067677427, 40.72507383609416], [-73.98584178392427, 40.725082973696274], [-73.98587492838146, 40.725113021452586], [-73.98589789841485, 40.72513598544939], [-73.98590027332979, 40.72515046862822], [-73.98587344465825, 40.725182830537435], [-73.98586797492847, 40.725194082627944], [-73.98571514751258, 40.72541958186159], [-73.98576255855619, 40.72544541073193], [-73.98577964682009, 40.72545264303096], [-73.98579709621623, 40.72545936118133], [-73.98581488188944, 40.72546555527418], [-73.9858329742497, 40.725471215400155], [-73.98585134607448, 40.72547633165014], [-73.98586996777276, 40.72548089861734], [-73.98588881093809, 40.7254849063925], [-73.9859078447957, 40.725488350469256], [-73.98592704212204, 40.72549122454062], [-73.98594636977461, 40.7254935250004], [-73.98596580052954, 40.72549524734272], [-73.98598530361123, 40.72549638976271], [-73.98600484587708, 40.72549694955476], [-73.98601003761793, 40.725496156837224], [-73.9860150069537, 40.72549476885593], [-73.98601963906145, 40.725492818915775], [-73.98602382503373, 40.725490352929654], [-73.98602746543044, 40.72548742761753], [-73.98603047382876, 40.72548411410921], [-73.98603277919283, 40.72548048803888], [-73.98603432942289, 40.725476636749626], [-73.986035679022, 40.72546430714321], [-73.98607497750606, 40.72545540856948], [-73.98607919752487, 40.725459927834244], [-73.98608400589914, 40.72546410497651], [-73.98608935292363, 40.725467897666334], [-73.98609518179094, 40.725471264473256], [-73.98610143095733, 40.72547417117051], [-73.9861080376946, 40.72547658713312], [-73.98611492980417, 40.72547848713807], [-73.98612203626982, 40.725479851365556], [-73.98612928252342, 40.72548066449792], [-73.98624953526877, 40.72542214132957], [-73.98625227578154, 40.72542058557713], [-73.98625457842817, 40.72541858762242], [-73.98625634613023, 40.7254162330022], [-73.98625750548052, 40.725413618062234], [-73.98625800792583, 40.72541085355936], [-73.98625783213642, 40.72540805475618], [-73.98625698519032, 40.72540533871974], [-73.98625550375779, 40.72540281891851], [-73.98625344818413, 40.72540060161978], [-73.98621825194675, 40.72534848675308], [-73.98621356593773, 40.72534214570769], [-73.98620960675906, 40.72533552379028], [-73.98620640399231, 40.7253286687315], [-73.98620397893292, 40.72532163096247], [-73.98620235169261, 40.725314460013664], [-73.98620153172939, 40.725307209916735], [-73.9862015261343, 40.72529993200163], [-73.98620233489632, 40.725292678497844], [-73.98620395208557, 40.72528550343525], [-73.98620636585461, 40.72527845814132], [-73.98620955962144, 40.725271593042564], [-73.98636886497667, 40.72505478923156], [-73.98637810621993, 40.72505863910115], [-73.98639135145162, 40.725064156285704], [-73.98638424297788, 40.72506701726331], [-73.9862334953789, 40.72527890263763], [-73.98623056245611, 40.725300846792884], [-73.98623147217073, 40.725326302492455], [-73.98626908031747, 40.725380375349665], [-73.98627390942875, 40.725387344965185], [-73.98627791109506, 40.72539461705293], [-73.9862810533688, 40.72540213487711], [-73.98628331258847, 40.72540983990189], [-73.98628466864415, 40.72541766998982], [-73.98628511326264, 40.72542556300481], [-73.98628302341635, 40.72542882710125], [-73.98628023763477, 40.72543179034468], [-73.98627683642518, 40.725434366295815], [-73.98627292396624, 40.72543647752321], [-73.98626861271936, 40.72543806190512], [-73.98614350778618, 40.72549809826514], [-73.98614029434752, 40.7255027120868], [-73.9861377780391, 40.725507570030295], [-73.98613598964903, 40.7255126117652], [-73.98613495049656, 40.7255177742585], [-73.98613467361555, 40.725522993575694], [-73.98613516257089, 40.725528203979955], [-73.98613641145792, 40.72553334063401], [-73.98613840371843, 40.72553834050018], [-73.98614111687611, 40.72554314054004], [-73.9861445154334, 40.7255476804152], [-73.98614855797338, 40.72555190518955], [-73.98615319242587, 40.725555760826275], [-73.98615836316809, 40.72555920049207], [-73.9864876622359, 40.72569575587831], [-73.98647827418881, 40.72570908050892], [-73.98646854750952, 40.72572288687131], [-73.98620973015615, 40.72561438084517], [-73.98608215386294, 40.725564181026094], [-73.98608196840033, 40.72556239169217], [-73.9860806792244, 40.72555748376197], [-73.98607863483663, 40.725552720722455], [-73.9860758636317, 40.72554816741358], [-73.98607240465694, 40.725543890477695], [-73.98606830761412, 40.72553994935442], [-73.98606363049147, 40.72553639988224], [-73.98605843838055, 40.72553329159691], [-73.98605280465958, 40.72553066863224], [-73.98604680981029, 40.725528567918815], [-73.98604053786687, 40.72552702008404], [-73.98603407759992, 40.72552604585034], [-73.9860275189653, 40.72552565963674], [-73.98602095783893, 40.72552586685795], [-73.98601448299664, 40.72552666392269], [-73.98599718459194, 40.72552785769629], [-73.98597983304255, 40.72552847603555], [-73.98596246149198, 40.72552851714343], [-73.98594510426734, 40.72552798012364], [-73.98592779332768, 40.72552686768161], [-73.9859105618159, 40.72552518072189], [-73.98589344287457, 40.725522922850665], [-73.98587646964593, 40.72552009767403], [-73.9858596740881, 40.7255167124001], [-73.98584308815954, 40.725512771535364], [-73.98582674500173, 40.72550828318866], [-73.98569193784301, 40.72569114459528], [-73.98567453784626, 40.7257076838823], [-73.98568459681663, 40.72572918928916], [-73.98569311091114, 40.72574054216426], [-73.98575682530478, 40.7258254941795], [-73.9857560521734, 40.72583192732033], [-73.98558694741592, 40.72606247170259], [-73.98557407485293, 40.726057224625684], [-73.98555943048055, 40.726051255116865]]]]}, "properties": {"shape_area": "13774.388211", "shape_leng": "2609.96160074", "feat_code": "3800", "status": "Unchanged", "sub_code": "380010", "source_id": "12380000597.0"}}, {"type": "Feature", "geometry": {"type": "MultiPolygon", "coordinates": [[[[-73.98665501761684, 40.72517266697653], [-73.98667194500278, 40.725179531717046], [-73.98669002518761, 40.72518686395256], [-73.98663658368896, 40.7252589588242], [-73.98657028277631, 40.725348401379144], [-73.98656627045844, 40.7253527215537], [-73.98656298010829, 40.72535738220471], [-73.98656046263763, 40.72536231399911], [-73.98655875475548, 40.72536744129845], [-73.986557881334, 40.72537269026391], [-73.9865578565937, 40.72537797985135], [-73.98655868055043, 40.72538323261698], [-73.98656034020001, 40.72538836931448], [-73.98656281070103, 40.725393313397646], [-73.98657158169537, 40.72540497781439], [-73.98659111645792, 40.72543095437465], [-73.98659511399646, 40.72543539434984], [-73.98659969870171, 40.725439503005894], [-73.98660481850173, 40.72544323351014], [-73.98661041658858, 40.72544654533315], [-73.98661643141887, 40.72544940154667], [-73.98662279671335, 40.72545177062524], [-73.98662944027363, 40.72545362554505], [-73.98663502579048, 40.72545470230186], [-73.9866362898999, 40.725454945586], [-73.98664636901144, 40.725454086769254], [-73.98666121483794, 40.72545282237428], [-73.98665104190381, 40.72546706274624], [-73.9866442895454, 40.72547651460687], [-73.9866340562203, 40.72549083781707], [-73.98663293454825, 40.72548861162841], [-73.98656258065795, 40.72543644685484], [-73.98655823119239, 40.725433888901385], [-73.9865557990424, 40.72543245860901], [-73.98654951229078, 40.72542802556914], [-73.98654567194112, 40.72542478688983], [-73.98654529077392, 40.725424915618106], [-73.98653803082682, 40.725415720571895], [-73.98652851302172, 40.72540366434378], [-73.98652869058738, 40.725403587821255], [-73.98652710982304, 40.725400541214114], [-73.98652468930267, 40.72539429049738], [-73.98652405061434, 40.725391856346604], [-73.98652301215401, 40.7253879011892], [-73.98652209493781, 40.72538142462057], [-73.98652194237798, 40.72537491302157], [-73.98652255683086, 40.72536841952254], [-73.98652393355142, 40.7253619945514], [-73.98652606187561, 40.725355691236956], [-73.9865467417285, 40.72532634066107], [-73.98654726387483, 40.725325600503616], [-73.98654870717786, 40.72532355111357], [-73.98665501761684, 40.72517266697653]]]]}, "properties": {"shape_area": "1258.09961883", "shape_leng": "287.229266197", "feat_code": "3800", "status": "Unchanged", "sub_code": "380010", "source_id": "12380000598.0"}}, {"type": "Feature", "geometry": {"type": "MultiPolygon", "coordinates": [[[[-73.98667827518211, 40.72413765595381], [-73.98678630132261, 40.72398464756872], [-73.98634269658487, 40.723789884991305], [-73.98622619360381, 40.723954724642105], [-73.98621082178535, 40.72394831928089], [-73.98619497655395, 40.72394171664937], [-73.9863272905343, 40.72375430854406], [-73.98682931938562, 40.72397391032277], [-73.98670224564894, 40.72414719151537], [-73.98669380811009, 40.72414383524321], [-73.98667827518211, 40.72413765595381]]]]}, "properties": {"shape_area": "2659.04789563", "shape_leng": "601.105714533", "feat_code": "3800", "status": "Unchanged", "sub_code": "380010", "source_id": "12380000620.0"}}, {"type": "Feature", "geometry": {"type": "MultiPolygon", "coordinates": [[[[-73.9864799272501, 40.724854031114546], [-73.9865180710667, 40.724799223396616], [-73.98664926589291, 40.72461877934984], [-73.98667199956223, 40.72458712458373], [-73.98682516265403, 40.7245835014526], [-73.98693420236519, 40.72443663092461], [-73.98693765596991, 40.724438100046925], [-73.98694404123124, 40.72444082661246], [-73.98695369664678, 40.72444495023801], [-73.98685943376996, 40.72457342867129], [-73.98686043626884, 40.72459772272216], [-73.98686078378378, 40.72460615693072], [-73.9867613839402, 40.7246129119707], [-73.98674855672989, 40.72461268086529], [-73.98672823453724, 40.724612884741234], [-73.9867079347205, 40.72461365683746], [-73.98668768687078, 40.72461499625685], [-73.98668330002933, 40.724616098873334], [-73.98667919952986, 40.724617712111424], [-73.98667549072589, 40.724619794559985], [-73.98667227068773, 40.72462229219974], [-73.98649902986364, 40.724862066798075], [-73.98648788548543, 40.72485739274888], [-73.9864799272501, 40.724854031114546]]]]}, "properties": {"shape_area": "1551.94766743", "shape_leng": "445.491917073", "feat_code": "3800", "status": "Unchanged", "sub_code": "380010", "source_id": "12380000595.0"}}, {"type": "Feature", "geometry": {"type": "MultiPolygon", "coordinates": [[[[-73.98708371406777, 40.724302006359856], [-73.98708439240207, 40.72430147063298], [-73.98710629400739, 40.72427409760772], [-73.98717627434256, 40.72416583179683], [-73.98717281372214, 40.724151661898716], [-73.98709973489764, 40.7240505238459], [-73.98709712136827, 40.72403852336693], [-73.98709827993642, 40.724033540078636], [-73.9872442032808, 40.723809759076154], [-73.98726153350005, 40.72378209735006], [-73.98727375477537, 40.723787237007436], [-73.9872873442299, 40.72379295133947], [-73.98713088325198, 40.72402816138359], [-73.98712939080826, 40.724033613800216], [-73.98718168332987, 40.724093411646], [-73.98720506835164, 40.72412550839606], [-73.98721599850856, 40.72414822135335], [-73.98722030621238, 40.72416456067091], [-73.98722066248173, 40.72417077512462], [-73.98711636369974, 40.72431488369744], [-73.9871158740707, 40.72431892963053], [-73.9871138529279, 40.724328436980514], [-73.98710468155045, 40.72432473305986], [-73.98709295827103, 40.72432080462565], [-73.98706976973487, 40.724313035131985], [-73.98708371406777, 40.724302006359856]]]]}, "properties": {"shape_area": "2068.40700758", "shape_leng": "458.539781602", "feat_code": "3800", "status": "Unchanged", "sub_code": "380010", "source_id": "12380000596.0"}}, {"type": "Feature", "geometry": {"type": "MultiPolygon", "coordinates": [[[[-73.98832064847875, 40.72726327329292], [-73.98827423903816, 40.727243548332964], [-73.98825956225153, 40.727237305410604], [-73.98819847607186, 40.72721133749585], [-73.98813737810121, 40.72718537855247], [-73.98807629201681, 40.727159410572696], [-73.98801520597996, 40.72713344256042], [-73.98799333290552, 40.72712414522923], [-73.98795411999077, 40.727107474515655], [-73.98789303404915, 40.72708150643835], [-73.98783193631657, 40.727055547332434], [-73.98777016395084, 40.72702944404093], [-73.98770837979494, 40.72700334972001], [-73.98767600349689, 40.72698967203203], [-73.98764659568904, 40.726977246360754], [-73.9875848116316, 40.72695114296826], [-73.98752302762087, 40.726925048547585], [-73.98746124366018, 40.72689894508856], [-73.98739947158317, 40.7268728506027], [-73.98734447328951, 40.726849614143035], [-73.98733768771925, 40.726846747077246], [-73.98727590390207, 40.726820652523614], [-73.98721412013502, 40.72679454893164], [-73.98715233641457, 40.72676845431153], [-73.98709069475241, 40.726742530770764], [-73.98702905313816, 40.72671660719694], [-73.98696741157191, 40.726690683589965], [-73.98691062751712, 40.72666680285648], [-73.98690577005358, 40.72666475994994], [-73.98684412858147, 40.726638845281926], [-73.98678248715903, 40.72661292157572], [-73.98672083394771, 40.726586997835064], [-73.98665919262127, 40.726561074062666], [-73.98659755134271, 40.726535150257135], [-73.98653591011035, 40.72650923542367], [-73.9864742689277, 40.726483311551995], [-73.98641728756756, 40.72645934770447], [-73.98641262779306, 40.72645738764725], [-73.98635098670614, 40.726431464609874], [-73.9863496256334, 40.726430653089984], [-73.98634891078122, 40.72643019284517], [-73.98634831191526, 40.72642980645582], [-73.98634703371512, 40.72642892380549], [-73.98634580286983, 40.7264280051404], [-73.9863446075407, 40.72642705946428], [-73.98634344772778, 40.72642608677706], [-73.9863423471065, 40.72642507807646], [-73.98634129384007, 40.72642403336114], [-73.98634028792482, 40.72642297064129], [-73.98633931752572, 40.72642188091032], [-73.98633841815332, 40.72642076417251], [-73.9863375542953, 40.72641962942873], [-73.98633674962707, 40.726418467676744], [-73.98633600414686, 40.72641728792155], [-73.98633582665695, 40.72641698082695], [-73.98633530601965, 40.72641608115669], [-73.98633465524175, 40.72641486539236], [-73.9863340754887, 40.72641363162632], [-73.98633354308679, 40.72641237985569], [-73.98633306987104, 40.726411119086976], [-73.9863326676783, 40.72640984932164], [-73.98633231283675, 40.72640856155171], [-73.98633201718128, 40.72640726478372], [-73.98633178071012, 40.726405968022746], [-73.98633173343417, 40.726405619520165], [-73.98633160342509, 40.72640466226374], [-73.98633148532416, 40.726403357412245], [-73.98633142640972, 40.726402041761666], [-73.98633142667939, 40.72640072701865], [-73.98633149797018, 40.72639941228405], [-73.98633161660655, 40.72639810656014], [-73.98633180626403, 40.72639680084466], [-73.98633204326708, 40.72639550413994], [-73.98633235129125, 40.7263942074436], [-73.98633270665908, 40.72639292876305], [-73.98633313304806, 40.72639165009097], [-73.98633360678076, 40.726390389434656], [-73.9863340674497, 40.72638933949588], [-73.98633415153085, 40.72638914679694], [-73.9863347436265, 40.72638791316994], [-73.98633538306585, 40.726386697558766], [-73.98633609352258, 40.72638549996616], [-73.98633685132302, 40.72638432038935], [-73.98633765646714, 40.72638315882837], [-73.98634104275371, 40.72637853961918], [-73.98637163771517, 40.726336795649225], [-73.98640644772033, 40.726289324931614], [-73.98644126951089, 40.726241863209616], [-73.98645060898845, 40.7262291338137], [-73.98647609125186, 40.72619440147683], [-73.98651090110641, 40.72614693973181], [-73.98654572275001, 40.72609946897223], [-73.98658054434217, 40.726052007206924], [-73.98661536588476, 40.726004545430776], [-73.98665017554096, 40.72595708364239], [-73.98667173853288, 40.72592781329416], [-73.9866786388758, 40.72591844609747], [-73.98668369454577, 40.72591159380872], [-73.98668411367682, 40.725911046347676], [-73.98668440493721, 40.725910666366566], [-73.98668517450886, 40.72590975694147], [-73.98668596774866, 40.72590887453435], [-73.98668680833369, 40.72590800113781], [-73.98668769626038, 40.72590715476202], [-73.98668860785517, 40.725906335404204], [-73.98668956679157, 40.72590554306713], [-73.98669054939793, 40.72590476874296], [-73.98669157934415, 40.725904030444596], [-73.9866926329603, 40.72590331015921], [-73.98669372207951, 40.725902625898215], [-73.98669484670536, 40.72590195965149], [-73.98669599499758, 40.72590132942785], [-73.98669716695613, 40.72590073522732], [-73.98669837441955, 40.72590016804613], [-73.98669960555092, 40.72589962878349], [-73.98670086034714, 40.72589913274792], [-73.98670129833984, 40.72589897070692], [-73.98670212697456, 40.72589866462956], [-73.9867034291069, 40.72589822353052], [-73.98670474306698, 40.72589782745828], [-73.98670606885844, 40.72589745840266], [-73.98670741831617, 40.72589712537012], [-73.98670877960352, 40.72589682835928], [-73.98671015272045, 40.72589656737016], [-73.98671153766514, 40.72589635140783], [-73.98671293444117, 40.72589616246213], [-73.98671434304681, 40.72589600953814], [-73.98671575164349, 40.72589590163959], [-73.98671716023475, 40.72589582075628], [-73.98671858065377, 40.725895784899784], [-73.98671989216744, 40.72589578505105], [-73.9867199892289, 40.72589578506224], [-73.9867214096336, 40.725895821246404], [-73.98672281819438, 40.725895893449554], [-73.98672422674791, 40.72589600167305], [-73.98672563529254, 40.725896154921976], [-73.98672703199504, 40.72589633518479], [-73.9867284168518, 40.725896560471696], [-73.98672978986639, 40.72589681277246], [-73.9867311510353, 40.7258971100973], [-73.98673250036207, 40.72589743443603], [-73.98673382600637, 40.72589780379748], [-73.9867351516453, 40.72589820017417], [-73.98673644176672, 40.72589863256712], [-73.9867377200443, 40.72589910097901], [-73.98673897464118, 40.72589960540857], [-73.9867414944789, 40.725900660194796], [-73.9867988282075, 40.725924655442014], [-73.98685889484342, 40.72594989457538], [-73.9869189615249, 40.72597513367735], [-73.98697904008867, 40.72600037274928], [-73.9870391068594, 40.726025620793486], [-73.98709917367732, 40.726050859801184], [-73.98715925237761, 40.72607609877881], [-73.98720441795436, 40.72609507753119], [-73.9872193192866, 40.726101337723655], [-73.98727938624103, 40.72612657663709], [-73.98733946507612, 40.726151824525516], [-73.98739953212161, 40.72617706337608], [-73.9874595992126, 40.72620230219525], [-73.98751966634904, 40.72622754098301], [-73.98757974536785, 40.726252779740605], [-73.98763981259367, 40.72627802747056], [-73.9876797150115, 40.726294794721404], [-73.98769987986662, 40.72630326616406], [-73.98775994718513, 40.72632850482609], [-73.98781951740483, 40.726353725393935], [-73.98787907583277, 40.72637894592967], [-73.98793863430579, 40.72640416643447], [-73.98799819282384, 40.72642938690837], [-73.98805775138703, 40.72645460735142], [-73.98811730999529, 40.726479827763534], [-73.98817686865024, 40.72650503913967], [-73.98823642734865, 40.72653025949], [-73.98827436171686, 40.72654632933914], [-73.9882959860921, 40.72655547980947], [-73.98835554488068, 40.726580700098005], [-73.98841510371433, 40.72660592035566], [-73.98847467442997, 40.726631140583635], [-73.98853423335377, 40.72665636077948], [-73.98859379232263, 40.72668158094445], [-73.98865335133662, 40.72670680107856], [-73.98871291039568, 40.72673202118172], [-73.98872728529838, 40.72673810912962], [-73.98877246949982, 40.726757241254006], [-73.98879382178075, 40.72676628444344], [-73.98883202864904, 40.72678246129543], [-73.98883252101717, 40.72678274680449], [-73.98883302285397, 40.72678303771755], [-73.98883399337909, 40.72678365015768], [-73.98883494022735, 40.72678428060574], [-73.98883585156034, 40.726784938065606], [-73.98883673921497, 40.726785622538436], [-73.98883759135583, 40.72678632501801], [-73.98883840798136, 40.72678705450939], [-73.98883918909318, 40.72678780200748], [-73.98883993468971, 40.72678857651738], [-73.9888406566109, 40.7267893600301], [-73.98884133117988, 40.72679017055347], [-73.98884197023662, 40.72679099007852], [-73.98884257377956, 40.72679182761029], [-73.98884312997181, 40.726792683147615], [-73.98884366248721, 40.72679355669284], [-73.98884413581642, 40.72679443923743], [-73.98884456890258, 40.72679530736997], [-73.98884458546884, 40.72679533978991], [-73.98884497593666, 40.72679624033665], [-73.9888453427276, 40.72679715889122], [-73.98884566216935, 40.72679808644634], [-73.9888459342619, 40.72679902300196], [-73.98884615900675, 40.726799959553], [-73.98884634823932, 40.72680090510567], [-73.98884649012253, 40.726801860559355], [-73.98884659649525, 40.72680281420857], [-73.98884665552013, 40.726803768753726], [-73.98884666719731, 40.72680472329429], [-73.98884663152526, 40.72680568683537], [-73.98884656034393, 40.72680664136786], [-73.9888464418164, 40.72680758689074], [-73.98884627593965, 40.72680854141412], [-73.98884607455362, 40.72680948692896], [-73.98884601770037, 40.72680970214505], [-73.98884582582139, 40.726810423434074], [-73.98884552974292, 40.72681135092957], [-73.98884519815367, 40.726812278421626], [-73.98884481921972, 40.7268131878989], [-73.98884440477647, 40.726814088367654], [-73.98884394298699, 40.726814979826706], [-73.98884344568829, 40.726815862277235], [-73.98884291288174, 40.726816726714176], [-73.98884233273047, 40.72681757313631], [-73.98883915494906, 40.726822048357555], [-73.98882769883002, 40.72683818436592], [-73.98880945380348, 40.7268638651078], [-73.98877652747247, 40.72691022010064], [-73.98874360109566, 40.72695657508377], [-73.98871067467297, 40.72700293005716], [-73.98867773636604, 40.7270492940248], [-73.9886448098518, 40.727095648978754], [-73.98861188329168, 40.72714200392305], [-73.98858408346842, 40.727180398867766], [-73.98855629545015, 40.72721879380679], [-73.98852849556278, 40.72725718873767], [-73.9885114225306, 40.72728078036712], [-73.98850069564328, 40.72729558456218], [-73.98850028116767, 40.72729662821051], [-73.98849981934696, 40.72729765474446], [-73.98849932201672, 40.72729867226978], [-73.98849876550456, 40.72729967177899], [-73.98849816164737, 40.727300653273296], [-73.98849752228068, 40.727301625759004], [-73.98849683556901, 40.72730258022977], [-73.98849610151393, 40.72730350768051], [-73.98849533194934, 40.72730442612265], [-73.98849451504131, 40.72730531754476], [-73.98849366262532, 40.72730619095318], [-73.98849277470299, 40.72730703734274], [-73.98849183943719, 40.727307856712294], [-73.98849088050042, 40.727308658069305], [-73.98848987422025, 40.727309432406344], [-73.98848883243366, 40.72731017972453], [-73.988487890097, 40.72731081719056], [-73.98848776697767, 40.72731090002509], [-73.98848665417988, 40.72731158430055], [-73.9884855295481, 40.72731225056461], [-73.98848435757601, 40.72731287179849], [-73.98848317376999, 40.72731347502103], [-73.98848195445913, 40.72731404221963], [-73.98848071148049, 40.72731457339552], [-73.98847944483225, 40.72731507845423], [-73.9884781545165, 40.72731554568922], [-73.98847684053277, 40.727315977801986], [-73.98847551471827, 40.72731637389318], [-73.98847417707138, 40.72731674296788], [-73.98847281575821, 40.72731706701479], [-73.98847143077722, 40.72731735503897], [-73.98847046247754, 40.72731753774532], [-73.98847004580091, 40.72731761604785], [-73.98846864899541, 40.72731783203009], [-73.98846724035906, 40.72731801199079], [-73.98846581989191, 40.72731815592993], [-73.988464399431, 40.727318263848694], [-73.98846297897637, 40.7273183357471], [-73.98846155852948, 40.72731836262001], [-73.98846012625026, 40.72731836247649], [-73.98845869397881, 40.72731831730748], [-73.9884572735507, 40.72731823611931], [-73.98845585312877, 40.727318118910766], [-73.98845444455166, 40.72731795667794], [-73.98845303597925, 40.72731776742983], [-73.9884516392517, 40.72731753315746], [-73.98845025436582, 40.72731727187099], [-73.98844898667019, 40.72731698898406], [-73.98844888132479, 40.72731696556025], [-73.98844753196248, 40.72731663223664], [-73.98844619444505, 40.72731625388873], [-73.98844486876928, 40.72731584852673], [-73.98844356677539, 40.727315398141634], [-73.9884422766232, 40.727314920742444], [-73.98844102198835, 40.72731440732646], [-73.98842875145642, 40.727309198451415], [-73.98840247166953, 40.72729804120453], [-73.98838173475363, 40.72728924114268], [-73.98832064847875, 40.72726327329292]], [[-73.98868994743522, 40.72691648277275], [-73.98871989594974, 40.72687538378339], [-73.98877661391886, 40.72679754843647], [-73.98877522317883, 40.72679696206963], [-73.98876753209107, 40.72679371858709], [-73.98872462162394, 40.72677526656775], [-73.9884734040056, 40.72666723915744], [-73.98826119120527, 40.72657773504708], [-73.98802763050816, 40.72647878108745], [-73.98791987982888, 40.72643117973681], [-73.98782957304924, 40.72639128488463], [-73.98752029465794, 40.72626035469742], [-73.98728857296726, 40.72616286456156], [-73.98725841992717, 40.726150178460344], [-73.98693345111334, 40.72601040645911], [-73.98671231000094, 40.72592313173445], [-73.9867090953871, 40.72592186254623], [-73.98657509341864, 40.72609941116581], [-73.98655831973848, 40.7261216355717], [-73.98653320673432, 40.72615696140568], [-73.98643034022955, 40.72630165751854], [-73.98636026254448, 40.72640023245667], [-73.98636159595539, 40.726408961247884], [-73.98641337161908, 40.72643185470435], [-73.98655824424614, 40.7264959105008], [-73.98692607261987, 40.726653145691934], [-73.98693165445327, 40.72665543451876], [-73.98737119425518, 40.72683570781648], [-73.98738990344289, 40.72684338130223], [-73.98771447921956, 40.72697854675444], [-73.98781704693947, 40.72702125978328], [-73.98801773800987, 40.727106560833434], [-73.98808337499885, 40.72713445910604], [-73.98810225474233, 40.727142483691836], [-73.98811845968855, 40.72712858511037], [-73.98812003439264, 40.7271264249521], [-73.9881942349822, 40.727157278614186], [-73.98825773097988, 40.72718405723514], [-73.98827107738444, 40.7271896858752], [-73.98827424828023, 40.72719102345384], [-73.98843336136942, 40.72725812655574], [-73.9884871066459, 40.72718656490195], [-73.98861004287822, 40.72702287632388], [-73.98868323910406, 40.726925415161745], [-73.98868994743522, 40.72691648277275]]]]}, "properties": {"shape_area": "19448.5280383", "shape_leng": "3502.89290422", "feat_code": "3800", "status": "Unchanged", "sub_code": "380000", "source_id": "12380001338.0"}}, {"type": "Feature", "geometry": {"type": "MultiPolygon", "coordinates": [[[[-73.9851354389308, 40.72747864105691], [-73.98508616122302, 40.72745784553825], [-73.9850761646011, 40.7274536262597], [-73.9850168903138, 40.72742862043694], [-73.98495761607101, 40.72740361458362], [-73.98489834187473, 40.727378599694575], [-73.98483906772091, 40.72735359378007], [-73.98477979361157, 40.72732858783495], [-73.98472053138578, 40.727303572855696], [-73.98466125736547, 40.727278566849385], [-73.98460198338958, 40.727253560812485], [-73.98454270945818, 40.72722855474495], [-73.98451121191631, 40.7272152617032], [-73.98448343557335, 40.72720353964178], [-73.98442416173093, 40.72717853351304], [-73.98436785517252, 40.72715477946394], [-73.98436488793298, 40.72715352735374], [-73.98436231719361, 40.727152441891455], [-73.98432574689672, 40.727136999495606], [-73.98430805354477, 40.7271295291657], [-73.98430453712639, 40.72712804374733], [-73.98424418636588, 40.7271025601092], [-73.98418382381458, 40.727077076437695], [-73.98412347314645, 40.72705159273614], [-73.98406312252229, 40.72702611800792], [-73.98400276010945, 40.72700063424127], [-73.9839424095798, 40.726975150444495], [-73.98388205909625, 40.72694966661602], [-73.98382169682189, 40.726924182754196], [-73.98381446518758, 40.72692113081376], [-73.98376134642852, 40.726898707867335], [-73.98370099608343, 40.726873223943706], [-73.9836406457845, 40.72684773998837], [-73.98358169207651, 40.72682312068897], [-73.98352273841213, 40.72679850135933], [-73.98346378478902, 40.72677389100451], [-73.98340483121171, 40.7267492716143], [-73.98334587767795, 40.72672465219387], [-73.98328692418774, 40.726700032743125], [-73.98323513131591, 40.726678403994576], [-73.983231646896, 40.72667695366781], [-73.9832279707386, 40.72667542316774], [-73.9832268700518, 40.7266748457812], [-73.98322580488231, 40.72667424228504], [-73.98322475155885, 40.72667360277024], [-73.98322373375062, 40.72667294525044], [-73.9832227514599, 40.72667226072054], [-73.98322179284983, 40.72667154917884], [-73.98322088159419, 40.72667081062872], [-73.9832199940169, 40.72667005407187], [-73.9832191419572, 40.72666927050494], [-73.983218325415, 40.7266684599279], [-73.98321754438578, 40.72666764035093], [-73.9832167988741, 40.72666679376391], [-73.98321610071683, 40.72666592016848], [-73.98321562266611, 40.72666528433947], [-73.98321543807256, 40.726665037573134], [-73.98321481094356, 40.72666413697278], [-73.98321423116445, 40.72666322737424], [-73.98321369873976, 40.72666229076738], [-73.98321320182585, 40.726661354165635], [-73.98321275226631, 40.72666039055553], [-73.9832123382175, 40.72665942695061], [-73.98321197152083, 40.726658445342416], [-73.98321165217178, 40.726657463741155], [-73.98321138017486, 40.72665646413657], [-73.98321128558582, 40.726656042684624], [-73.98321115552557, 40.726655464538894], [-73.98321096638902, 40.72665445684187], [-73.98321083643745, 40.726653447352405], [-73.9832107419986, 40.72665242976354], [-73.98321069490737, 40.72665141218159], [-73.98321069516373, 40.72665039460652], [-73.98321074276544, 40.726649386043505], [-73.98321083771698, 40.726648368482245], [-73.98321096817698, 40.72664735993126], [-73.98321115782146, 40.7266463513889], [-73.98321138297435, 40.7266453518568], [-73.98321166731174, 40.726644352333395], [-73.98321198715526, 40.72664337082531], [-73.98321235434638, 40.72664238932409], [-73.9832124123823, 40.72664224975368], [-73.98321275704365, 40.726641425838245], [-73.98321321892539, 40.72664046236106], [-73.98321371631322, 40.72663951689919], [-73.98321424920724, 40.72663858945267], [-73.98321482944431, 40.72663768002324], [-73.98321545702669, 40.72663677960578], [-73.98321777786587, 40.72663357413229], [-73.98324675283042, 40.72659348769416], [-73.98327855773982, 40.726549556486376], [-73.9833103507727, 40.72650561626273], [-73.98334214376361, 40.726461676030034], [-73.9833739485495, 40.72641773579003], [-73.98340574145661, 40.726373795539224], [-73.98343753432172, 40.726329855279396], [-73.98346932714496, 40.72628591501051], [-73.98350113176085, 40.72624198373941], [-73.98353292450024, 40.72619804345246], [-73.9835637935977, 40.72615543577797], [-73.98356450403955, 40.72615449034491], [-73.98356524998519, 40.726153571932215], [-73.98356605511266, 40.72615266253305], [-73.98356688390707, 40.72615178015257], [-73.98356776004204, 40.72615092479405], [-73.98356867168296, 40.72615008745079], [-73.98356961882766, 40.72614927712787], [-73.98357061331505, 40.726148484821834], [-73.98357163146724, 40.72614772853955], [-73.9835726851254, 40.726146990272554], [-73.98357377428506, 40.72614628803092], [-73.98357488711169, 40.72614561280793], [-73.98357603544198, 40.726144964605254], [-73.9835772074393, 40.72614434342122], [-73.98357841493814, 40.72614375826258], [-73.9835796461039, 40.726143200122586], [-73.9835808890976, 40.726142678004656], [-73.98358216759277, 40.72614219191212], [-73.98358346975495, 40.726141732838194], [-73.98358422737041, 40.726141490709274], [-73.98358431023473, 40.726141463705815], [-73.98358478374503, 40.7261413097863], [-73.98358612139985, 40.72614092275812], [-73.9835873951243, 40.726140582547295], [-73.9835874578634, 40.72614056634704], [-73.98358883219542, 40.72614024776278], [-73.98359021717081, 40.72613996880237], [-73.98359160213957, 40.72613971685722], [-73.98359301077082, 40.72613950994088], [-73.98359441939314, 40.72613933904489], [-73.98359583984569, 40.72613919516582], [-73.98359726028713, 40.72613909631219], [-73.98359869255653, 40.726139033480585], [-73.98360011297797, 40.72613901567271], [-73.98360154522962, 40.72613902488181], [-73.98360297747242, 40.72613907011122], [-73.98360439786732, 40.72613916036439], [-73.98360581825554, 40.7261392776328], [-73.98360722679593, 40.726139439924964], [-73.98360781979943, 40.726139523756736], [-73.98360863532746, 40.72613963823746], [-73.98361003201333, 40.72613987256863], [-73.98361141685571, 40.72614013391336], [-73.98361278985027, 40.72614044028182], [-73.98361413916238, 40.72614078266726], [-73.98361548846563, 40.72614116107304], [-73.98361681408858, 40.726141566490725], [-73.98361811602913, 40.726142007925375], [-73.98361939428503, 40.726142494382096], [-73.9836206606997, 40.72614299884728], [-73.98368017004482, 40.72616805045214], [-73.98373843670059, 40.72619256154526], [-73.98379670339922, 40.726217072608826], [-73.9838549701429, 40.726241574637726], [-73.98391323692725, 40.72626608564218], [-73.98397150375446, 40.726290596617034], [-73.98402977062669, 40.72631509855725], [-73.98408803753962, 40.72633960947296], [-73.98414978417124, 40.726365624688135], [-73.98421153085324, 40.72639163086506], [-73.98427327758127, 40.72641764601382], [-73.98427612287941, 40.72641884407928], [-73.98433502435961, 40.72644365212428], [-73.9843967711841, 40.726469667206636], [-73.98445851805674, 40.726495682255795], [-73.98452026497974, 40.726521688266644], [-73.98458201194879, 40.72654770324939], [-73.98464375896819, 40.726573709193886], [-73.98470550603363, 40.726599724110216], [-73.98476726498626, 40.72662572998981], [-73.9848298998255, 40.726652141180615], [-73.98484293692137, 40.72665763600192], [-73.98489254655327, 40.726678543333705], [-73.98495519333066, 40.72670494545261], [-73.98501782832086, 40.72673134753582], [-73.98508047519553, 40.72675775859147], [-73.98514312212185, 40.72678416060784], [-73.98520576909783, 40.726810562590046], [-73.98526840428656, 40.72683696453656], [-73.98533105135982, 40.726863375455494], [-73.98539369848471, 40.726889777335195], [-73.98545634565924, 40.726916179180705], [-73.98551898104652, 40.72694258099053], [-73.98554084426009, 40.726951816655635], [-73.98557837344191, 40.72696766761707], [-73.98557948600856, 40.7269681630363], [-73.98558058673247, 40.726968685469295], [-73.98558166377663, 40.726969234914606], [-73.98558270530216, 40.72696982037575], [-73.98558341661304, 40.72697023740043], [-73.98558373498686, 40.726970423845636], [-73.9855847173179, 40.726971054324835], [-73.98558568780416, 40.72697172082292], [-73.98558662277767, 40.726972396321614], [-73.98558752223255, 40.72697310783623], [-73.98558839800963, 40.726973837358045], [-73.98558922643305, 40.72697459388915], [-73.98559003118064, 40.72697535942243], [-73.98559080040953, 40.72697616097161], [-73.98559153412566, 40.72697697152142], [-73.98559223232705, 40.726977800076966], [-73.98559288317479, 40.72697865564186], [-73.98559349850972, 40.726979520207344], [-73.9855940783299, 40.72698040277859], [-73.98559462263728, 40.726981294350495], [-73.98559511959293, 40.72698220392663], [-73.98559558103383, 40.72698313150849], [-73.98559599512497, 40.72698406808953], [-73.98559611579516, 40.72698437697918], [-73.98559636186828, 40.72698500466465], [-73.98559669309677, 40.72698595924552], [-73.98559697697554, 40.72698692282552], [-73.9855972253415, 40.726987895406154], [-73.98559742635962, 40.72698886798088], [-73.9855975800299, 40.72698984054971], [-73.98559769818739, 40.726990822119184], [-73.9855977571579, 40.72699181358682], [-73.98559779245684, 40.7269927942454], [-73.98559776856885, 40.72699378480219], [-73.98559769733495, 40.72699476634797], [-73.98559759059017, 40.72699574788931], [-73.98559743649754, 40.72699672942467], [-73.98559724689596, 40.72699770195056], [-73.98559699810957, 40.72699867446904], [-73.9855967138162, 40.72699962897289], [-73.98559639401196, 40.7270005834723], [-73.98559601502481, 40.72700152895919], [-73.98559561236567, 40.72700246543806], [-73.9855951505256, 40.72700338389935], [-73.98559466501158, 40.727004302357685], [-73.9855941203186, 40.727005193793325], [-73.9855935519536, 40.727006076220874], [-73.98559293624268, 40.727006949637456], [-73.98559227318974, 40.72700779603286], [-73.9855915864648, 40.7270086334202], [-73.9855908642346, 40.72700944468829], [-73.98558650693123, 40.72701545864174], [-73.98555612417722, 40.7270574545684], [-73.9855213840696, 40.72710546533821], [-73.98548664391191, 40.727153476097214], [-73.98545191554116, 40.727201486846916], [-73.98541717528339, 40.72724949758439], [-73.98538243497553, 40.72729750831099], [-73.98534770645466, 40.72734551902833], [-73.98531296604868, 40.72739352072827], [-73.98527822559068, 40.72744153142253], [-73.98524787797125, 40.72748347323942], [-73.9852443624765, 40.72748832923304], [-73.9852434850826, 40.72748954210598], [-73.98524243135793, 40.727490568550955], [-73.98524131845396, 40.727491567973125], [-73.98524015820973, 40.72749253136884], [-73.98523896246036, 40.72749346774474], [-73.98523771937069, 40.72749436809418], [-73.98523644077581, 40.727495241423796], [-73.98523511484068, 40.727496078726986], [-73.9852337534024, 40.727496880005255], [-73.98523263348135, 40.72749749400864], [-73.98523235646086, 40.72749764525861], [-73.98523093585517, 40.727498365483484], [-73.98522946790705, 40.72749905958746], [-73.9852279762952, 40.727499706861934], [-73.98522646101699, 40.72750031901354], [-73.98522491023756, 40.727500886135104], [-73.98522334763105, 40.72750140822971], [-73.9852217495214, 40.72750189429939], [-73.98522012774755, 40.727502335340546], [-73.98521849414462, 40.72750274035982], [-73.98521683687954, 40.72750309134546], [-73.98521517962251, 40.72750340631076], [-73.9852134987013, 40.727503676247565], [-73.98521179411595, 40.72750390115586], [-73.98521010137769, 40.727504081040216], [-73.98520838497727, 40.727504206890984], [-73.98520668042188, 40.72750429672288], [-73.98520495220244, 40.727504341526284], [-73.98520340509981, 40.72750434132749], [-73.98520323582999, 40.727504341305725], [-73.98520151946953, 40.727504287054636], [-73.98519981495411, 40.72750419678467], [-73.98519809861172, 40.72750406148772], [-73.98519639411833, 40.72750387216173], [-73.98519471330707, 40.727503646818434], [-73.98518686015944, 40.727500335538], [-73.98516758533127, 40.72749220686517], [-73.9851354389308, 40.72747864105691]], [[-73.98360948715153, 40.72616543433915], [-73.98360608183548, 40.726164884543884], [-73.98360259944343, 40.72616489035154], [-73.98359919622129, 40.726165451784496], [-73.98359602487011, 40.7261665436501], [-73.98359322389221, 40.72616811824127], [-73.98359091877566, 40.72617010353511], [-73.98358921370559, 40.72617241309763], [-73.98354612038558, 40.726235591160275], [-73.98340818049209, 40.726423504885645], [-73.98325980724812, 40.72663312819494], [-73.98325797290833, 40.72663633013799], [-73.98325689726468, 40.72663972670129], [-73.98325661585416, 40.72664321343089], [-73.98325713580553, 40.726646684968415], [-73.98325844175784, 40.72665003415101], [-73.98326049349131, 40.72665315921527], [-73.9832632294781, 40.7266559646983], [-73.98359201834684, 40.7267953639739], [-73.98382163909825, 40.72688890981273], [-73.98384238123796, 40.72689757832234], [-73.98430531642765, 40.727091045546196], [-73.98432896912055, 40.72710093005156], [-73.98434612508376, 40.72710833456807], [-73.98438802376091, 40.72712641887259], [-73.98453409408977, 40.727189466100725], [-73.98477399804852, 40.727293013367444], [-73.98502952478343, 40.72739871888362], [-73.98520474530895, 40.72747120367565], [-73.9853506196731, 40.72728032526048], [-73.98556654372815, 40.72699981069984], [-73.9855684594513, 40.72699748942806], [-73.98556968986928, 40.72699491412685], [-73.98557017932386, 40.72699219825342], [-73.98556990766538, 40.72698946607541], [-73.98556888433755, 40.726986837361736], [-73.98556715784592, 40.72698443278667], [-73.98556480392422, 40.72698235771911], [-73.98556192908455, 40.726980706725904], [-73.9854510450809, 40.72693241468633], [-73.98535673137035, 40.72689133862487], [-73.98504388256694, 40.7267576565893], [-73.984856063378, 40.72668140576155], [-73.98473792547404, 40.726633443466135], [-73.9843272076295, 40.726462362735994], [-73.98426282023188, 40.72643551428466], [-73.98398171465297, 40.726318297693815], [-73.98361266625388, 40.72616651540244], [-73.98360948715153, 40.72616543433915]]]]}, "properties": {"shape_area": "15315.459862", "shape_leng": "3355.77486456", "feat_code": "3800", "status": "Unchanged", "sub_code": "380000", "source_id": "12380001341.0"}}, {"type": "Feature", "geometry": {"type": "MultiPolygon", "coordinates": [[[[-73.98796308479571, 40.72787056662308], [-73.98793221241318, 40.7278574862033], [-73.9879007790071, 40.727844166180965], [-73.98783847326786, 40.72781776570505], [-73.98783451879565, 40.727816093042506], [-73.98777741036798, 40.727791941652846], [-73.9877758385227, 40.7277912769105], [-73.98771634751547, 40.727766117568166], [-73.98765528470858, 40.72774030245613], [-73.98759422195066, 40.72771447830654], [-73.98753315924013, 40.727688654124464], [-73.98750524250578, 40.72767685263232], [-73.98747209657517, 40.72766283891501], [-73.98741103395929, 40.72763701466795], [-73.98734997139067, 40.72761119038845], [-73.98728890886771, 40.72758537508158], [-73.98722784639374, 40.72755955073714], [-73.98716866586143, 40.72753475314995], [-73.98710947353787, 40.72750994652593], [-73.98705029309372, 40.727485148877776], [-73.98699111269532, 40.727460342194014], [-73.9869319323392, 40.72743554448488], [-73.98688211079778, 40.72741467312975], [-73.98687274019011, 40.727410746743836], [-73.98681355992387, 40.72738593996861], [-73.98675437969992, 40.72736114216792], [-73.98669519952179, 40.72733633533168], [-73.98663600754897, 40.727311537468665], [-73.98657682745896, 40.72728673057139], [-73.98651764741119, 40.72726193264872], [-73.98649157743039, 40.72725100912244], [-73.98645846740746, 40.727237134695535], [-73.98639927561263, 40.727212327705395], [-73.98633977613689, 40.72718734054646], [-73.98628027670763, 40.72716234435156], [-73.98622076548422, 40.72713735712955], [-73.98616126614422, 40.727112360873], [-73.986101766847, 40.727087373590734], [-73.98604394001232, 40.727063085275205], [-73.98604225575929, 40.72706237727112], [-73.98598275655131, 40.72703738992714], [-73.98592904515, 40.727014834633756], [-73.98592325738973, 40.7270123944478], [-73.98592218035364, 40.72701179007466], [-73.98592135660614, 40.72701129199254], [-73.98592113883397, 40.72701115959111], [-73.985920120994, 40.72701050209515], [-73.98591913867061, 40.72700981758828], [-73.98591818002689, 40.72700910606906], [-73.98591725689982, 40.727008367538886], [-73.98591636928745, 40.727007611002854], [-73.98591551719167, 40.7270068274559], [-73.98591471244949, 40.72700601689946], [-73.98591393138315, 40.72700519734086], [-73.98591318583343, 40.7270043507713], [-73.98591248763539, 40.72700348619737], [-73.9859118249521, 40.727002603617564], [-73.98591119778348, 40.727001703031945], [-73.98591061796462, 40.727000793447075], [-73.9859100736624, 40.726999856851215], [-73.98590957670802, 40.726998920261174], [-73.98590933179297, 40.72699839973708], [-73.9859091271053, 40.72699796566674], [-73.9859087130173, 40.72699699306644], [-73.98590834627716, 40.72699602047201], [-73.98590802688867, 40.72699502987315], [-73.98590774301107, 40.72699403927864], [-73.9859075183202, 40.72699303968626], [-73.98590732914212, 40.72699203109319], [-73.98590718731188, 40.7269910225059], [-73.9859070928314, 40.72699000491928], [-73.98590704569683, 40.72698899634357], [-73.98590703407488, 40.726987979667626], [-73.98590708163812, 40.726986961197916], [-73.98590716471011, 40.726985952638124], [-73.98590730696883, 40.72698493508049], [-73.98590748473649, 40.7269839265323], [-73.98590764586996, 40.72698321334899], [-73.98590770985008, 40.72698292699502], [-73.9859079823096, 40.72698193646859], [-73.98590829027998, 40.7269809459465], [-73.98590865743135, 40.72697997344182], [-73.98590906009358, 40.726979000941505], [-73.98590951009982, 40.726978046457184], [-73.985909995615, 40.72697710098227], [-73.98591052847611, 40.72697616451823], [-73.98591110868122, 40.726975246070154], [-73.98591172439338, 40.72697434563661], [-73.98591610535975, 40.72696823171725], [-73.98592069945332, 40.72696182065582], [-73.98593578298862, 40.72694079201473], [-73.9859432910077, 40.726930323615214], [-73.9859762192133, 40.7268844737177], [-73.98600915920868, 40.726838632817014], [-73.9860420991587, 40.726792791906576], [-73.98606908928312, 40.72675522414262], [-73.98607503906533, 40.72674694198141], [-73.9861079789247, 40.726701101051574], [-73.98614091874063, 40.72665525110691], [-73.98617385850942, 40.72660941015769], [-73.98620679823283, 40.72656356919872], [-73.98623781976612, 40.72652049256326], [-73.98623834665159, 40.726519792930794], [-73.9862385656939, 40.72651950209257], [-73.9862393471248, 40.726518547646485], [-73.98624018773825, 40.726517602212546], [-73.98624105201985, 40.72651668379671], [-73.98624196364335, 40.72651579240183], [-73.98624292260877, 40.72651492802782], [-73.98624391708105, 40.72651408166821], [-73.98624494705831, 40.72651326232811], [-73.98624601253879, 40.72651247901259], [-73.98624711352616, 40.72651171371154], [-73.98624825001667, 40.72651098443505], [-73.98624942201224, 40.72651028217805], [-73.98625061767409, 40.726509615944195], [-73.98625186067778, 40.72650897673127], [-73.98625311551076, 40.726508374440634], [-73.98625439401042, 40.72650780637209], [-73.98625570801305, 40.726507275228705], [-73.98625586782326, 40.72650721491369], [-73.9862570456838, 40.72650677110337], [-73.98625840701904, 40.72650631200627], [-73.98625978018555, 40.72650587992585], [-73.98626117701652, 40.72650549287367], [-73.9862625975156, 40.72650513283958], [-73.98626401800544, 40.72650481783093], [-73.9862654621616, 40.72650453884542], [-73.98626691814718, 40.72650429588166], [-73.9862683859603, 40.72650409794476], [-73.98626985376605, 40.72650393602817], [-73.98627125646023, 40.726503816427744], [-73.98627132156417, 40.726503811032465], [-73.98627281302714, 40.72650372926395], [-73.98627430448244, 40.72650368441632], [-73.98627579593038, 40.72650367558899], [-73.98627727553217, 40.7265037117857], [-73.98627876696342, 40.726503784004166], [-73.98628024655034, 40.72650389224152], [-73.98628172612804, 40.72650404550434], [-73.98628319386147, 40.72650423478608], [-73.98628464974875, 40.72650446909183], [-73.98628609379357, 40.72650473041141], [-73.98628752599231, 40.72650503675503], [-73.98628894634491, 40.726505388122675], [-73.98629034301824, 40.72650576650274], [-73.98629172784725, 40.72650618090172], [-73.9862930889933, 40.72650664032333], [-73.98629443829697, 40.726507126758776], [-73.98629537451704, 40.726507499680906], [-73.98629575208261, 40.72650764921034], [-73.9863573909206, 40.72653323278481], [-73.9863574761391, 40.72653326701426], [-73.98641777993821, 40.72655829028159], [-73.9864780837808, 40.72658332252234], [-73.98653838766862, 40.72660835473146], [-73.9865986916018, 40.72663338690886], [-73.98665899558027, 40.72665841905464], [-73.986719299604, 40.726683451168725], [-73.98677960367311, 40.726708483251116], [-73.9868399077875, 40.72673351530188], [-73.98685571942771, 40.726740076414806], [-73.98690021194892, 40.72675853831587], [-73.98696051615391, 40.726783570303255], [-73.98702082040423, 40.726808602259034], [-73.98708112469977, 40.726833634183095], [-73.98714142904068, 40.72685866607551], [-73.98720173342689, 40.72688369793623], [-73.98726203785834, 40.7269087297653], [-73.98728952462123, 40.72692014044936], [-73.98732234233516, 40.72693376156273], [-73.98738510864547, 40.72696036948873], [-73.98744787500425, 40.72698698638551], [-73.98751064141311, 40.727013603248], [-73.98757340787212, 40.72704022007614], [-73.98762298666355, 40.72706124509414], [-73.98763617438127, 40.72706683686999], [-73.98769894094227, 40.72709344462445], [-73.98776170755168, 40.727120061349666], [-73.98782447421124, 40.7271466780406], [-73.98788724092093, 40.72717329469719], [-73.98793636067145, 40.727194117817554], [-73.98795000768244, 40.72719990231438], [-73.9880127744924, 40.72722651890238], [-73.9880755413525, 40.72725313545603], [-73.98813830826273, 40.727279751975395], [-73.98820107522478, 40.727306359455355], [-73.98826384223528, 40.72733297590608], [-73.98827422252764, 40.727337381352314], [-73.98832660929594, 40.72735959232249], [-73.9883552172689, 40.72737171606807], [-73.98838937640672, 40.72738620870461], [-73.9883903942831, 40.72738683015833], [-73.98839125473607, 40.727387399366656], [-73.98839138847914, 40.72738748763003], [-73.98839234715943, 40.72738817211335], [-73.98839328216252, 40.7273888746045], [-73.9883941816498, 40.727389604107316], [-73.9883950456229, 40.72739035161672], [-73.98839587408024, 40.727391126137825], [-73.98839666702335, 40.727391918665504], [-73.98839742445226, 40.72739272919974], [-73.98839814636538, 40.7273935667457], [-73.98839882092727, 40.72739442229705], [-73.98839947181355, 40.72739528685112], [-73.98840007534695, 40.72739617841567], [-73.98840064336775, 40.727397078981674], [-73.98840116403888, 40.72739798854805], [-73.98840164919578, 40.72739891612102], [-73.98840208700143, 40.72739986169939], [-73.98840211894826, 40.727399937345346], [-73.988402489296, 40.727400807274186], [-73.98840284423932, 40.72740177085434], [-73.98840315183294, 40.727402743434865], [-73.98840341207843, 40.72740371601063], [-73.98840363681126, 40.72740469758788], [-73.9884038141944, 40.72740568816542], [-73.98840395606643, 40.72740667873943], [-73.98840403875158, 40.72740767921306], [-73.98840408592595, 40.72740867788211], [-73.98840408575359, 40.72740966844181], [-73.98840403823151, 40.72741066800179], [-73.98840395519832, 40.727411667558236], [-73.98840381298155, 40.72741265810362], [-73.98840374781467, 40.72741302100212], [-73.98840363525363, 40.72741364864543], [-73.98840341017916, 40.72741463017736], [-73.98840314959514, 40.72741560270065], [-73.98840282982592, 40.72741657521798], [-73.98840247454714, 40.727417538726655], [-73.9884020837604, 40.727418484221566], [-73.98840163378846, 40.72741942971048], [-73.98840116014557, 40.72742035718684], [-73.98840062732062, 40.727421266647085], [-73.98840007082315, 40.72742216709986], [-73.98839945514209, 40.727423058541575], [-73.98839725527986, 40.72742616417485], [-73.98838741391286, 40.72744005893437], [-73.98836449175265, 40.727472420907276], [-73.98833141084611, 40.727519253023104], [-73.9882983417302, 40.72756608513027], [-73.98829273193486, 40.727574026147195], [-73.98827417626623, 40.72760029390188], [-73.98826526546682, 40.727612910022884], [-73.98823218915616, 40.72765973940825], [-73.98819911043093, 40.72770657238561], [-73.98818283982033, 40.72772960843318], [-73.98816603994709, 40.727753394547875], [-73.98815398438214, 40.72777046245221], [-73.98813295994503, 40.727800228406], [-73.98810540770712, 40.727841107760966], [-73.98807648194604, 40.7278841310783], [-73.98807586625955, 40.727885004508046], [-73.9880752150633, 40.727885868928986], [-73.98807467990743, 40.72788652894652], [-73.98807452835891, 40.72788671533612], [-73.98807380614798, 40.7278875347243], [-73.98807303659015, 40.72788834510251], [-73.98807224336295, 40.72788912846295], [-73.98807140279042, 40.72788989380831], [-73.9880705385485, 40.72789063213596], [-73.9880696387984, 40.72789135244977], [-73.98806870354174, 40.72789204574462], [-73.98806774461568, 40.727892712021735], [-73.9880667501815, 40.727893360284995], [-73.98806573207786, 40.72789398153053], [-73.98806469030642, 40.72789456675323], [-73.98806361302681, 40.72789513396207], [-73.9880625120794, 40.727895665148125], [-73.98806138746095, 40.72789617832152], [-73.98806025101169, 40.72789665637383], [-73.9880590790578, 40.727897096601104], [-73.98805883401374, 40.727897183925045], [-73.98805789526983, 40.72789751971746], [-73.9880566996528, 40.727897897807125], [-73.98805548036474, 40.72789825788417], [-73.98805424924605, 40.72789858193963], [-73.9880529944595, 40.727898869972186], [-73.9880517396794, 40.72789912198445], [-73.9880504612299, 40.72789934697899], [-73.98804918278529, 40.72789954495824], [-73.98804859446791, 40.72789961423633], [-73.98804789251157, 40.72789969791079], [-73.9880466022427, 40.727899823848084], [-73.98804530014316, 40.72789991376379], [-73.98804399805007, 40.72789996765913], [-73.98804269596188, 40.72789999453918], [-73.98804139388011, 40.727899985398864], [-73.9880400918048, 40.727899940238196], [-73.98803878973595, 40.72789985905715], [-73.98803748767202, 40.72789975086083], [-73.9880367419492, 40.72789966253351], [-73.98803619745324, 40.727899597640295], [-73.98803491907643, 40.7278994174057], [-73.98803364070449, 40.727899210155854], [-73.98803237417776, 40.72789895788176], [-73.98803113133019, 40.72789867859491], [-73.98802988848742, 40.727898372292714], [-73.98802865748826, 40.72789802997141], [-73.98802745016984, 40.727897651632205], [-73.98802626653051, 40.72789724628018], [-73.98802509473323, 40.727896813914114], [-73.98802394661664, 40.727896345530155], [-73.98801712540342, 40.727893455087845], [-73.98798808287835, 40.72788115021155], [-73.98796308479571, 40.72787056662308]], [[-73.98628365744034, 40.7265293113137], [-73.98627976912876, 40.72652881106795], [-73.98627582625278, 40.72652886823067], [-73.98627196612037, 40.72652948191759], [-73.98626832249268, 40.726530629632], [-73.98626502321575, 40.72653227356783], [-73.98626218311956, 40.726534354305166], [-73.98625989928135, 40.726536799814916], [-73.98616823434045, 40.72665725622282], [-73.9861222741348, 40.726719232721344], [-73.98602311905455, 40.72685293999673], [-73.9859642179321, 40.72693413442014], [-73.9859348798007, 40.72697457719673], [-73.98593479969293, 40.7269783683293], [-73.98593563340954, 40.726982106443494], [-73.98593735256846, 40.72698566636506], [-73.98593990037797, 40.726988926518366], [-73.98594318808422, 40.726991777030356], [-73.98594710680767, 40.72699412063283], [-73.98605640345579, 40.727039049501876], [-73.98626122129477, 40.72712324468631], [-73.98649214444558, 40.727221699426956], [-73.98652299617827, 40.727234531691174], [-73.98677545152661, 40.727339536880535], [-73.98693693730166, 40.727410052548485], [-73.98701499827199, 40.72744413933334], [-73.9872415230283, 40.72753432990214], [-73.98755344001168, 40.72766806168237], [-73.98755608775134, 40.727669214619816], [-73.98780705884418, 40.72777853712097], [-73.98792625312, 40.72782752295023], [-73.9880142851111, 40.72786370108204], [-73.98801858058681, 40.72786488839969], [-73.98802309634827, 40.72786543457778], [-73.98802766549571, 40.72786531888733], [-73.98803212349216, 40.727864546714216], [-73.98803630698048, 40.72786314505682], [-73.98804006443599, 40.727861166128896], [-73.98804325735165, 40.72785868195676], [-73.98816042056843, 40.727688509610665], [-73.98818279842139, 40.72765600714404], [-73.98820705883101, 40.72762077002055], [-73.98830339526538, 40.727483486473105], [-73.98834288779885, 40.727425974979774], [-73.98834388626454, 40.72742252523159], [-73.9883440395797, 40.727418995252535], [-73.98834334180526, 40.727415503909164], [-73.98834181659491, 40.72741216827009], [-73.98833951601198, 40.72740910090407], [-73.98833651697932, 40.72740640447689], [-73.98833292009554, 40.72740417175113], [-73.98825410353969, 40.72736870079994], [-73.98791460911457, 40.72722615834298], [-73.98763879293438, 40.72711035063998], [-73.98763732052868, 40.72710973183231], [-73.98728025083345, 40.72695493508854], [-73.98695450774854, 40.726813716859695], [-73.98684416614117, 40.72676637355753], [-73.98654786041749, 40.72663924059307], [-73.98631433018141, 40.726541627622126], [-73.98628735625054, 40.726530352742564], [-73.98628365744034, 40.7265293113137]]]]}, "properties": {"shape_area": "17819.7999425", "shape_leng": "3474.19983194", "feat_code": "3800", "status": "Unchanged", "sub_code": "380000", "source_id": "12380001350.0"}}, {"type": "Feature", "geometry": {"type": "MultiPolygon", "coordinates": [[[[-73.98469765331807, 40.72806424760802], [-73.9846363783264, 40.7280384848983], [-73.9845751152171, 40.72801273116255], [-73.98451385215729, 40.72798696838903], [-73.9844525891427, 40.727961214587886], [-73.98439131434048, 40.72793545174739], [-73.98433005142273, 40.727909688875805], [-73.9842687885503, 40.727883934976646], [-73.98420751389014, 40.727858172038076], [-73.98414625111455, 40.727832409068384], [-73.98408498838411, 40.727806655071156], [-73.98402372570324, 40.72778089203614], [-73.98400867634727, 40.72777456747489], [-73.98396245123043, 40.72775513797188], [-73.9839011886443, 40.727729374871444], [-73.98383992610547, 40.72770361173839], [-73.9837786517748, 40.727677857576055], [-73.9837173893307, 40.72765209437761], [-73.98365612693182, 40.727626340151566], [-73.98359486458247, 40.72760057688771], [-73.98353359044347, 40.7275748135895], [-73.98347232818662, 40.727549059265414], [-73.98341106597941, 40.727523295903524], [-73.98334980381728, 40.72749754151404], [-73.98334017065417, 40.7274934923335], [-73.98328852986775, 40.72747177808505], [-73.9832272678026, 40.7274460146251], [-73.98316600578259, 40.72742026013757], [-73.98310473197513, 40.72739449661054], [-73.98304347004984, 40.72736874205761], [-73.98298220817415, 40.72734297846688], [-73.98292094634587, 40.72731721484351], [-73.9828596727256, 40.72729146019079], [-73.98280424600539, 40.727268146757645], [-73.98279841099182, 40.72726569740253], [-73.98279727480657, 40.727265047965936], [-73.9827961623021, 40.727264372418055], [-73.98279590548225, 40.727264204885024], [-73.9827956238089, 40.727264021139156], [-73.98279508531564, 40.72726366986023], [-73.98279404384954, 40.72726293128734], [-73.98279302606213, 40.72726217470784], [-73.98279205563213, 40.72726138211504], [-73.98279112071778, 40.727260571517334], [-73.98279020948443, 40.72725973390791], [-73.98278934560611, 40.72725886929027], [-73.98278852908051, 40.72725798666959], [-73.98278774807059, 40.72725708604399], [-73.98278700257643, 40.72725616741349], [-73.98278648547989, 40.72725546764083], [-73.98278630443724, 40.72725522177484], [-73.98278565365075, 40.727254258133065], [-73.98278503837763, 40.72725328549154], [-73.9827844704572, 40.727252294846885], [-73.98278394988947, 40.72725128619913], [-73.9827834766721, 40.72725026855335], [-73.98278303897042, 40.72724923290277], [-73.98278266045611, 40.72724818825589], [-73.98278232928983, 40.72724714361608], [-73.98278203363924, 40.72724608097141], [-73.98278179717344, 40.72724501923614], [-73.9827816080608, 40.727243937696734], [-73.98278146629363, 40.72724286606999], [-73.9827813837138, 40.727241785447], [-73.98278133899497, 40.727240772367864], [-73.98278133664499, 40.727240704829335], [-73.9827813369242, 40.727239624218775], [-73.98278139638843, 40.727238543617034], [-73.98278150320068, 40.72723746302238], [-73.98278165736093, 40.72723638243478], [-73.98278185886689, 40.72723531085941], [-73.98278210771849, 40.72723424829617], [-73.98278240391579, 40.72723319474509], [-73.98278275929809, 40.727232141202855], [-73.98278315018673, 40.72723110567615], [-73.98278358842339, 40.72723007015648], [-73.98278407400106, 40.727229061659166], [-73.98278441506977, 40.72722843045345], [-73.98278461876372, 40.72722805317067], [-73.9827851871957, 40.72722706269597], [-73.98278581480804, 40.72722609024021], [-73.98278647792671, 40.72722513579994], [-73.98282003586164, 40.727179088788695], [-73.98285403186463, 40.72713247451211], [-73.98288802782237, 40.727085851220025], [-73.98292202373024, 40.72703923692276], [-73.98295601959059, 40.72699262261509], [-73.98299001540563, 40.72694599929205], [-73.98302401117081, 40.726899384963716], [-73.9830241082675, 40.72689925260323], [-73.98305800688843, 40.726852770625115], [-73.98309200256077, 40.72680614727102], [-73.98312464827971, 40.72676148681824], [-73.98312533504907, 40.72676058641], [-73.98312605732225, 40.7267597130222], [-73.9831268269386, 40.72675885765151], [-73.98312755746892, 40.726758097729025], [-73.98312763206114, 40.72675802029619], [-73.98312847268755, 40.726757209961335], [-73.98312934882014, 40.72675641764185], [-73.98313026045665, 40.72675565234287], [-73.98313120759703, 40.726754914064315], [-73.98313219024352, 40.726754193801135], [-73.98313319655708, 40.726753500556676], [-73.98313425020913, 40.72675284333951], [-73.98313531569354, 40.72675220413423], [-73.98313641667957, 40.72675160095456], [-73.9831375531695, 40.7267510247953], [-73.98313870148944, 40.72675047565299], [-73.98313988531332, 40.72674995353116], [-73.98314108096272, 40.72674947643651], [-73.98314123840854, 40.72674941792651], [-73.98314231211806, 40.72674901825772], [-73.98314355509932, 40.726748603305076], [-73.98314480991047, 40.72674821626993], [-73.98314608838633, 40.7267478652586], [-73.98314739052918, 40.72674754126597], [-73.98314869266063, 40.72674726229882], [-73.98315001845903, 40.726747010350344], [-73.98315134424836, 40.72674679442221], [-73.98315268186548, 40.72674661451615], [-73.98315403131042, 40.726746470632165], [-73.98315538074618, 40.726746362768516], [-73.98315674200983, 40.72674629092693], [-73.98315810326434, 40.7267462551057], [-73.98315945148934, 40.72674625440236], [-73.98315948581596, 40.7267462562084], [-73.98316081390917, 40.72674629152249], [-73.98316217513633, 40.72674636376229], [-73.98316352451981, 40.72674646301559], [-73.98316487389192, 40.7267466072943], [-73.98316621141802, 40.72674678759163], [-73.98316754893499, 40.72674700390931], [-73.98316886277134, 40.72674724723879], [-73.98317017659633, 40.72674753559364], [-73.98317146674069, 40.72674785096032], [-73.983172745039, 40.726748202345625], [-73.98317401149134, 40.72674858974952], [-73.9831752542608, 40.72674901317033], [-73.9831764851865, 40.72674946360465], [-73.98317652542794, 40.72674947981967], [-73.98317657277082, 40.726749498737306], [-73.98317768059468, 40.72674994104902], [-73.98317895884531, 40.726750481541124], [-73.98323974683667, 40.726776001822884], [-73.98330186046138, 40.72680211660061], [-73.98336398596949, 40.72682824035152], [-73.98342609968934, 40.72685436406713], [-73.9834882134601, 40.72688047874407], [-73.98355033911432, 40.72690660239418], [-73.98361245298025, 40.726932726008975], [-73.9836745787341, 40.72695884058675], [-73.98373669269742, 40.72698496413434], [-73.9837615300116, 40.726995409040256], [-73.9837988185464, 40.72701108764999], [-73.98386093260937, 40.727037202125295], [-73.98392304671879, 40.72706332557208], [-73.98398215457033, 40.727088259895396], [-73.98404125062697, 40.72711320319171], [-73.98410035856699, 40.7271381374542], [-73.9841594547121, 40.72716308068967], [-73.98421856274052, 40.72718801489127], [-73.98427765897412, 40.72721295806594], [-73.98433676709107, 40.727237892206674], [-73.98439586341523, 40.727262826315446], [-73.98445351817622, 40.727287156858175], [-73.98445497161855, 40.72728776940041], [-73.98451406803117, 40.72731270344829], [-73.98457316448594, 40.72733764647088], [-73.98463608398103, 40.727364165863676], [-73.98469900352622, 40.72739068522196], [-73.98476192311941, 40.727417213550886], [-73.98482483092776, 40.72744373283867], [-73.98488775062317, 40.72747025209356], [-73.98495067036663, 40.72749678031903], [-73.98501359016221, 40.727523299504966], [-73.98504532585436, 40.727536683391016], [-73.98507649816884, 40.72754982765996], [-73.98511689424133, 40.727566897530394], [-73.98513063459087, 40.72757270848791], [-73.98513538198925, 40.72757471633501], [-73.98513657741621, 40.727575238784446], [-73.98513773732397, 40.72757579724962], [-73.98513887355159, 40.727576382726994], [-73.98513998609707, 40.727577004221665], [-73.98514107496237, 40.727577652728534], [-73.98514212831051, 40.727578328246075], [-73.98514314614349, 40.72757902176917], [-73.98514414029431, 40.72757975130956], [-73.98514508709087, 40.72758050785911], [-73.98514601020932, 40.727581282415805], [-73.98514689781051, 40.72758208398316], [-73.9851470871618, 40.72758227131337], [-73.98514773805749, 40.7275829125596], [-73.98514855462636, 40.7275837591432], [-73.98514932384296, 40.72758462373089], [-73.98515005754238, 40.72758551532922], [-73.98515074389154, 40.72758641592655], [-73.9851513947255, 40.72758733452948], [-73.98515199820521, 40.727588280141525], [-73.98515256617166, 40.727589234754106], [-73.98515308678792, 40.72759019836567], [-73.98515356004991, 40.72759118898637], [-73.98515398596363, 40.72759217960094], [-73.98515437636416, 40.72759317921608], [-73.98515470757536, 40.72759419683374], [-73.98515500327336, 40.72759522345192], [-73.98515525162308, 40.72759625006393], [-73.98515545262256, 40.72759728567498], [-73.98515560627376, 40.72759832127992], [-73.98515562635303, 40.72759851759343], [-73.9851557125747, 40.72759936588387], [-73.98515577152514, 40.727600420387276], [-73.985155771481, 40.7276006184992], [-73.98515578312971, 40.72760146407845], [-73.98515574738583, 40.72760250866407], [-73.98515565245658, 40.727603553242055], [-73.98515552201614, 40.727604597815464], [-73.98515534422941, 40.72760563337763], [-73.98515511909441, 40.72760666893373], [-73.98515484661512, 40.72760768647358], [-73.98515452678755, 40.7276087040073], [-73.9851541596117, 40.72760972153489], [-73.98515375693063, 40.72761071204265], [-73.98515329506421, 40.72761170254279], [-73.98515307953586, 40.727612123052616], [-73.98515279769056, 40.72761267502818], [-73.98515225297068, 40.72761363850238], [-73.98515166090647, 40.72761458396024], [-73.98515103333301, 40.72761552040848], [-73.98515035841729, 40.72761642983533], [-73.98514964799435, 40.72761732124743], [-73.98514890206218, 40.72761820364987], [-73.98514810878751, 40.72761905993141], [-73.98514578801515, 40.72762222852254], [-73.98511483645049, 40.72766456644928], [-73.98508157590291, 40.7277100828644], [-73.98504831531186, 40.727755590264564], [-73.98501504283631, 40.727801106658326], [-73.98498178215445, 40.72784661403868], [-73.98494852142505, 40.72789213041423], [-73.98491524881521, 40.72793763777327], [-73.98488198799501, 40.72798315412902], [-73.98484871529422, 40.728028661468244], [-73.98482499810355, 40.72806111268046], [-73.9848145307959, 40.728075447399796], [-73.98481377299034, 40.72807644686451], [-73.98481295600314, 40.72807742831132], [-73.9848121153477, 40.72807838273971], [-73.98481121551059, 40.72807931915014], [-73.98481028016815, 40.72808022854059], [-73.98480930932038, 40.72808111091106], [-73.98480907134741, 40.72808131349415], [-73.98480829112808, 40.72808197526513], [-73.98480723743253, 40.72808280359416], [-73.98480614823163, 40.728083604903254], [-73.98480501168822, 40.7280843791908], [-73.98480385147666, 40.72808512645991], [-73.9848026557618, 40.72808583770401], [-73.98480142454373, 40.728086512923085], [-73.98480016965745, 40.72808716112374], [-73.98479887926787, 40.72808777329936], [-73.98479756520993, 40.728088359357045], [-73.98479622748833, 40.72808889858519], [-73.98479486609841, 40.72808941169538], [-73.98479348104439, 40.728089879777016], [-73.98479342540585, 40.72808989687933], [-73.98479207232425, 40.728090311835174], [-73.98479065177311, 40.728090716876466], [-73.98478920755797, 40.72809107688921], [-73.98478773967872, 40.72809139187336], [-73.98478627180768, 40.72809167083715], [-73.9847847802685, 40.72809192278252], [-73.98478328874168, 40.72809212069732], [-73.98478178538588, 40.72809228259025], [-73.98478028203829, 40.72809240846277], [-73.98477876686178, 40.72809249831336], [-73.98477723986049, 40.728092534131854], [-73.98477572470247, 40.7280925429366], [-73.98477420955476, 40.728092506715925], [-73.98477343304684, 40.728092465189825], [-73.98477269441733, 40.72809242546978], [-73.98477117928819, 40.72809230820326], [-73.98476967600439, 40.72809215491794], [-73.98476817273088, 40.728091956607166], [-73.98476669313997, 40.72809172227917], [-73.98476521355934, 40.728091442925695], [-73.98476375765918, 40.72809113656008], [-73.98476230177141, 40.728090776163924], [-73.98476088140134, 40.728090388757195], [-73.98475946103949, 40.7280899653301], [-73.9847580761994, 40.728089496882234], [-73.98475670320472, 40.728088992415614], [-73.98475561783627, 40.72808856092823], [-73.98475536572774, 40.728088460938395], [-73.98470086797877, 40.72806559609678], [-73.98469765331807, 40.72806424760802]], [[-73.98482318317242, 40.72797405395633], [-73.98482843717241, 40.72797626899978], [-73.98486405083153, 40.72792736885676], [-73.98490226349428, 40.72787490032702], [-73.9849345829387, 40.72783052388566], [-73.98496931430445, 40.72778283657907], [-73.98497372675634, 40.72778469670561], [-73.9850566072501, 40.727670897588546], [-73.98508409074607, 40.72763315992775], [-73.98510677872669, 40.72760200796138], [-73.9851089159772, 40.72759905636996], [-73.98507589838943, 40.72758522118048], [-73.9850028622932, 40.72755461870525], [-73.98471981045502, 40.72743287862471], [-73.98432344825694, 40.72725732607668], [-73.98431703796314, 40.72725465069245], [-73.98392275616843, 40.727090114769965], [-73.98371988383383, 40.727005905794584], [-73.98342830560932, 40.726884874526654], [-73.98317801663399, 40.72677858808763], [-73.98317454528888, 40.72677690723082], [-73.98317068435756, 40.72677582695638], [-73.98316660901367, 40.7267753977184], [-73.9831625062756, 40.72677563845494], [-73.9831585667202, 40.72677653928821], [-73.9831549690954, 40.726778058821], [-73.98315188031967, 40.72678012593751], [-73.98314944009257, 40.72678264610488], [-73.98315893167846, 40.726789083430695], [-73.98306833576392, 40.726913472747675], [-73.98303372545372, 40.726960993810884], [-73.98301881277493, 40.72698146918464], [-73.98287880792215, 40.727173695390064], [-73.98283064036319, 40.72723982969298], [-73.98298514044347, 40.72730495491428], [-73.98298576892141, 40.72730521975679], [-73.98301991031168, 40.727319611325875], [-73.98310526976995, 40.727355592006134], [-73.98318991680675, 40.72739127264944], [-73.98326818681302, 40.727424265185526], [-73.98334580356091, 40.727456982018076], [-73.98342149469909, 40.72748888716246], [-73.98342188646437, 40.72748905201198], [-73.98350224098807, 40.727522923585205], [-73.98358155640778, 40.727556355505705], [-73.98365973803314, 40.727589309940846], [-73.98378053474373, 40.727640227379524], [-73.9838390311439, 40.727664884331425], [-73.98389795959693, 40.72768972321674], [-73.98393827024422, 40.727706715144166], [-73.98401374535288, 40.72773852801605], [-73.98409883484183, 40.7277743944559], [-73.98413454142076, 40.727789445082095], [-73.98425271956518, 40.72783925763929], [-73.98431888363763, 40.72786714642058], [-73.98444764695722, 40.727921420438115], [-73.98451164284322, 40.72794839389854], [-73.98457600806334, 40.72797552406126], [-73.98470553167289, 40.72803011847256], [-73.98476430808725, 40.72805489295683], [-73.98482318317242, 40.72797405395633]]]]}, "properties": {"shape_area": "19028.952948", "shape_leng": "3315.3359365", "feat_code": "3800", "status": "Unchanged", "sub_code": "380000", "source_id": "12380001353.0"}}, {"type": "Feature", "geometry": {"type": "MultiPolygon", "coordinates": [[[[-73.98750899357016, 40.72847944226281], [-73.98744673469693, 40.72845327571461], [-73.98738447587084, 40.72842711813772], [-73.98732221709368, 40.72840096052706], [-73.9872599702026, 40.72837480288399], [-73.98719771152487, 40.728348636200764], [-73.98713545289435, 40.728322478488884], [-73.9870731943127, 40.72829632074322], [-73.98701093578163, 40.72827015395873], [-73.98698505234343, 40.72825928009479], [-73.98694867729775, 40.7282439961456], [-73.98688641886272, 40.72821783829866], [-73.98682416047654, 40.728191680418], [-73.98676191397823, 40.72816551349982], [-73.98669965568986, 40.72813935555162], [-73.98663739745031, 40.72811319756969], [-73.98657513925968, 40.72808703955399], [-73.98651760137386, 40.72806285687301], [-73.98651288111975, 40.72806087249947], [-73.98645062302684, 40.72803471441628], [-73.98638836498286, 40.72800855629933], [-73.98632610698775, 40.727982398148605], [-73.98626386088044, 40.727956230960466], [-73.98620160298309, 40.72793007274221], [-73.98613934513462, 40.72790391449025], [-73.98607708733496, 40.72787775620451], [-73.98601482958613, 40.72785158887995], [-73.98595257188423, 40.72782543052672], [-73.98593763477724, 40.727819155759335], [-73.98589031423127, 40.727799272139706], [-73.98582805662718, 40.72777311371895], [-73.98576581091093, 40.72774694626084], [-73.98570355340462, 40.72772078777253], [-73.98564129594716, 40.727694629250536], [-73.98560879197231, 40.727680602469746], [-73.98558669656867, 40.72767106511897], [-73.98553209723076, 40.727647491956326], [-73.98548123810897, 40.7276254681145], [-73.98547994799557, 40.72762488262111], [-73.98547945444281, 40.72762463852101], [-73.9854786934013, 40.72762426111182], [-73.98547746248703, 40.727623612590236], [-73.98547625525478, 40.727622928051275], [-73.98547508353965, 40.72762221650156], [-73.98547394734364, 40.727621468935915], [-73.9854728466648, 40.72762069435947], [-73.98547178150304, 40.727619892772246], [-73.98547075185841, 40.72761906417423], [-73.98546975773287, 40.72761819956035], [-73.98546881095957, 40.72761731694224], [-73.98546789970145, 40.72761641631844], [-73.98546703579953, 40.72761547968023], [-73.98546662870642, 40.72761501136427], [-73.98546620741274, 40.72761452503634], [-73.98546542637816, 40.72761355238827], [-73.98546469269583, 40.72761256173595], [-73.98546399453062, 40.72761154407287], [-73.98546335555275, 40.72761051741216], [-73.98546275209006, 40.72760947274578], [-73.98546220781664, 40.72760841007667], [-73.9854617108955, 40.727607329403355], [-73.98546126132457, 40.72760623973094], [-73.98546085910391, 40.727605141059435], [-73.98546050423349, 40.72760403338879], [-73.98546020855039, 40.727602916720514], [-73.98545996021754, 40.72760179105315], [-73.98545975923494, 40.72760065638671], [-73.98545961743768, 40.72759952172768], [-73.98545952299068, 40.72759837806958], [-73.98545947588978, 40.727597244323064], [-73.98545948797658, 40.7275960997779], [-73.98545954146952, 40.727595063298985], [-73.98545954741147, 40.72759495613921], [-73.98545966602971, 40.727593821513075], [-73.98545983199622, 40.72759268689293], [-73.98546004530903, 40.72759156128389], [-73.98546031780715, 40.72759043568228], [-73.98546063765158, 40.727589319091734], [-73.98546100484229, 40.72758821151225], [-73.9854614193793, 40.72758711294387], [-73.98546189309769, 40.72758603239312], [-73.98546241416231, 40.72758496085341], [-73.9854629825713, 40.727583907329866], [-73.98546359832658, 40.72758286281742], [-73.9854640743375, 40.72758212536078], [-73.98546426142616, 40.72758183632108], [-73.98546496003101, 40.72758083684448], [-73.98547699006463, 40.727564431091935], [-73.98549787684236, 40.72753594162564], [-73.98553013053328, 40.72749197383788], [-73.98556239601665, 40.72744801504741], [-73.98559466145753, 40.727404056247615], [-73.98562691502069, 40.727360088431965], [-73.98565918037642, 40.72731612961354], [-73.98569144568954, 40.727272170785824], [-73.98572369912506, 40.727228202942264], [-73.98575596435306, 40.727184244095945], [-73.98578821770154, 40.727140285238875], [-73.98581279840785, 40.727106834365884], [-73.98581403454652, 40.727105153268134], [-73.98581894357915, 40.7270984784006], [-73.98581966583416, 40.727097541960326], [-73.98582042359628, 40.727096623534585], [-73.98582122870053, 40.72709573212996], [-73.98582206931187, 40.72709485873985], [-73.98582295726725, 40.727094003365785], [-73.98582388072782, 40.727093175011326], [-73.98582392098062, 40.727093141697445], [-73.98582483969349, 40.72709237367647], [-73.98582583416439, 40.72709159936128], [-73.98582686414045, 40.72709085206568], [-73.98582791778469, 40.72709013178827], [-73.98582901877107, 40.72708943853198], [-73.9858301434256, 40.72708877229382], [-73.98583130358342, 40.72708814208039], [-73.98583248740944, 40.72708753888511], [-73.98583354100552, 40.727087044635354], [-73.98583369490174, 40.727086971713064], [-73.98583492606222, 40.7270864315592], [-73.98583619272591, 40.72708592743005], [-73.98583747121896, 40.72708545932271], [-73.98583877338018, 40.72708501823356], [-73.9858400992058, 40.72708462217269], [-73.98584143686263, 40.727084253128545], [-73.98584279818569, 40.727083920107646], [-73.98584417133812, 40.727083623108534], [-73.98584555631794, 40.72708337113631], [-73.98584694129202, 40.727083146179346], [-73.98584712950507, 40.72708312188873], [-73.98584834993044, 40.72708296625071], [-73.98584975856316, 40.727082813337304], [-73.98585117902329, 40.727082705450805], [-73.98585259947576, 40.72708263358462], [-73.98585401992054, 40.727082597738786], [-73.98585544035579, 40.72708260691838], [-73.98585687262232, 40.727082643114656], [-73.9858582930423, 40.72708272433493], [-73.98585970161761, 40.72708284157405], [-73.98586111018534, 40.72708299483354], [-73.98586251874545, 40.72708318411336], [-73.98586390362395, 40.72708340941061], [-73.98586528849286, 40.72708367973327], [-73.98586663547897, 40.72708397166348], [-73.98586666862094, 40.72708397887161], [-73.98586801086383, 40.72708431042365], [-73.98586934836202, 40.727084688801504], [-73.98587066218053, 40.72708509419173], [-73.98587196415438, 40.72708553560081], [-73.98587324244673, 40.727086013027346], [-73.98587450889448, 40.727086526472775], [-73.98593158171842, 40.72711059505704], [-73.98598632291142, 40.727133645754144], [-73.98598929728269, 40.72713489782339], [-73.98604106414413, 40.727156687420035], [-73.98609579357587, 40.72717973806351], [-73.98615053488247, 40.72720278868235], [-73.98620527622688, 40.72722583927508], [-73.98626341453662, 40.72725031305096], [-73.98632156472793, 40.72727477779375], [-73.98637970312308, 40.727299251510765], [-73.98642840708204, 40.72731975104175], [-73.98643785339793, 40.72732372519977], [-73.9864959918785, 40.72734819885788], [-73.9865541304036, 40.72737266348151], [-73.9866122808066, 40.72739713708215], [-73.98667041941526, 40.72742161065197], [-73.98672855806662, 40.72744608419236], [-73.98678670859773, 40.727470557704684], [-73.98681780074455, 40.72748364205952], [-73.98684484733627, 40.72749502218108], [-73.98690299795278, 40.72751949563452], [-73.98696538589316, 40.727545941652515], [-73.98702778572012, 40.72757238763796], [-73.9870901737596, 40.72759883358817], [-73.98715257368559, 40.72762527950577], [-73.98721496182577, 40.72765171638309], [-73.98727736185087, 40.727678162232905], [-73.98733975008835, 40.72770460804749], [-73.98740215021245, 40.72773105382947], [-73.98743233356736, 40.72774384885513], [-73.987464538549, 40.72775749957627], [-73.98752693877215, 40.727783945290426], [-73.98758972961565, 40.7278106791756], [-73.98765250867075, 40.72783742203025], [-73.9877152996134, 40.72786416485183], [-73.9877780906064, 40.727890907639086], [-73.98784088165142, 40.72791764138689], [-73.98786720892737, 40.727928852796545], [-73.9879036727452, 40.72794438410548], [-73.98795496854957, 40.72796622952167], [-73.9879563794273, 40.727966830308596], [-73.98796646388944, 40.72797112678968], [-73.98796765931964, 40.72797179329111], [-73.9879688310675, 40.72797250481546], [-73.98796996730076, 40.72797323434628], [-73.98797107985489, 40.72797399088986], [-73.98797214505399, 40.72797478344881], [-73.9879723225855, 40.727974924847224], [-73.98797317473685, 40.72797560301934], [-73.98797418074054, 40.727976449602636], [-73.9879751393925, 40.72797731419118], [-73.98797605069107, 40.72797820579004], [-73.98797693831052, 40.727979124401585], [-73.98797776674108, 40.72798006101721], [-73.98797855965536, 40.727981024644386], [-73.98797931705496, 40.72798200627801], [-73.98798002710285, 40.72798300591685], [-73.98798067796345, 40.72798401455454], [-73.98798129330778, 40.72798505020388], [-73.98798186130036, 40.727986103858406], [-73.98798238194274, 40.727987166513074], [-73.98798271206411, 40.72798791396976], [-73.987982855235, 40.72798823816786], [-73.98798328117546, 40.72798932782793], [-73.98798346573803, 40.72798986455041], [-73.98798365976576, 40.72799042648813], [-73.98798399100589, 40.727991534148465], [-73.98798426305872, 40.72799265080767], [-73.98798448776301, 40.72799376746198], [-73.98798466511698, 40.727994894016945], [-73.98798479512108, 40.72799602777104], [-73.98798486593934, 40.727997162419435], [-73.98798488940905, 40.72799829706293], [-73.98798486553181, 40.727999422696385], [-73.98798478246727, 40.72800055732874], [-73.98798465205415, 40.72800169195614], [-73.9879844742941, 40.728002817573554], [-73.9879842491871, 40.72800393418091], [-73.98798396489438, 40.728005050782095], [-73.98798363325473, 40.728006158373226], [-73.98798330045702, 40.728007123683916], [-73.98798325426812, 40.728007256954356], [-73.98798282793618, 40.72800833752038], [-73.98798235425566, 40.72800941808146], [-73.98798183322981, 40.728010480627376], [-73.98798125302149, 40.72801152515698], [-73.98798063730334, 40.72801256067778], [-73.9879799742415, 40.728013569178366], [-73.98797926383267, 40.728014568668904], [-73.98794591042832, 40.72805976171617], [-73.98791371729136, 40.72810346003077], [-73.98788152411213, 40.72814715833618], [-73.98784933088908, 40.72819086563735], [-73.98781713762538, 40.728234563924175], [-73.98778494431954, 40.72827826220174], [-73.98775957918522, 40.728312692259905], [-73.98775275097141, 40.72832196047004], [-73.98772054574225, 40.728365667732895], [-73.98768835230968, 40.72840936598271], [-73.98765615883491, 40.72845306422322], [-73.98762947220531, 40.728489260007805], [-73.98762788443337, 40.72849141385398], [-73.98762467573886, 40.72849575396107], [-73.98762403637303, 40.72849659136546], [-73.98762334965996, 40.72849741975964], [-73.98762262743857, 40.72849823013984], [-73.98762186971047, 40.728499013500915], [-73.98762107647231, 40.728499787853146], [-73.98762024772748, 40.72850053518624], [-73.98761938347597, 40.728501255500284], [-73.98761848371609, 40.72850195780032], [-73.9876175602851, 40.72850264208763], [-73.98761661318468, 40.7285032993571], [-73.98761642139912, 40.728503420004685], [-73.98761563057921, 40.72850392060243], [-73.98761461246538, 40.72850452383375], [-73.98761358251932, 40.728505100048515], [-73.98761251706658, 40.72850564924421], [-73.98761142794439, 40.7285061714221], [-73.98761031515278, 40.72850666658215], [-73.98760919052874, 40.728507135626145], [-73.98760804223727, 40.72850756684621], [-73.98760687027617, 40.72850797194901], [-73.9876056746473, 40.72850834102886], [-73.98760447902349, 40.72850868309348], [-73.98760325973186, 40.72850898913517], [-73.98760202860801, 40.728509268160316], [-73.98760078565196, 40.72850952016891], [-73.98759953086535, 40.72850973615589], [-73.98759826424828, 40.728509916121205], [-73.98759699763785, 40.72851006006616], [-73.9875957191952, 40.7285101769946], [-73.98759444075927, 40.728510257902656], [-73.98759316233007, 40.72851030279034], [-73.98759187206863, 40.72851032066148], [-73.98759059365113, 40.72851030251354], [-73.98758930340311, 40.72851024834397], [-73.98758802499735, 40.72851016716039], [-73.98758674659835, 40.728510049956455], [-73.98758548004325, 40.728509896733435], [-73.98758421349487, 40.72850970749004], [-73.987582970626, 40.72850949123392], [-73.9875817277622, 40.72850924796255], [-73.98758082343723, 40.72850903624549], [-73.98758049674399, 40.72850895966699], [-73.98757927756637, 40.72850865336254], [-73.9875780702344, 40.72850830203391], [-73.98757688658026, 40.728507932697646], [-73.98757572660902, 40.72850751833848], [-73.98757456664111, 40.728507085969184], [-73.98757415710452, 40.72850691662934], [-73.98757344219162, 40.72850661758332], [-73.98757234142164, 40.72850612218473], [-73.98757125249378, 40.72850560067265], [-73.98755938186834, 40.72850060877158], [-73.98755839827183, 40.72850019533182], [-73.98750899357016, 40.72847944226281]], [[-73.98757426800378, 40.72844542180307], [-73.98772076239119, 40.72824345881783], [-73.98772362085116, 40.72824465139617], [-73.98776871897735, 40.72818210775985], [-73.98781540952089, 40.728117355325956], [-73.9878618465946, 40.72805295494475], [-73.9878598273306, 40.72805211185566], [-73.9879056983585, 40.72798849483916], [-73.98791289713847, 40.727978569287075], [-73.98768399494925, 40.72788461566391], [-73.98744297906804, 40.72778568945557], [-73.98735611937275, 40.727749456984746], [-73.98735649707587, 40.72774893112909], [-73.98728096940448, 40.72771741220758], [-73.98723120197398, 40.72769664366837], [-73.98720004926136, 40.72768364316615], [-73.9871996549815, 40.72768418973116], [-73.98715994002342, 40.72766762315159], [-73.98712804521227, 40.727654318175105], [-73.98713588917, 40.727644509809394], [-73.98691151480678, 40.7275491539601], [-73.98680789489649, 40.72750464349215], [-73.98680020790633, 40.727516640090116], [-73.98676355757809, 40.7275009886417], [-73.98672264629198, 40.72748351856299], [-73.98629903198862, 40.72730261884822], [-73.98627953107264, 40.72729411302119], [-73.98587262280161, 40.727116625750234], [-73.98585194195665, 40.727107605515236], [-73.9858503814032, 40.72710967469284], [-73.9857230668999, 40.72727853230336], [-73.98572200953475, 40.72728002611641], [-73.98549872917778, 40.727595468967344], [-73.98556146559515, 40.72762297929058], [-73.985581661358, 40.72763145741008], [-73.98600155519166, 40.72780772528547], [-73.98602151079432, 40.72781610244141], [-73.98638047093378, 40.72796732647299], [-73.98659242770296, 40.728056239666756], [-73.98686263564619, 40.72816958903138], [-73.98710651173722, 40.72826945509962], [-73.98715388515697, 40.72828885375024], [-73.98739953250755, 40.728391150767244], [-73.98749326877795, 40.728430171924074], [-73.98751147417961, 40.728437750780245], [-73.98756415517443, 40.72845968026658], [-73.98757426800378, 40.72844542180307]]]]}, "properties": {"shape_area": "22174.0688041", "shape_leng": "3520.45263715", "feat_code": "3800", "status": "Unchanged", "sub_code": "380000", "source_id": "12380001362.0"}}, {"type": "Feature", "geometry": {"type": "MultiPolygon", "coordinates": [[[[-73.98427168350716, 40.72865799466179], [-73.98421169824317, 40.72863287126553], [-73.98419322331154, 40.728625134261804], [-73.98415171302435, 40.72860774783795], [-73.98409172785077, 40.728582624379], [-73.9840317427224, 40.72855750088876], [-73.98397176947655, 40.72853237736884], [-73.98391178443865, 40.72850725381589], [-73.9838517994438, 40.728482139236746], [-73.98379181449633, 40.728457015621174], [-73.98373182959416, 40.728431891974225], [-73.98367185657438, 40.72840676829767], [-73.98361187176262, 40.728381644588076], [-73.98354959085, 40.72835542189852], [-73.98348730998865, 40.72832919017003], [-73.983425029174, 40.728302967412915], [-73.98336274840845, 40.72827674462201], [-73.98330046769416, 40.728250512792236], [-73.9832381870266, 40.728224289933756], [-73.98317590640809, 40.72819806704151], [-73.98311362584089, 40.72817183511039], [-73.98308685183888, 40.72816056311499], [-73.98305134532036, 40.728145612150584], [-73.98298907668608, 40.728119389158735], [-73.98292679626364, 40.728093166131366], [-73.98286451589247, 40.7280669340651], [-73.98280223556807, 40.72804071097016], [-73.9827399552927, 40.72801448784145], [-73.98267767506863, 40.727988255673885], [-73.98261539489127, 40.72796203247762], [-73.98255311476295, 40.72793580924756], [-73.98249083468595, 40.72790957697864], [-73.98242855465566, 40.72788335368105], [-73.98236961000138, 40.727858535654065], [-73.98236627467415, 40.727857131250154], [-73.98236517397768, 40.727856544850376], [-73.98236409695998, 40.727855941344544], [-73.98236304362608, 40.72785530182196], [-73.98236201397118, 40.727854644292826], [-73.98236103167429, 40.727853950750585], [-73.98236007305886, 40.72785323019674], [-73.98235913812238, 40.72785249163631], [-73.98235825054152, 40.72785172606785], [-73.9823573984768, 40.72785094249464], [-73.98235657009347, 40.727850131909825], [-73.98235621981338, 40.72784975994602], [-73.98235578906338, 40.727849303322046], [-73.98235504355179, 40.727848447724504], [-73.98235434539113, 40.72784758312908], [-73.98235368274891, 40.727846691523844], [-73.98235305562042, 40.727845790918934], [-73.98235246401046, 40.727844863304206], [-73.98235193158845, 40.7278439266935], [-73.98235143468017, 40.72784298108311], [-73.982350973288, 40.72784201746799], [-73.9823505710838, 40.72784104485685], [-73.98235020439333, 40.7278400632461], [-73.98235007902322, 40.72783967330657], [-73.9823498850537, 40.72783907263749], [-73.98234963789113, 40.72783819280252], [-73.98234960123017, 40.727838064024134], [-73.98234937658981, 40.72783706442493], [-73.98234918746533, 40.727836047721546], [-73.98234905752689, 40.72783502922622], [-73.98234896309954, 40.72783401163681], [-73.98234891602063, 40.72783299405466], [-73.98234891629254, 40.72783196747467], [-73.98234896391051, 40.72783094990706], [-73.9823490588769, 40.727829932346694], [-73.98234920119174, 40.72782891479358], [-73.98234939085499, 40.727827897247735], [-73.98234962786431, 40.727826888714205], [-73.9823498861647, 40.72782593961758], [-73.98234990038256, 40.72782588919125], [-73.98235022024684, 40.727824898680616], [-73.98235059929426, 40.72782391718413], [-73.98235101385062, 40.727822944698175], [-73.98235146391589, 40.7278219812228], [-73.98235196132482, 40.727821035764805], [-73.98235250607979, 40.727820099319146], [-73.9823530981784, 40.72781918089092], [-73.98235372578354, 40.72781828047833], [-73.98235888864782, 40.72781115824494], [-73.9823862778486, 40.72777342211464], [-73.98241976531838, 40.727727357202475], [-73.98245325274428, 40.7276812832752], [-73.98248674012382, 40.72763520933793], [-73.98252022745469, 40.72758914439565], [-73.98255371474164, 40.7275430704383], [-73.98258720198231, 40.72749699647095], [-73.98262068917664, 40.7274509224935], [-73.98265417632231, 40.72740485751114], [-73.98267283815326, 40.727379222834344], [-73.9826865976894, 40.72736033222867], [-73.98268727262914, 40.72735944983148], [-73.9826879830752, 40.72735858544981], [-73.98268872192108, 40.72735775619224], [-73.98268874204962, 40.727357734583066], [-73.98268951048424, 40.72735691973806], [-73.98269033928416, 40.72735611840978], [-73.98269120358815, 40.72735534410215], [-73.98269209156146, 40.72735458780819], [-73.98269302687585, 40.7273538585366], [-73.98269398585954, 40.72735314727875], [-73.982694992182, 40.727352472048366], [-73.9826960103368, 40.727351814829916], [-73.98269706399329, 40.7273511936372], [-73.98269815315615, 40.72735059045991], [-73.9826992659837, 40.72735002330657], [-73.98270039064117, 40.72734948317023], [-73.98270155080041, 40.72734897905957], [-73.98270273462667, 40.72734850196773], [-73.98270394211994, 40.72734805189467], [-73.98270451981645, 40.72734786017307], [-73.98270516143832, 40.727347647749376], [-73.98270640442645, 40.72734725981673], [-73.98270765923972, 40.72734691781187], [-73.982708925883, 40.72734660282399], [-73.98271021619097, 40.72734632386], [-73.9827115183289, 40.72734607191303], [-73.98271282045518, 40.72734586499149], [-73.9827141462485, 40.72734568508876], [-73.98271547203245, 40.727345541206375], [-73.98271679780474, 40.72734544234942], [-73.98271813540698, 40.72734537050947], [-73.98271947299993, 40.72734533468986], [-73.98272081058354, 40.72734533489059], [-73.98272214815782, 40.72734537111165], [-73.98272307498361, 40.72734542167923], [-73.98272347388567, 40.727345443351304], [-73.98272481144362, 40.72734554260795], [-73.98272613715285, 40.72734568688824], [-73.98272745101575, 40.72734586718711], [-73.98272876487158, 40.72734607450122], [-73.98272944546731, 40.72734620247555], [-73.98273005504412, 40.727346317832115], [-73.98273134520498, 40.72734660618846], [-73.98273261168714, 40.72734691255138], [-73.98273387815765, 40.72734726393972], [-73.98273510911004, 40.727347642338025], [-73.98273634005318, 40.72734805675665], [-73.98273753547593, 40.72734850719031], [-73.98273871905467, 40.727348984637416], [-73.98274093943796, 40.727349920598975], [-73.9827904530549, 40.727370793700224], [-73.98284241196015, 40.72739272884444], [-73.98289437089727, 40.727414672970234], [-73.9829463180339, 40.72743660806567], [-73.98299827704174, 40.72745854313938], [-73.98306078180087, 40.72748477516858], [-73.98312328661144, 40.727510998158614], [-73.98318579146894, 40.727537230119715], [-73.98324829637795, 40.727563453041704], [-73.98328141062493, 40.727577346401944], [-73.9833108013361, 40.727589675929686], [-73.9833733063412, 40.727615907788724], [-73.98343581139774, 40.727642130608636], [-73.98349831650353, 40.727668353394535], [-73.98356082165624, 40.7276945851515], [-73.98362332686037, 40.727720807869325], [-73.98368583211374, 40.72774703055321], [-73.98374833741404, 40.72777326220812], [-73.98381084276575, 40.727799484823876], [-73.98387334816665, 40.72782570740563], [-73.98393585361464, 40.72785193895846], [-73.98394214677162, 40.7278545792275], [-73.98399835911394, 40.72787816147217], [-73.98406086466241, 40.72790438395184], [-73.984123370258, 40.72793061540258], [-73.98418128351892, 40.72795506318116], [-73.98423918498519, 40.72797951092888], [-73.98429709833108, 40.72800395864906], [-73.98435501171946, 40.72802840633998], [-73.98441292515035, 40.72805285400174], [-73.98447082678658, 40.72807730163262], [-73.98452874030453, 40.728101740230876], [-73.9845866420257, 40.72812618780338], [-73.98464215409882, 40.72814962285618], [-73.98464455562655, 40.72815063534829], [-73.98469247374177, 40.728170892368986], [-73.98469961678062, 40.728173911823596], [-73.98470080037568, 40.72817444328103], [-73.98470197212737, 40.728175001752135], [-73.98470310836133, 40.72817558723378], [-73.98470422091275, 40.7281762087326], [-73.98470530978364, 40.728176857243525], [-73.98470636313685, 40.728177532764995], [-73.98470738097237, 40.72817823529699], [-73.984707557316, 40.72817836679467], [-73.9847083751253, 40.72817897384615], [-73.98470932192538, 40.72817973039923], [-73.98471024504705, 40.72818050495933], [-73.98471113264897, 40.72818131553507], [-73.9847119728981, 40.72818214411466], [-73.9847127776316, 40.7281829906997], [-73.9847135468474, 40.72818386429529], [-73.98471428054752, 40.72818475589635], [-73.9847149668949, 40.728185665501286], [-73.98471560588948, 40.7281865931101], [-73.98471620936841, 40.72818753872437], [-73.98471676549663, 40.728188493337434], [-73.98471727426994, 40.7281894749595], [-73.98471774753177, 40.72819045657684], [-73.9847181734408, 40.72819145619807], [-73.9847185401619, 40.72819246481648], [-73.98471887136941, 40.72819348243534], [-73.98471915522619, 40.72819450905294], [-73.98471939173218, 40.728195544669404], [-73.98471958088952, 40.72819658027952], [-73.9847197226961, 40.72819762488847], [-73.98471976638358, 40.72819810486543], [-73.98471981715376, 40.72819867039165], [-73.98471985242391, 40.72819972309105], [-73.98471985218438, 40.728200767681116], [-73.9847198045941, 40.72820182127003], [-73.98471969900369, 40.728202865846164], [-73.98471955671786, 40.72820391131792], [-73.98471935524842, 40.72820494687623], [-73.98471911945113, 40.728205982429984], [-73.98471882328631, 40.72820700897059], [-73.98471849042834, 40.728208026501314], [-73.98471809957044, 40.728209034118734], [-73.9847176720212, 40.728210024621546], [-73.98471719830698, 40.72821101511831], [-73.98471667724814, 40.72821198759858], [-73.98471612068188, 40.728212942063976], [-73.9847156991311, 40.72821358407071], [-73.98471550493386, 40.72821387851129], [-73.98471485367637, 40.728214805948824], [-73.98468392404924, 40.72825716176953], [-73.98465421635436, 40.72829789682881], [-73.98462449560219, 40.72833863187841], [-73.98459478664883, 40.728379375926856], [-73.98458656073316, 40.72839065099608], [-73.9845650670075, 40.72842011186136], [-73.98453535679987, 40.72846084688877], [-73.98450596724867, 40.72850199528493], [-73.9844765895003, 40.728543135570305], [-73.98444721171356, 40.7285842848531], [-73.98441783389265, 40.72862542512306], [-73.98438702323573, 40.72866866337625], [-73.98438630093511, 40.72866963582769], [-73.98438554312692, 40.728670590264144], [-73.98438472613661, 40.72867152668235], [-73.98438388547599, 40.72867244508718], [-73.98438299747266, 40.72867333647034], [-73.98438206212658, 40.72867420083183], [-73.98438124518876, 40.728674913023376], [-73.984381091273, 40.72867504717829], [-73.98438008491385, 40.728675866504645], [-73.98437904304927, 40.72867665881095], [-73.98437797751647, 40.728677424098784], [-73.98437686464304, 40.72867815335983], [-73.98437571626204, 40.72867886460586], [-73.98437454421497, 40.72867953982833], [-73.98437333666452, 40.72868017902564], [-73.9843726642296, 40.728680513923585], [-73.98437210544584, 40.728680791204404], [-73.98437085055876, 40.72868137726527], [-73.9843695720081, 40.72868191649639], [-73.98436825795184, 40.72868242960794], [-73.98436693206457, 40.72868291570265], [-73.9843655825133, 40.72868335676866], [-73.98436420929598, 40.7286837618111], [-73.9843628124105, 40.72868413983507], [-73.9843614155355, 40.728684472833585], [-73.98435999499445, 40.72868476980846], [-73.98435856262456, 40.72868503076142], [-73.9843571184259, 40.7286852556924], [-73.98435567423566, 40.728685444603], [-73.9843542182166, 40.72868559749166], [-73.98435275037082, 40.72868570535324], [-73.98435128253357, 40.72868577719448], [-73.98434981470471, 40.72868581301534], [-73.98434833504916, 40.72868580380913], [-73.98434686723724, 40.728685767589255], [-73.98434539943594, 40.72868568634393], [-73.98434484664621, 40.72868564214388], [-73.98434393164305, 40.728685569078245], [-73.984342475698, 40.728685406788706], [-73.98434103159657, 40.72868521748551], [-73.98433958750579, 40.72868498315685], [-73.98433815526069, 40.72868471280952], [-73.98433674669859, 40.72868440644495], [-73.98433534998223, 40.728684064061646], [-73.98433396511379, 40.728683676654526], [-73.98433259208892, 40.7286832622337], [-73.98433124274705, 40.72868281179576], [-73.98432995614777, 40.72868233975414], [-73.98432991708819, 40.72868232534068], [-73.98432861511242, 40.72868180286845], [-73.98427168350716, 40.72865799466179]], [[-73.98418653924587, 40.72799479885216], [-73.9841871526116, 40.727993947955625], [-73.9841111136644, 40.727962214365554], [-73.98407787475814, 40.72794834283969], [-73.9840309191896, 40.72792874757003], [-73.98403249997162, 40.72792655414987], [-73.98395271746975, 40.72789325845349], [-73.98387589047664, 40.72786119681261], [-73.98379413863607, 40.72782707946624], [-73.98371820777288, 40.72779539155709], [-73.98366378160492, 40.72777267751926], [-73.98361418924787, 40.72775198038276], [-73.98355873816378, 40.727728840208606], [-73.98347670377096, 40.72769460462921], [-73.98347636511399, 40.727695073745686], [-73.98344033930132, 40.727679345686674], [-73.98335033472826, 40.72764196609471], [-73.98332159492726, 40.7276300301938], [-73.98332228882047, 40.727629068550904], [-73.98324211407999, 40.72759560931182], [-73.9831645113425, 40.72756322289875], [-73.98308354376181, 40.72752943204579], [-73.98299952736386, 40.727494368266576], [-73.9827157264409, 40.72736869782938], [-73.98260253703312, 40.72752361873022], [-73.98259972709583, 40.727527464378774], [-73.98245308483828, 40.72772105692222], [-73.98242985087434, 40.72775295120178], [-73.98237317558691, 40.72783075280255], [-73.98268429146347, 40.72796309735468], [-73.98296196669098, 40.72807979068133], [-73.98316434410458, 40.72816428366675], [-73.98338510208093, 40.728256450382986], [-73.98376144728606, 40.72841816970068], [-73.9841439287162, 40.72857846222383], [-73.98420164743139, 40.728602073390554], [-73.9843334744554, 40.72865600035413], [-73.98433723504827, 40.72865644031394], [-73.98434103720409, 40.72865631656088], [-73.9843447353232, 40.72865563447812], [-73.98434818972015, 40.728654418360485], [-73.9843512666228, 40.72865271591682], [-73.98435385237829, 40.728650591067705], [-73.98435584516713, 40.72864812574572], [-73.98451251809814, 40.72843523605321], [-73.98451784070662, 40.72842757704196], [-73.98455129673567, 40.72837943763841], [-73.98456867007452, 40.72835444004511], [-73.98467125089702, 40.72820683875482], [-73.98467269335042, 40.72820385916347], [-73.98467332736128, 40.72820072007442], [-73.98467312685877, 40.728197548455974], [-73.9846721000998, 40.72819447128092], [-73.98467028730269, 40.72819161102389], [-73.98466776183167, 40.72818908205908], [-73.98466462546288, 40.728186987058116], [-73.98466100365121, 40.72818540888441], [-73.98462974930598, 40.72817286693357], [-73.98420626627978, 40.72800292234765], [-73.98418653924587, 40.72799479885216]]]]}, "properties": {"shape_area": "16177.2712723", "shape_leng": "3322.04528724", "feat_code": "3800", "status": "Unchanged", "sub_code": "380000", "source_id": "12380001365.0"}}, {"type": "Feature", "geometry": {"type": "MultiPolygon", "coordinates": [[[[-73.9868767531529, 40.725065452633814], [-73.98681630855712, 40.725040105402236], [-73.98675585217244, 40.7250147491324], [-73.9867151435573, 40.7249976788943], [-73.98669540766858, 40.72498940183715], [-73.98663495137414, 40.72496405450874], [-73.98657450696388, 40.724938699045296], [-73.98651362472815, 40.7249129364686], [-73.98646390111415, 40.7248918965414], [-73.98645274253926, 40.72488717476013], [-73.98639186039743, 40.724861413019404], [-73.98633096646617, 40.72483565124498], [-73.98627008442034, 40.72480988043459], [-73.9862092024198, 40.72478411859698], [-73.98614832046627, 40.72475835672709], [-73.98608743855986, 40.724732594824935], [-73.98602655670048, 40.724706832890504], [-73.98596567489005, 40.7246810619187], [-73.98591478109222, 40.724659527231466], [-73.98590479312487, 40.72465529991967], [-73.9858439114067, 40.72462953788838], [-73.98578302973564, 40.72460377582482], [-73.98573005418969, 40.72458140062359], [-73.98567707867738, 40.72455903440301], [-73.98562410320257, 40.72453665915286], [-73.98557503700788, 40.72451593860352], [-73.9855711395979, 40.7245142928849], [-73.9855650029233, 40.72451170135079], [-73.98552115145684, 40.72449317957494], [-73.9855181641942, 40.724491917585894], [-73.98545875031752, 40.72446700201359], [-73.98539933648524, 40.72444208641053], [-73.98533992269746, 40.72441717077674], [-73.98528050895604, 40.724392246107136], [-73.98527101814716, 40.72438826644376], [-73.98522109525705, 40.72436733041184], [-73.9851616816025, 40.72434241468583], [-73.98510226799236, 40.72431749892905], [-73.9850428544287, 40.724292574136456], [-73.98498673114968, 40.72426898249583], [-73.98498547660893, 40.72426842401652], [-73.98498424574724, 40.72426783852504], [-73.9849831119443, 40.72426725484717], [-73.98498303856671, 40.72426721701624], [-73.98498186690165, 40.72426656849677], [-73.98498073075213, 40.72426589296667], [-73.9849796182837, 40.724265181419256], [-73.98497854133082, 40.724264442861184], [-73.98497749989353, 40.72426367729253], [-73.98497649397376, 40.72426287570807], [-73.9849755235675, 40.72426205611806], [-73.98497458867678, 40.72426120951739], [-73.98497370113606, 40.7242603449127], [-73.98497284911086, 40.72425945329737], [-73.98497203260126, 40.724258534671435], [-73.9849712634416, 40.72425759804144], [-73.9849705416319, 40.72425664340746], [-73.98497040437266, 40.72425644887954], [-73.98496985533572, 40.72425567076791], [-73.98496922822599, 40.72425468012594], [-73.98496863662976, 40.72425367147838], [-73.98496809238351, 40.72425264482679], [-73.9849675954852, 40.72425160917634], [-73.98496714593686, 40.72425055552183], [-73.98496674373443, 40.72424950187357], [-73.98496638888196, 40.72424843022126], [-73.9849660813773, 40.72424735047053], [-73.98496583305737, 40.72424625992146], [-73.98496563208315, 40.72424517027908], [-73.98496547845686, 40.72424407163777], [-73.98496537217645, 40.72424297300264], [-73.98496532508044, 40.72424186537014], [-73.98496531349183, 40.72424076674741], [-73.9849653325317, 40.72424031649528], [-73.98496536108759, 40.72423965912728], [-73.98496546786367, 40.72423856051998], [-73.98496561014917, 40.72423746191729], [-73.984965811615, 40.724236372327475], [-73.98496606042669, 40.724235282743784], [-73.98496635658218, 40.72423420217139], [-73.98496671191802, 40.72423313061181], [-73.98496710276123, 40.724232068061994], [-73.98496755278475, 40.72423101452495], [-73.98496803831361, 40.72422997900272], [-73.98496858302276, 40.72422895249333], [-73.98496917507373, 40.72422794400031], [-73.98496980263, 40.724226953522084], [-73.98497047752808, 40.724225981060215], [-73.98497052725665, 40.724225912628], [-73.98500553621528, 40.724177529229934], [-73.98501068904369, 40.72417041227592], [-73.98504016860177, 40.724129689679536], [-73.98507481277296, 40.72408185912501], [-73.98510945689445, 40.72403402855981], [-73.98514410096818, 40.72398618897875], [-73.98517873315377, 40.72393835839054], [-73.98521337712606, 40.72389052779308], [-73.98524802105061, 40.72384268817986], [-73.98528266492343, 40.723794857560954], [-73.98531164921638, 40.72375491467073], [-73.98531472761121, 40.72375067366472], [-73.98531544983902, 40.72374972822208], [-73.98531607260065, 40.72374896647069], [-73.985316207572, 40.72374880079417], [-73.98531701264646, 40.72374789138249], [-73.98531786506054, 40.72374700899209], [-73.9853187411434, 40.72374614461488], [-73.98531966456582, 40.723745307258994], [-73.9853206353298, 40.723744487919305], [-73.98532162976055, 40.72374369559796], [-73.98532265969443, 40.72374293029635], [-73.98532372513155, 40.72374219201457], [-73.98532481423348, 40.72374148975614], [-73.98532595067695, 40.72374080551392], [-73.98532711078522, 40.72374015729508], [-73.98532829456029, 40.72373953609453], [-73.98532950200013, 40.72373895091738], [-73.98532967719588, 40.72373887259539], [-73.9853307449432, 40.72373839276], [-73.98533201155108, 40.723737870625975], [-73.98533330182578, 40.723737375510225], [-73.98533460392665, 40.72373692632193], [-73.98533592969478, 40.723736502350924], [-73.98533727912755, 40.723736115303794], [-73.98533864039074, 40.723735755273424], [-73.98534001348038, 40.723735440270005], [-73.98534141023481, 40.723735161289966], [-73.98534281881773, 40.72373491833182], [-73.98534422739273, 40.72373471139399], [-73.98534564779618, 40.72373454047802], [-73.98534708002802, 40.72373440558389], [-73.985348512252, 40.723734306710135], [-73.98534994446806, 40.72373424385672], [-73.98535138851058, 40.72373422603027], [-73.98535283254714, 40.72373423521907], [-73.98535426473745, 40.72373428943182], [-73.98535569691985, 40.723734379664904], [-73.98535712909435, 40.723734505918365], [-73.98535854942253, 40.72373467719574], [-73.98535996974483, 40.7237348754884], [-73.98536136638647, 40.72373510979835], [-73.98536175460276, 40.72373518729151], [-73.98536276301822, 40.72373538913378], [-73.98536414780762, 40.723735695482986], [-73.98536550891443, 40.72373604685461], [-73.98536685817896, 40.723736425239984], [-73.98536819559918, 40.72373683964423], [-73.98536950933872, 40.72373729006582], [-73.98537079939766, 40.72373777650475], [-73.98537206577791, 40.723738289955946], [-73.98537999541884, 40.72374164265864], [-73.98543617753988, 40.723765394407415], [-73.98549671509876, 40.72379095850203], [-73.98555724086958, 40.72381651355815], [-73.98561777852133, 40.72384207758892], [-73.98567831622145, 40.723867632582746], [-73.98573885396603, 40.723893196549696], [-73.9857993799226, 40.72391875147818], [-73.9858599177601, 40.7239443153813], [-73.9859204556459, 40.723969870247466], [-73.98592594844015, 40.72397219063082], [-73.98598099357628, 40.72399543408676], [-73.98604151971851, 40.724020988887595], [-73.98610205774176, 40.72404655266306], [-73.98616259581333, 40.72407210740153], [-73.98622313392941, 40.72409767111316], [-73.98628366025739, 40.72412322578635], [-73.9863441984664, 40.724148789434146], [-73.98640004991739, 40.72417222729479], [-73.98645588957122, 40.72419566512684], [-73.98651174109901, 40.72421911193823], [-73.98656759266785, 40.72424254971732], [-73.98662344427606, 40.724265987469295], [-73.98667928408699, 40.72428942519271], [-73.98672804394315, 40.72430989489528], [-73.98673513577197, 40.724312871895414], [-73.98678474190255, 40.72433368836743], [-73.98679098749797, 40.72433630956587], [-73.9868372820623, 40.72435586312132], [-73.98684688657545, 40.724359918311336], [-73.98690278569083, 40.72438353603466], [-73.98695868484576, 40.72440715373076], [-73.98696702060538, 40.72441067386455], [-73.98701459587863, 40.72443076239589], [-73.98707049511282, 40.724454380037585], [-73.98712639438666, 40.724477997652016], [-73.98718230553834, 40.724501606235485], [-73.98723820489137, 40.72452522379554], [-73.98728522770534, 40.724544562929836], [-73.987288892005, 40.724546077090366], [-73.98731985274074, 40.72455886413243], [-73.98732679431943, 40.724561731217385], [-73.9873280843949, 40.724562289675056], [-73.98732933895567, 40.724562875144116], [-73.98733056983485, 40.724563505635956], [-73.98733177703753, 40.72456415413541], [-73.98733294872211, 40.724564847656396], [-73.98733408489372, 40.724565559183645], [-73.98733518554893, 40.72456630672729], [-73.98733626252596, 40.724567081283624], [-73.98733730398828, 40.72456788285135], [-73.98733829809935, 40.724568711429114], [-73.98733926853228, 40.72456956701955], [-73.98733961172921, 40.72456989574312], [-73.987340191614, 40.72457044962005], [-73.98734106734618, 40.724571350225474], [-73.98734190756367, 40.724572277842306], [-73.98734271226817, 40.724573223465434], [-73.9873434696231, 40.72457418709349], [-73.98734417962686, 40.72457517773161], [-73.9873448422828, 40.72457617736963], [-73.98734546942572, 40.72457719501392], [-73.9873460373809, 40.72457823966699], [-73.98734656982649, 40.72457928431617], [-73.98734704308431, 40.72458035597405], [-73.98734748083255, 40.72458142762809], [-73.98734785939472, 40.72458251728579], [-73.98734819060907, 40.724583615943395], [-73.98734847447729, 40.72458471459574], [-73.98734857263292, 40.72458517566723], [-73.98734871099596, 40.72458583125311], [-73.98734888833198, 40.72458694790399], [-73.9873490301584, 40.72458806455094], [-73.98734911280023, 40.72458919109699], [-73.9873491362598, 40.72459031583551], [-73.98734912420959, 40.72459144147067], [-73.98734905297846, 40.72459255809422], [-73.9873489225629, 40.72459368371632], [-73.98734875663945, 40.72459480032946], [-73.9873485315333, 40.724595916936124], [-73.98734825908444, 40.72459701552738], [-73.9873479392894, 40.7245981141134], [-73.98734756031341, 40.72459920368788], [-73.9873471458295, 40.724600284253334], [-73.98734667216462, 40.72460135580721], [-73.98734616299352, 40.72460240934696], [-73.9873460599801, 40.72460259664155], [-73.98734559464316, 40.724603444870034], [-73.98734497894833, 40.72460447138283], [-73.98734432774731, 40.724605479881525], [-73.98734362920352, 40.724606470364805], [-73.98734310826256, 40.72460717270471], [-73.98731103474985, 40.72465094292511], [-73.98728119886884, 40.72469175070842], [-73.98725136294941, 40.72473256838935], [-73.98722002335788, 40.7247754282502], [-73.98718868372409, 40.72481829800789], [-73.98715734404998, 40.72486116775677], [-73.98712600433733, 40.72490402849177], [-73.98709465274598, 40.724946898221795], [-73.98706331295264, 40.72498975893925], [-73.9870319731173, 40.72503262865303], [-73.9870008700583, 40.72507506614036], [-73.98700001760383, 40.725076182675416], [-73.98699910596977, 40.725077281193585], [-73.98699814699451, 40.72507835269115], [-73.98699715251456, 40.725079397169424], [-73.98699609885676, 40.72508041462575], [-73.9869959757343, 40.72508052537446], [-73.9869949978577, 40.725081405061424], [-73.98699386135404, 40.72508236847777], [-73.98699267751093, 40.72508329586843], [-73.98699144632653, 40.72508419623845], [-73.98699017963925, 40.7250850605841], [-73.98698887744911, 40.72508588890535], [-73.98698752791772, 40.725086690205906], [-73.9869861547219, 40.725087446478376], [-73.98698474602318, 40.725088166726444], [-73.98698330182158, 40.725088850950115], [-73.98698182211713, 40.72508949914939], [-73.98698033058294, 40.725090112227456], [-73.98697879171132, 40.725090678473634], [-73.98697867215353, 40.72509071898305], [-73.98697724100992, 40.725091209598624], [-73.98697566664582, 40.72509168669039], [-73.98697406861376, 40.72509213676418], [-73.98697244691897, 40.72509253280472], [-73.98697134724931, 40.72509277491724], [-73.98697081339455, 40.72509289282352], [-73.98696915620575, 40.72509320781417], [-73.98696749902567, 40.72509347777937], [-73.98696581817939, 40.72509371172148], [-73.98696413734365, 40.72509389163301], [-73.98696244468015, 40.72509402651772], [-73.98696075202362, 40.72509412538205], [-73.98695904754105, 40.725094170214476], [-73.98695734306557, 40.72509417902649], [-73.98695563860063, 40.725094133807964], [-73.98695394598113, 40.72509404356527], [-73.98695225336867, 40.72509391730219], [-73.98695152069706, 40.72509383887488], [-73.98695057260348, 40.7250937370099], [-73.9869488918453, 40.72509352069721], [-73.98694722293257, 40.725093259360385], [-73.98694556586535, 40.72509295299941], [-73.98694393248016, 40.72509260161567], [-73.98694231094044, 40.725092205207794], [-73.9869407130828, 40.7250917637771], [-73.98693912706892, 40.72509128632734], [-73.98693757657193, 40.725090772861265], [-73.98693603792219, 40.72509020536601], [-73.98693453478941, 40.72508960185434], [-73.98693096634005, 40.725088111106786], [-73.9868767531529, 40.725065452633814]], [[-73.9857114644207, 40.723915708586944], [-73.98535972615709, 40.72376610331811], [-73.98518690006107, 40.72399793083], [-73.98505527783213, 40.724177198005975], [-73.9850142886354, 40.724233025150745], [-73.98512521614596, 40.72428228027924], [-73.98531599042194, 40.72436367567964], [-73.9853985150278, 40.724398885278234], [-73.98542352565488, 40.72440923980045], [-73.98545690512552, 40.72442305873296], [-73.98557930965501, 40.72447373497468], [-73.98559857777485, 40.72448171229567], [-73.98561851223565, 40.72448996525248], [-73.98583090455828, 40.724577897490555], [-73.9858404001517, 40.72458192663622], [-73.98592095947348, 40.72461610543501], [-73.98602207475966, 40.72465900450385], [-73.98606556665791, 40.72467745670574], [-73.9860727851281, 40.724680525613834], [-73.98607385505603, 40.72468098590342], [-73.98617173339963, 40.72472311811559], [-73.98622493872692, 40.72474601993848], [-73.98625911139857, 40.724760729336225], [-73.98630131803593, 40.72477889763502], [-73.9864799272501, 40.724854031114546], [-73.98648788548543, 40.72485739274888], [-73.98649902986364, 40.724862066798075], [-73.98651513453038, 40.72486884141455], [-73.98660479024079, 40.724906618332476], [-73.98671152601092, 40.72495159132034], [-73.98677053582209, 40.72497728243689], [-73.98692649696689, 40.72504518423041], [-73.98693122057585, 40.72504714247348], [-73.98693626861464, 40.725048558646684], [-73.98694153337586, 40.72504940212041], [-73.98694690241518, 40.72504965487175], [-73.98695226328545, 40.725049312385416], [-73.98695366123836, 40.725049064003294], [-73.98695750235377, 40.72504838095206], [-73.9869625071681, 40.72504688127066], [-73.98696717356005, 40.72504484484733], [-73.98697140209362, 40.72504231399474], [-73.98697510279978, 40.72503934363385], [-73.98697819872842, 40.725035995891155], [-73.9870428280792, 40.72493725605328], [-73.98706485896558, 40.72490359839954], [-73.98709584803886, 40.72485625490737], [-73.98728292346507, 40.724604855366586], [-73.98727524349883, 40.72458226524554], [-73.98705937014792, 40.724490074971925], [-73.98695369664678, 40.72444495023801], [-73.98694404123124, 40.72444082661246], [-73.98693765596991, 40.724438100046925], [-73.98693420236519, 40.72443663092461], [-73.98676238040045, 40.72436352417111], [-73.9867058955284, 40.72433949027665], [-73.98665670608493, 40.72431856125534], [-73.98642241052542, 40.72421697803801], [-73.98639936341121, 40.724206985068655], [-73.98636580172182, 40.724192433372856], [-73.98635348694592, 40.72418723597576], [-73.98615574658812, 40.72410377298542], [-73.98587775105304, 40.72398643528817], [-73.98582090110501, 40.72396225593151], [-73.98579757008022, 40.723952332145544], [-73.98576759588393, 40.723939582636376], [-73.98575854776432, 40.72393573454203], [-73.9857114644207, 40.723915708586944]]]]}, "properties": {"shape_area": "21831.8591929", "shape_leng": "3320.20597212", "feat_code": "3800", "status": "Unchanged", "sub_code": "380000", "source_id": "12380001447.0"}}, {"type": "Feature", "geometry": {"type": "MultiPolygon", "coordinates": [[[[-73.98380221479812, 40.72535924848146], [-73.9837416172879, 40.72533365647774], [-73.98368100798763, 40.725308064440306], [-73.9836204105705, 40.72528247237259], [-73.98359573488953, 40.72527205087], [-73.9835598131999, 40.72525688027293], [-73.98354039483041, 40.725248676562344], [-73.98349921587814, 40.725231279136175], [-73.98343861860064, 40.72520568697247], [-73.98342005240862, 40.725197847169795], [-73.98337802136969, 40.72518009477687], [-73.98331742418533, 40.72515450254925], [-73.98325682704746, 40.72512891028967], [-73.98319622995618, 40.725103317998055], [-73.98313563291367, 40.72507771666942], [-73.98307502407881, 40.725052124312164], [-73.98301442712717, 40.725026531924634], [-73.98295383022202, 40.72500093950514], [-73.98289323336341, 40.72497534705364], [-73.9828326365514, 40.724949754570204], [-73.982788986757, 40.72493131373125], [-73.9827720397882, 40.72492415304965], [-73.98271144306928, 40.724898560502254], [-73.98265084639685, 40.72487296792283], [-73.98259024977095, 40.72484737531144], [-73.98252965319165, 40.724821782668094], [-73.98246976675357, 40.72479656831471], [-73.98240989219974, 40.724771344926786], [-73.98235001768886, 40.72474613051276], [-73.98229014322334, 40.72472091606753], [-73.98223025696652, 40.7246957015892], [-73.98217038259396, 40.724670478076426], [-73.98211050826433, 40.72464526353751], [-73.98210838266122, 40.724644369001595], [-73.98205063398005, 40.724620048967324], [-73.98199075974101, 40.724594834365966], [-73.98193087371321, 40.724569610726455], [-73.9818709995648, 40.7245443960626], [-73.98181112546177, 40.72451918136759], [-73.98176263683911, 40.72449869611853], [-73.98175325156572, 40.724494732391115], [-73.98175210356169, 40.72449422792406], [-73.9817509910746, 40.724493696447325], [-73.98174989043392, 40.72449312895207], [-73.9817488253102, 40.72449253444718], [-73.98174779570351, 40.724491912932606], [-73.9817467779407, 40.724491264404634], [-73.98174604894696, 40.724490769009], [-73.98174579569239, 40.72449059787209], [-73.9817448489635, 40.72448989532484], [-73.98174393774913, 40.724489174773026], [-73.98174305021521, 40.72448842720966], [-73.98174221003482, 40.72448765263854], [-73.98174139353236, 40.72448686006095], [-73.9817406243809, 40.724486049480696], [-73.98173989074644, 40.72448521189083], [-73.98173918078749, 40.72448436529959], [-73.98173853001852, 40.724483491702465], [-73.98173790292506, 40.72448260910397], [-73.98173732318509, 40.72448169949773], [-73.98173679079365, 40.72448078089394], [-73.9817362939143, 40.724479853290646], [-73.9817359059002, 40.72447903736774], [-73.9817358443859, 40.72447890768467], [-73.98173544220602, 40.72447795308113], [-73.98173507553818, 40.7244769894781], [-73.98173475621861, 40.72447601777805], [-73.98173447241157, 40.7244750352775], [-73.9817342477893, 40.724474044681735], [-73.98173405867908, 40.72447304508652], [-73.98173391691488, 40.72447204549886], [-73.98173382249676, 40.72447104591867], [-73.98173377542467, 40.72447004634597], [-73.98173377570112, 40.724469037775705], [-73.98173381148462, 40.72446803821619], [-73.98173390645316, 40.724467029660964], [-73.98173403692874, 40.72446603011645], [-73.98173421474793, 40.72446503958453], [-73.98173437828872, 40.72446432100415], [-73.98173443991313, 40.72446404906014], [-73.98173471242191, 40.72446306754836], [-73.98173503227673, 40.724462086044085], [-73.98173538763614, 40.724461122555596], [-73.9817357903391, 40.724460168079716], [-73.98173624038563, 40.72445922261643], [-73.98173672593916, 40.72445828616392], [-73.98173725883383, 40.724457367729045], [-73.9817378390696, 40.724456467311875], [-73.9817384548124, 40.724455575905424], [-73.9817413167804, 40.724451621322935], [-73.98176979790226, 40.72441226637972], [-73.98180172112151, 40.72436829056011], [-73.9818336442987, 40.7243243147314], [-73.98186556743369, 40.724280338893564], [-73.98189749052906, 40.72423635404154], [-73.98192942541625, 40.724192378187276], [-73.9819613484249, 40.724148402322086], [-73.98198730478583, 40.724112638158786], [-73.98199327139385, 40.72410441744271], [-73.98202519431818, 40.72406044155931], [-73.98205711720043, 40.724016465666786], [-73.98208805723975, 40.72397389440673], [-73.98208875583565, 40.72397297599594], [-73.9820895017748, 40.723972066597625], [-73.98208958820683, 40.72397196935609], [-73.98209028321594, 40.723971184220105], [-73.98209111199549, 40.723970328865214], [-73.98209197628188, 40.72396948252098], [-73.98209287607024, 40.723968663197475], [-73.98209381136056, 40.7239678708948], [-73.98209478215291, 40.72396710561289], [-73.98209580028367, 40.72396636735362], [-73.98209684208, 40.7239656561133], [-73.9820979075443, 40.72396496288686], [-73.98209902034215, 40.72396431469321], [-73.9821001449716, 40.72396368451156], [-73.98210130510063, 40.72396309035582], [-73.98210155606496, 40.72396297062709], [-73.98210250073164, 40.72396252322083], [-73.9821037081918, 40.72396198310296], [-73.98210495114905, 40.72396148801605], [-73.98210620593554, 40.72396101994628], [-73.98210748438757, 40.723960578895415], [-73.98210878650033, 40.72396018287367], [-73.98211010044227, 40.72395981386904], [-73.98211143804465, 40.72395949079404], [-73.98211181683192, 40.72395940980704], [-73.98211278747674, 40.72395919293512], [-73.9821141487353, 40.72395893199891], [-73.98211550998421, 40.72395870708303], [-73.98211689489624, 40.72395851819118], [-73.9821182797962, 40.7239583743248], [-73.98211967652536, 40.72395825747552], [-73.98212084479633, 40.72395819732282], [-73.98212107324241, 40.72395818565167], [-73.9821224817886, 40.723958140844914], [-73.98212387848633, 40.72395814106176], [-73.9821252751744, 40.723958177298975], [-73.98212667185281, 40.723958249556546], [-73.9821280685215, 40.72395835783445], [-73.9821294651806, 40.7239585021327], [-73.98213083815482, 40.72395869145275], [-73.98213221112175, 40.72395890778804], [-73.98213357224266, 40.72395916014186], [-73.982134921515, 40.72395945751927], [-73.98213625894375, 40.72395978191011], [-73.98213757269004, 40.723960142317644], [-73.98213887459023, 40.72396053874369], [-73.98213959772995, 40.723960783794375], [-73.98214015280792, 40.72396097118641], [-73.98214141917957, 40.723961439647624], [-73.98214266187118, 40.72396193512046], [-73.98220602699142, 40.72398847393321], [-73.98226900160061, 40.724014859564306], [-73.98233197626212, 40.72404123615577], [-73.98239495097103, 40.724067621717815], [-73.98245792572983, 40.72409400724526], [-73.98252090053846, 40.72412039273821], [-73.98258387539934, 40.724146769191506], [-73.98260824160188, 40.7241570837053], [-73.9826413823959, 40.72417110963517], [-73.98269890127088, 40.72419545005185], [-73.9827564083514, 40.724219790437886], [-73.9828139273104, 40.72424413079695], [-73.98287144631142, 40.72426847112715], [-73.98292895351797, 40.72429281142683], [-73.98298647260302, 40.72431715169939], [-73.98304397989365, 40.72434149194145], [-73.98310149906271, 40.724365832156394], [-73.98315901827608, 40.72439016333749], [-73.98321652569267, 40.724414503493115], [-73.98327577301835, 40.72443924009669], [-73.98330614587134, 40.72445191737031], [-73.98333502039027, 40.72446396766462], [-73.9833942678039, 40.72448870420709], [-73.98345351526376, 40.72451343171387], [-73.98351276276529, 40.72453816819521], [-73.98357199847656, 40.72456289563915], [-73.98363124606611, 40.72458763205936], [-73.98369049370184, 40.72461235944387], [-73.98374974137934, 40.72463709580288], [-73.98380898910301, 40.724661823126276], [-73.98386823686842, 40.724686559424164], [-73.98392748468004, 40.72471128668643], [-73.9839385720149, 40.7247160600316], [-73.98397751972325, 40.72473282843603], [-73.98398454281109, 40.724735851521864], [-73.9840416009863, 40.7247604073239], [-73.984098671038, 40.72478497210425], [-73.98415572929733, 40.724809527849565], [-73.9841897228322, 40.724824154989896], [-73.98421279943527, 40.72483408356811], [-73.98425102768522, 40.72485056541919], [-73.98426505260512, 40.72485661245453], [-73.98426612961916, 40.72485709887665], [-73.9842671829537, 40.72485761231081], [-73.98426820077215, 40.72485815275537], [-73.98426917715808, 40.72485871210495], [-73.98426920674552, 40.724858729218674], [-73.9842701890415, 40.724859323688875], [-73.98427113582132, 40.72485994516952], [-73.98427205892168, 40.7248605936622], [-73.98427294650804, 40.724861260160225], [-73.98427379857833, 40.72486195366865], [-73.98427462696908, 40.72486267418912], [-73.98427541984584, 40.724863412714896], [-73.98427617720864, 40.724864169245976], [-73.98427689905746, 40.72486494378241], [-73.98427758539223, 40.724865736324205], [-73.98427823621097, 40.724866555876396], [-73.98427885151784, 40.724867384428826], [-73.98427943131072, 40.724868230986544], [-73.98427996375518, 40.72486908654293], [-73.98428046068352, 40.72486996910975], [-73.98428091026554, 40.72487085167009], [-73.98428130067802, 40.7248716774903], [-73.98428133617014, 40.72487175223739], [-73.98428170288972, 40.724872661801655], [-73.98428203409743, 40.724873580366214], [-73.98428232979329, 40.72487450793098], [-73.9842825781428, 40.72487543548932], [-73.98428277914152, 40.72487638195186], [-73.98428293279429, 40.72487732660689], [-73.98428305093714, 40.724878272157625], [-73.98428313356811, 40.72487922670861], [-73.9842831570183, 40.72488017224642], [-73.98428314495658, 40.72488112678447], [-73.98428309738513, 40.724882081317624], [-73.98428299063286, 40.72488302683769], [-73.98428284837084, 40.72488397235286], [-73.98428265876252, 40.72488491786157], [-73.9842824336465, 40.72488585436032], [-73.98428216118626, 40.724886781847545], [-73.98428190415116, 40.72488754994677], [-73.98428185321836, 40.72488770032483], [-73.98428149790413, 40.72488861879567], [-73.98428109524778, 40.72488951924985], [-73.98428065708377, 40.72489041069405], [-73.98428018222849, 40.72489129312818], [-73.98427966121471, 40.72489215754584], [-73.98427909285671, 40.724893012951924], [-73.98427850082977, 40.7248938503446], [-73.98426502645988, 40.72491220088024], [-73.98424299265356, 40.724942202831414], [-73.98421090508562, 40.72498606223554], [-73.98417880563663, 40.72502993063391], [-73.98414671798206, 40.725073799024706], [-73.98411463028734, 40.72511765840119], [-73.98408254254828, 40.72516152677358], [-73.98405044293244, 40.72520538613008], [-73.9840183539252, 40.72524925448388], [-73.98398626606155, 40.72529311382357], [-73.98395417815347, 40.725336982159135], [-73.98394131102553, 40.72535450427207], [-73.98392488580204, 40.72537687062569], [-73.98392480528766, 40.72537697417299], [-73.98392417538007, 40.72537778904578], [-73.98392344129122, 40.72537868044729], [-73.98392265986222, 40.72537954482688], [-73.98392183108864, 40.72538040019476], [-73.98392097864821, 40.7253812285441], [-73.98392007886764, 40.72538202987153], [-73.983919155418, 40.72538281318546], [-73.98391818462814, 40.72538356947747], [-73.98391719016927, 40.72538430775604], [-73.98391616020903, 40.725385010009255], [-73.98391509474527, 40.72538568524223], [-73.98391400561472, 40.72538633345663], [-73.98391288098058, 40.72538695465077], [-73.98391173267962, 40.72538754882632], [-73.98391118102704, 40.72538781169788], [-73.98391056071395, 40.72538810697816], [-73.98390936508144, 40.72538863811144], [-73.98390813394548, 40.72538914222448], [-73.98390689098123, 40.725389611215974], [-73.98390563618942, 40.72539004238444], [-73.98390434589605, 40.7253904384281], [-73.98390304377259, 40.725390807454794], [-73.98390172982107, 40.725391140459436], [-73.98390040404156, 40.72539143744208], [-73.98389906643189, 40.725391707407766], [-73.98389770515975, 40.725391932344685], [-73.98389634389417, 40.7253921302663], [-73.98389497080274, 40.725392283160744], [-73.98389359771781, 40.72539240903996], [-73.9838922128071, 40.725392489892045], [-73.98389082790298, 40.72539254372884], [-73.98388944300967, 40.72539255254017], [-73.9838880581229, 40.72539253433619], [-73.98388667324484, 40.72539248011186], [-73.98388528837773, 40.72539238086205], [-73.98388391535377, 40.7253922545986], [-73.98388254234071, 40.72539208330975], [-73.98388157768561, 40.725391942695275], [-73.98388118117086, 40.725391885007184], [-73.9838798318486, 40.72539164168084], [-73.9838784943696, 40.725391371340855], [-73.98387716873596, 40.72539106498215], [-73.98387585494771, 40.72539072260472], [-73.98387455300269, 40.72539035321366], [-73.98387327474198, 40.72538993880046], [-73.98387202016114, 40.72538949737529], [-73.98387077742353, 40.725389028936476], [-73.98386957020685, 40.72538851547718], [-73.98386837483122, 40.725387984009366], [-73.98386720313994, 40.72538740751941], [-73.98386606696297, 40.725386813024215], [-73.98386494263146, 40.72538618251032], [-73.98386386565318, 40.72538552498776], [-73.98386335083875, 40.725385190826735], [-73.9838628123546, 40.72538484135372], [-73.98380221479812, 40.72535924848146]], [[-73.9824058953793, 40.724101842741895], [-73.98212009951885, 40.723983113397715], [-73.98205676099387, 40.72406895989738], [-73.9819569515377, 40.72420392162935], [-73.98188948019673, 40.724295156033946], [-73.9817768034701, 40.724448570616644], [-73.98177524844778, 40.72445182030821], [-73.98177447932594, 40.7244552295143], [-73.98177452099145, 40.724458688376735], [-73.98177536992378, 40.72446208613232], [-73.98177700129585, 40.72446531471595], [-73.98177936187183, 40.72446827056072], [-73.98178237592397, 40.7244708591011], [-73.9817859487823, 40.72447299927618], [-73.9817899644684, 40.72447461992743], [-73.98193328385003, 40.72453823916563], [-73.98221472806394, 40.72465776614331], [-73.98228060165764, 40.72468574161197], [-73.98245789718467, 40.72476004635806], [-73.98253191966064, 40.72479106934626], [-73.98258917871573, 40.72481506668218], [-73.98292462161116, 40.72495708218351], [-73.98298628126136, 40.7249831871653], [-73.98334936995153, 40.72513131996427], [-73.9835243746195, 40.72520276991919], [-73.9836441352412, 40.72525166482647], [-73.98388439138229, 40.72535229367425], [-73.98390997838288, 40.72531933321704], [-73.98403774259417, 40.72514449824791], [-73.98407754444764, 40.725090031962665], [-73.98415138819594, 40.72498638004296], [-73.98421051512732, 40.72490338643853], [-73.98423085477657, 40.72487483678263], [-73.98404538536941, 40.724794040964746], [-73.98396116516547, 40.724757351525966], [-73.98364024981572, 40.72461779049078], [-73.98330916902137, 40.72447985250428], [-73.98313813521287, 40.724408594604995], [-73.98281718611491, 40.724275398764426], [-73.98245176014665, 40.724120896412124], [-73.9824058953793, 40.724101842741895]]]]}, "properties": {"shape_area": "18537.2713193", "shape_leng": "3549.18162825", "feat_code": "3800", "status": "Unchanged", "sub_code": "380000", "source_id": "12380001452.0"}}, {"type": "Feature", "geometry": {"type": "MultiPolygon", "coordinates": [[[[-73.98594860998644, 40.72626486977901], [-73.98587761431396, 40.72623477598905], [-73.98581091982001, 40.72620649631035], [-73.9857494686155, 40.72618044600168], [-73.98568801627529, 40.72615439565998], [-73.98562656516486, 40.726128354290644], [-73.98556511410426, 40.72610230478381], [-73.98554783868326, 40.726095037310216], [-73.9855039589413, 40.72607657856404], [-73.9854903963963, 40.72607087483286], [-73.98541669070924, 40.72603987990728], [-73.98538164993717, 40.72602514223616], [-73.98535899878375, 40.726015614674495], [-73.98532049254766, 40.72599941952046], [-73.98525933993976, 40.72597369857376], [-73.98519818264485, 40.725947974892385], [-73.98513703131503, 40.72592225388073], [-73.98513383568674, 40.72592090990874], [-73.9850758741144, 40.72589653103475], [-73.98506525635243, 40.72589206493431], [-73.9850147299802, 40.725870813560874], [-73.98495357760805, 40.72584509335188], [-73.98489242054906, 40.72581937040815], [-73.98483126827152, 40.72579364923354], [-73.98477011130694, 40.72576792622467], [-73.98470895912384, 40.72574220498485], [-73.98464780698774, 40.725716484613], [-73.98457936655012, 40.72568769880043], [-73.98450140209782, 40.72565488008649], [-73.98446342888232, 40.72563889363484], [-73.98440181298646, 40.72561295964874], [-73.98434019714072, 40.72558701662448], [-73.9842785931775, 40.725561082573826], [-73.98424236699145, 40.72554583560552], [-73.98421697742558, 40.725535148488554], [-73.98415537355824, 40.725509214371826], [-73.98409914307766, 40.725485458395156], [-73.9840981252248, 40.72548502781127], [-73.98409695351687, 40.72548450535417], [-73.98409579365423, 40.72548394687835], [-73.9840946574715, 40.7254833613905], [-73.98409355680526, 40.72548274889228], [-73.98409249165772, 40.725482100378606], [-73.9840914383512, 40.72548143385635], [-73.98409043240005, 40.72548073132033], [-73.98408945012666, 40.72548001077734], [-73.98408850337192, 40.72547925421888], [-73.98408759213159, 40.72547847965514], [-73.98408671640779, 40.72547767808104], [-73.98408588803508, 40.72547685850329], [-73.98408508334222, 40.72547601191357], [-73.98408493897396, 40.72547584710045], [-73.98408432600046, 40.72547514732019], [-73.98408360417312, 40.72547426472152], [-73.98408291786015, 40.72547336411756], [-73.98408229073492, 40.725472445511606], [-73.98408168728741, 40.72547150889878], [-73.98408113119098, 40.72547055428229], [-73.98408062244347, 40.72546959066723], [-73.9840801610449, 40.725468618053625], [-73.9840797469974, 40.72546762743643], [-73.98407936846212, 40.72546662781902], [-73.98407903727792, 40.72546561019798], [-73.98407876527716, 40.725464592585105], [-73.9840785287865, 40.725463574977134], [-73.98407833964667, 40.725462540266086], [-73.9840781978541, 40.72546150376054], [-73.98407810340801, 40.72546046816204], [-73.98407809987894, 40.72546037630964], [-73.98407809752169, 40.72546033398536], [-73.98407805630868, 40.725459432570084], [-73.98407805655825, 40.72545838797963], [-73.9840781159891, 40.7254573524024], [-73.98407821093002, 40.7254563168301], [-73.98407835321763, 40.72545528126434], [-73.98407854285205, 40.725454245705144], [-73.98407877982889, 40.725453228162664], [-73.98407906415248, 40.725452210626706], [-73.98407939582067, 40.72545120210242], [-73.98407977483342, 40.725450202589734], [-73.98408020119078, 40.72544921208873], [-73.98408029356364, 40.725449016691044], [-73.98408066305602, 40.725448230597706], [-73.98408117226367, 40.72544726712337], [-73.98408172881378, 40.72544632166577], [-73.98408233270844, 40.72544538521988], [-73.98408297210885, 40.725444466788986], [-73.98410510449631, 40.7254140515504], [-73.98411661115095, 40.72539823929836], [-73.98413636946876, 40.72537112679338], [-73.98414907791778, 40.72535368658314], [-73.98418155647575, 40.725309142865235], [-73.98419360538443, 40.72529260847151], [-73.98421402315573, 40.72526459013117], [-73.98424648979237, 40.72522003738768], [-73.98427896822005, 40.725175493641466], [-73.98431143476985, 40.725130940879126], [-73.98434391311282, 40.72508638810898], [-73.98437637957363, 40.72504184433287], [-73.98440576985155, 40.72500152802114], [-73.98444381187122, 40.72494932885187], [-73.98446327154218, 40.72492263858757], [-73.98447234008702, 40.72491020017769], [-73.98447380237316, 40.72490819494104], [-73.98448242216996, 40.72489634630331], [-73.98449234677712, 40.72488268601627], [-73.98450727512154, 40.72486213840731], [-73.9845296368314, 40.724831379121106], [-73.98453978875206, 40.724817414488335], [-73.98454075966023, 40.724816081865136], [-73.98454133865357, 40.7248152849923], [-73.98457424415271, 40.724770025312964], [-73.98460771676227, 40.72472396874915], [-73.98464120116213, 40.7246779121769], [-73.98466423172303, 40.72464624073723], [-73.98467468551364, 40.72463186459975], [-73.98470816982099, 40.72458580800743], [-73.98474164224547, 40.72453975140354], [-73.98477512646022, 40.72449369479123], [-73.98480861062869, 40.72444763816885], [-73.98484201187084, 40.724401689586635], [-73.9848427341165, 40.7244007261369], [-73.98484350370201, 40.724399789708635], [-73.98484432062729, 40.72439888030187], [-73.98484517306005, 40.724397979904865], [-73.9848460609941, 40.724397115532895], [-73.98484699627004, 40.72439626917737], [-73.98484796705134, 40.724395440836645], [-73.98484843467676, 40.72439507258991], [-73.98484897333392, 40.724394648520956], [-73.98485001511979, 40.724393883225225], [-73.9848510924111, 40.72439313594431], [-73.9848522052037, 40.724392424688496], [-73.98485334166105, 40.72439174945608], [-73.98485451362177, 40.72439110124363], [-73.98485572108575, 40.724390480051106], [-73.98485695221459, 40.72438989488204], [-73.98485820701025, 40.72438933673135], [-73.9848594854707, 40.72438881460413], [-73.98486078759595, 40.72438832850037], [-73.98486211338594, 40.724387878420124], [-73.98486345100427, 40.72438746436174], [-73.98486394698465, 40.72438732754953], [-73.98486482412392, 40.72438708632836], [-73.98486619723536, 40.724386744315375], [-73.98486759401155, 40.72438643832583], [-73.9848690026159, 40.72438616925868], [-73.98486957078823, 40.72438607928243], [-73.98487042304896, 40.72438593441243], [-73.98487184347364, 40.72438573648705], [-73.98487328756102, 40.72438558359023], [-73.98487473164029, 40.72438546671372], [-73.98487617571135, 40.72438538585759], [-73.98487763160873, 40.72438535002845], [-73.9848790756634, 40.724385341213], [-73.9848805315444, 40.72438537742456], [-73.98488197558073, 40.72438544965492], [-73.98488341960687, 40.7243855669107], [-73.98488486362479, 40.72438572018684], [-73.98488629579809, 40.724385909481775], [-73.98488771612675, 40.724386134795516], [-73.98488882160905, 40.72438634025669], [-73.98488912461073, 40.72438639612804], [-73.98489052124799, 40.72438670248446], [-73.98489189420617, 40.72438703585302], [-73.98489326715418, 40.72438741424703], [-73.98489460458659, 40.72438781965164], [-73.98489594200879, 40.72438827008165], [-73.98489724391534, 40.72438874752232], [-73.98489853397732, 40.72438926098178], [-73.9848993151107, 40.72438959427263], [-73.98490513219895, 40.724392025509715], [-73.98495721379747, 40.72441379853372], [-73.98501526638874, 40.72443805681615], [-73.98507330718374, 40.72446232407282], [-73.98513135985955, 40.72448658229656], [-73.98518940074109, 40.724510840489465], [-73.985196020292, 40.724513607704964], [-73.9852474535014, 40.724535098654506], [-73.98530549446745, 40.72455935678872], [-73.98536354731229, 40.72458361489511], [-73.98536739264904, 40.724585221892205], [-73.98542160019946, 40.724607872972115], [-73.98542311868646, 40.72460851612791], [-73.98548361793463, 40.724634130650074], [-73.98554563571867, 40.72466038829454], [-73.9856014588675, 40.72468402284832], [-73.98560765355165, 40.7246866459055], [-73.98566870802554, 40.72471249543243], [-73.98566967143343, 40.72471290348294], [-73.98573168936409, 40.72473916102696], [-73.98579370734366, 40.72476541853744], [-73.98583401905515, 40.72478249265506], [-73.98585572537014, 40.72479168501947], [-73.98591773161091, 40.724817942461506], [-73.9859771056818, 40.724843075714084], [-73.98597976157363, 40.72484419987293], [-73.98604176791207, 40.724870457247974], [-73.9861037979726, 40.724896714592376], [-73.98616580440876, 40.72492297190042], [-73.98622783456699, 40.72494922917782], [-73.98629088266821, 40.72497574769055], [-73.98631998635996, 40.72498799357365], [-73.98638479211894, 40.725015256064175], [-73.98640371960066, 40.72502321700034], [-73.98641697901927, 40.72502879361726], [-73.98648003910759, 40.72505531202751], [-73.98654308740767, 40.72508183940687], [-73.9866061357598, 40.72510835774651], [-73.9866219694609, 40.72511501885213], [-73.9866691959969, 40.725134885057976], [-73.98669621675609, 40.72514624990661], [-73.98673224444934, 40.72516140332839], [-73.98679529295197, 40.725187921564164], [-73.98685210409589, 40.72521189061247], [-73.98685310657153, 40.725212337379475], [-73.98685341784788, 40.725212476093404], [-73.98685470792132, 40.72521308858689], [-73.98685596247599, 40.725213746101765], [-73.98685719335205, 40.72521443062919], [-73.98685838871106, 40.725215151172854], [-73.98685954855488, 40.72521589872778], [-73.98686067288168, 40.72521668229902], [-73.9868617735299, 40.725217492882805], [-73.98686282682623, 40.72521833047646], [-73.9868638327707, 40.72521919507996], [-73.9868648150365, 40.725220086696], [-73.98686573811561, 40.725220996315485], [-73.98686663751437, 40.72522194195263], [-73.98686688366102, 40.72522222384007], [-73.98686747772635, 40.725222905593206], [-73.98686828242312, 40.72522389624496], [-73.98686903977153, 40.72522489589644], [-73.98686974976806, 40.7252259225578], [-73.98687041241442, 40.72522696722391], [-73.98687101587407, 40.725228029893444], [-73.98687158382026, 40.72522911056909], [-73.9868721044181, 40.72523020024446], [-73.98687256582916, 40.725231307923266], [-73.98687297989187, 40.72523242460177], [-73.98687333476943, 40.72523355117911], [-73.98687365413562, 40.72523468495644], [-73.98687390247997, 40.72523582863131], [-73.9868741153144, 40.725236972302135], [-73.98687426896379, 40.725238124971256], [-73.98687436342819, 40.725239286638754], [-73.98687441054777, 40.72524043929579], [-73.98687439848233, 40.72524160095111], [-73.9868743759063, 40.72524203949648], [-73.98687433907028, 40.72524276260107], [-73.98687423231341, 40.72524391524057], [-73.98687406637329, 40.72524506787329], [-73.9868738412499, 40.72524622049922], [-73.98687358061832, 40.72524736411607], [-73.9868732489704, 40.72524848971462], [-73.98687288181249, 40.72524961530915], [-73.9868724554731, 40.725250731891784], [-73.98687196995398, 40.72525183045752], [-73.98687144892666, 40.72525292001414], [-73.98687086871962, 40.725253991553814], [-73.98687024116951, 40.72525504507785], [-73.98686956627458, 40.72525608959146], [-73.98686885587495, 40.72525710708573], [-73.98686858119042, 40.725257483467175], [-73.98683424798115, 40.725304478916804], [-73.9868026591912, 40.72534779879244], [-73.98677107036195, 40.72539110965406], [-73.98673946965324, 40.725434429510464], [-73.98670788074189, 40.72547774035421], [-73.9866929849211, 40.72549816848279], [-73.98668780968384, 40.72550526569698], [-73.98667629178772, 40.725521060194176], [-73.98664469095571, 40.7255643800238], [-73.98661268744988, 40.72560861831693], [-73.98658067206478, 40.72565285659951], [-73.98655933634106, 40.725682354787104], [-73.98655453757668, 40.725688989177435], [-73.98654866847212, 40.7256971038794], [-73.98654408874694, 40.725703432121804], [-73.98652525361173, 40.72572945823226], [-73.98651665300201, 40.72574134214364], [-73.98651081585854, 40.725749401916275], [-73.98649330559822, 40.725773606446815], [-73.98648463748758, 40.72578558940381], [-73.98648019391048, 40.72579173215472], [-73.98646897307562, 40.72580724300513], [-73.98645424401991, 40.72582760358332], [-73.98645263376925, 40.72582982765112], [-73.98642061817162, 40.725874065887865], [-73.98638861436649, 40.72591831312194], [-73.98635659868386, 40.72596255134035], [-73.98632459479371, 40.7260067985561], [-73.98629413015159, 40.726048578551286], [-73.98626366546942, 40.72609036754323], [-73.98623588846287, 40.726128484572584], [-73.98623321258592, 40.72613215652831], [-73.98620274782735, 40.7261739455037], [-73.98617229486739, 40.726215734472184], [-73.98614183003427, 40.72625751442589], [-73.98611317673202, 40.72629673714431], [-73.98611276232639, 40.72629729540989], [-73.98611202823982, 40.72629826787105], [-73.98611124681149, 40.72629921331117], [-73.98611041803962, 40.72630014073544], [-73.9861095537609, 40.72630105014526], [-73.98610864214044, 40.72630193253406], [-73.98610769501506, 40.72630278790331], [-73.9861067123848, 40.72630361625296], [-73.98610568241091, 40.726304426586765], [-73.98610462877087, 40.72630520089732], [-73.98610353962587, 40.72630594818833], [-73.9861024149741, 40.72630667746484], [-73.98610125482118, 40.72630736171164], [-73.9861000709983, 40.72630802794533], [-73.98609885167245, 40.726308658154416], [-73.9860979460637, 40.726309092090425], [-73.98609760868018, 40.726309253240764], [-73.98609633018337, 40.72630981950655], [-73.98609503985891, 40.726310341645934], [-73.98609371402767, 40.72631084577084], [-73.98609237636903, 40.72631130486885], [-73.98609101504415, 40.72631172794364], [-73.98608963005121, 40.72631212400026], [-73.98608823323082, 40.72631247502996], [-73.98608682458114, 40.72631279003791], [-73.98608540410208, 40.72631306902404], [-73.98608395995684, 40.72631331198693], [-73.98608251581913, 40.72631351892944], [-73.98608105985402, 40.72631368084505], [-73.9860796038945, 40.7263138157454], [-73.98607813610752, 40.72631390561883], [-73.98607666832996, 40.72631395046682], [-73.98607518872126, 40.72631396829805], [-73.98607372095874, 40.726313941105275], [-73.98607225320376, 40.726313877892125], [-73.9860707854563, 40.72631377865857], [-73.98606932955516, 40.726313634401016], [-73.9860678736615, 40.726313454123066], [-73.98606777305153, 40.72631343880225], [-73.98606642961222, 40.726313237826176], [-73.98606499740733, 40.72631298551034], [-73.98606357704686, 40.726312697175565], [-73.98606334742344, 40.72631264311725], [-73.98606216853263, 40.72631236381676], [-73.98606077186088, 40.72631200344415], [-73.98605939887224, 40.72631159804889], [-73.98605804956297, 40.72631116564121], [-73.98605671209982, 40.72631068911001], [-73.98605564806236, 40.72631023782615], [-73.98604453307311, 40.72630552591717], [-73.98599526070309, 40.72628463893287], [-73.98594860998644, 40.72626486977901]], [[-73.98488335414584, 40.724428901205755], [-73.98487994290063, 40.72442874406922], [-73.98487655753979, 40.724429274024516], [-73.98487342769947, 40.724430455981974], [-73.9848707700062, 40.72443220802366], [-73.9848687655855, 40.72443441130626], [-73.98486755059173, 40.72443691366163], [-73.98470584515722, 40.72465272093325], [-73.98453425443445, 40.724881718202575], [-73.98452381606519, 40.724895649477446], [-73.98451432964889, 40.72490830936043], [-73.98447471565174, 40.72496117651908], [-73.98447382052623, 40.72496237227451], [-73.9844396479619, 40.72500928058497], [-73.9843149528005, 40.725180449548155], [-73.98421675620365, 40.72530972041949], [-73.98411631665428, 40.72544194276419], [-73.98411491200066, 40.725445394221694], [-73.98411435126987, 40.7254489835735], [-73.98411465579645, 40.72545259105485], [-73.98411581258883, 40.725456096896245], [-73.98411778498067, 40.72545938672794], [-73.98412050671294, 40.725462349778205], [-73.98412388903358, 40.7254648896802], [-73.98412781951416, 40.725466921770526], [-73.98426295094094, 40.7255211050388], [-73.98447760245799, 40.72560717151312], [-73.98452418018516, 40.725626462184245], [-73.98459132582468, 40.72565426990376], [-73.98494048121206, 40.725798872113565], [-73.98505158734137, 40.72584419120061], [-73.98508982722916, 40.72585978847248], [-73.98515889436537, 40.72588796081501], [-73.9852612258001, 40.72592970084556], [-73.98544050260294, 40.72600277744739], [-73.98551669397243, 40.72603383480566], [-73.98555943048055, 40.726051255116865], [-73.98557407485293, 40.726057224625684], [-73.98558694741592, 40.72606247170259], [-73.98560744102316, 40.72607082558646], [-73.98563844702879, 40.72608405703457], [-73.9859055865828, 40.72619805125744], [-73.98591382900047, 40.72620156875364], [-73.98597532428344, 40.72622667614698], [-73.9860617032373, 40.72626194336298], [-73.98606508733349, 40.72626220041762], [-73.98606844552766, 40.726261792893425], [-73.98607155646526, 40.726260747778866], [-73.98607421417091, 40.726259134388265], [-73.98618781606493, 40.726109289870024], [-73.98620262676752, 40.72608975420271], [-73.98636480864221, 40.72587013847618], [-73.98646854750952, 40.72572288687131], [-73.98647827418881, 40.72570908050892], [-73.9864876622359, 40.72569575587831], [-73.98648805177663, 40.72569520211094], [-73.98653654636969, 40.725627323817996], [-73.9866340562203, 40.72549083781707], [-73.9866442895454, 40.72547651460687], [-73.98665104190381, 40.72546706274624], [-73.98666121483794, 40.72545282237428], [-73.9867987739789, 40.72526027696858], [-73.98680058579987, 40.72525617175533], [-73.98680161524834, 40.725251913365845], [-73.98680183981777, 40.725247587345905], [-73.98680125712399, 40.72524328014413], [-73.98679987661905, 40.72523907911099], [-73.98679772787779, 40.725235069798124], [-73.98679485349643, 40.72523133235579], [-73.98679131145963, 40.72522794243324], [-73.98669002518761, 40.72518686395256], [-73.98667194500278, 40.725179531717046], [-73.98665501761684, 40.72517266697653], [-73.98657910835884, 40.72514188055344], [-73.98653467254904, 40.72512385887971], [-73.98639135145162, 40.725064156285704], [-73.98637810621993, 40.72505863910115], [-73.98636886497667, 40.72505478923156], [-73.98635855616264, 40.72505049528372], [-73.98629377281297, 40.725023508337024], [-73.9862866572523, 40.72502054481473], [-73.98597637365158, 40.7248849673101], [-73.98595492299773, 40.72487559489795], [-73.98594477642868, 40.72487116135381], [-73.98593557307515, 40.724867493356804], [-73.9857415312043, 40.72479016618404], [-73.98570947718491, 40.72477635380284], [-73.98564442589945, 40.72474832276634], [-73.98557458722783, 40.72471822892733], [-73.98539892563645, 40.72464253519948], [-73.985347957575, 40.7246205725103], [-73.98534551237022, 40.72461955282273], [-73.98530030568305, 40.72460070120422], [-73.98511711684003, 40.72452431179129], [-73.98488335414584, 40.724428901205755]]]]}, "properties": {"shape_area": "28635.6906926", "shape_leng": "4261.64933603", "feat_code": "3800", "status": "Unchanged", "sub_code": "380000", "source_id": "12380001547.0"}}, {"type": "Feature", "geometry": {"type": "MultiPolygon", "coordinates": [[[[-73.98557470369325, 40.72685965111606], [-73.98551314542092, 40.72683371773639], [-73.98545158719647, 40.726807784323725], [-73.98539001718503, 40.72678184187148], [-73.9853284590564, 40.7267559083928], [-73.98526688913883, 40.72672997487957], [-73.98520533110603, 40.726704041334884], [-73.98514376128429, 40.726678107755674], [-73.98508220334739, 40.726652174144995], [-73.98502064545832, 40.726626240501275], [-73.98495907578035, 40.726600306823045], [-73.98489751798712, 40.726574373113294], [-73.98489281564098, 40.726572393177825], [-73.98483594840496, 40.72654843936903], [-73.9847774029029, 40.7265237748087], [-73.98477439070757, 40.72652250559331], [-73.98471552807041, 40.72649763384239], [-73.98471327099762, 40.7264966799038], [-73.98465216316978, 40.72647086318844], [-73.98459104355457, 40.726445037433884], [-73.98452992398458, 40.726419220651835], [-73.98446881629886, 40.726393403838884], [-73.98440769682568, 40.726367577986736], [-73.98434657739782, 40.726341761107136], [-73.98433617976195, 40.72633736791094], [-73.98428546985622, 40.726315935191536], [-73.98422435052302, 40.72629011824681], [-73.98416323123936, 40.72626429226453], [-73.98410212383772, 40.726238475256444], [-73.98404100464877, 40.726212649209096], [-73.98397988550501, 40.7261868321343], [-73.98391877824764, 40.726161006023496], [-73.98385765919858, 40.72613518888364], [-73.98379654019914, 40.72610936270618], [-73.98373543308159, 40.72608354550294], [-73.983686658677, 40.72606293495712], [-73.98368052430047, 40.72606034332343], [-73.98367431417665, 40.726057720160895], [-73.9836732608544, 40.726057097759835], [-73.98367224305115, 40.72605644024392], [-73.98367124892593, 40.726055764721195], [-73.9836702903177, 40.726055062188216], [-73.98366935538974, 40.72605433264335], [-73.98366846781563, 40.72605357608993], [-73.98366760391949, 40.72605280152964], [-73.98366678737716, 40.726051999960795], [-73.98366599451285, 40.72605118038512], [-73.98366524900236, 40.7260503338009], [-73.98366521823597, 40.726050295975185], [-73.98366453900448, 40.72604947821665], [-73.98366387636041, 40.72604859562381], [-73.98366324922898, 40.72604770403092], [-73.98366265761453, 40.7260467854278], [-73.98366211334948, 40.72604585782629], [-73.983661604597, 40.72604492122477], [-73.98366115503293, 40.72604396662144], [-73.98366074098146, 40.72604300301804], [-73.98366036244259, 40.726042030414604], [-73.98366004309209, 40.72604103980938], [-73.98365975925196, 40.72604004920922], [-73.98365952276103, 40.72603905051115], [-73.98365933361988, 40.726038041013744], [-73.98365922254727, 40.72603725305261], [-73.9836591918257, 40.72603703242351], [-73.98365909737868, 40.72603602384006], [-73.98365903844424, 40.72603500625651], [-73.98365903869377, 40.72603398868137], [-73.98365908628824, 40.72603298011803], [-73.98365916939528, 40.72603196255468], [-73.98365929984728, 40.72603095400311], [-73.98365948948322, 40.72602994545993], [-73.9836597146273, 40.72602894592688], [-73.98365998711634, 40.726027955405634], [-73.9836603069525, 40.72602696489114], [-73.98366066229464, 40.72602599239186], [-73.9836610768207, 40.726025019900945], [-73.98366152685267, 40.72602406542526], [-73.9836620242296, 40.726023119961376], [-73.983662316723, 40.72602261121529], [-73.98366255711247, 40.726022192512744], [-73.98366313734024, 40.72602127407586], [-73.98366375307171, 40.726020382659314], [-73.98367015893852, 40.72601154957466], [-73.98369556926511, 40.72597646934477], [-73.98372864051895, 40.725930899261925], [-73.98376172356436, 40.72588532917103], [-73.98379479472773, 40.72583975906862], [-73.98382787768261, 40.725794188958105], [-73.98383025648054, 40.72579091143934], [-73.98386094875555, 40.72574861883614], [-73.98389403161997, 40.72570304870609], [-73.98392710260022, 40.725657487569656], [-73.98393884616128, 40.72564131156331], [-73.9839601853742, 40.72561191741999], [-73.98399247477961, 40.725567445771304], [-73.98399313784503, 40.7255665723697], [-73.98399383641623, 40.725565716983205], [-73.9839940542713, 40.72556546847301], [-73.9839945704932, 40.72556487961183], [-73.9839953519105, 40.72556406926232], [-73.98399615699901, 40.72556326792114], [-73.98399700942781, 40.725562493601814], [-73.98399788552355, 40.72556174630106], [-73.98399880896179, 40.725561017017085], [-73.98399975606692, 40.725560314751625], [-73.98400072684113, 40.72555963049964], [-73.98400173311678, 40.725558982272915], [-73.98400277489816, 40.72555835206132], [-73.98400384034433, 40.72555775787336], [-73.98400492945959, 40.72555718169886], [-73.98400604223957, 40.725556641547996], [-73.98400717868647, 40.72555612841573], [-73.98400741544435, 40.72555602939261], [-73.98400833880022, 40.72555564230194], [-73.98400952257857, 40.72555519311233], [-73.98401071818756, 40.72555476913861], [-73.98401194929995, 40.725554373085565], [-73.98401318040153, 40.72555402205796], [-73.98401443517211, 40.72555368904382], [-73.98401570176866, 40.725553401056764], [-73.9840169801954, 40.725553140086596], [-73.98401827045022, 40.725552915138444], [-73.98401957253526, 40.72555271720715], [-73.98402087460943, 40.72555256430133], [-73.98402218851388, 40.725552438412386], [-73.98402350241184, 40.72555233953871], [-73.98402482813572, 40.7255522856921], [-73.9840261538509, 40.72555226786585], [-73.98402747955967, 40.72555227705483], [-73.9840287934231, 40.72555232226256], [-73.98403011911459, 40.725552403492244], [-73.98403100448108, 40.72555248285987], [-73.98403143296076, 40.72555252074064], [-73.98403274679823, 40.7255526740094], [-73.9840340369559, 40.72555285429012], [-73.98403533894167, 40.72555307059281], [-73.98403661724538, 40.72555332291259], [-73.98403788370588, 40.72555360224598], [-73.98403913832111, 40.72555391759807], [-73.98404038109102, 40.72555426896887], [-73.98404161201778, 40.7255546473533], [-73.98404281926251, 40.72555506175478], [-73.98404400282516, 40.72555551217334], [-73.98404517454688, 40.725555980600426], [-73.98404855595237, 40.72555740657474], [-73.98411062495016, 40.72558357224344], [-73.98417347160192, 40.725610019844844], [-73.98421591028139, 40.725627880063286], [-73.98423631830354, 40.72563646741187], [-73.98429916505513, 40.72566291494446], [-73.98436201185865, 40.72568935343756], [-73.98442485870993, 40.72571580090136], [-73.98448769377435, 40.72574224832917], [-73.98455054072753, 40.725768686719086], [-73.98461338772844, 40.725795134079675], [-73.98467623477924, 40.725821581405874], [-73.984739081882, 40.7258480196926], [-73.9848019290326, 40.72587446695001], [-73.98486477623304, 40.72590091417304], [-73.98492762348336, 40.725927361361656], [-73.98499047078559, 40.72595379951077], [-73.98505331813571, 40.7259802466306], [-73.98511616553567, 40.72600669371601], [-73.98517901298753, 40.72603313176193], [-73.98524186048724, 40.72605957877855], [-73.98530078565068, 40.72608453311673], [-73.98530101526333, 40.72608462950051], [-73.98536017008388, 40.72610968019195], [-73.98541933678571, 40.72613473085441], [-73.98547849169522, 40.72615978148494], [-73.98553764664919, 40.72618483208493], [-73.98559680164759, 40.7262098826545], [-73.98565596852734, 40.72623493319503], [-73.98571512361474, 40.726259983703606], [-73.9857742787466, 40.726285034181736], [-73.98583343392296, 40.72631008462933], [-73.98589260098062, 40.72633513504793], [-73.98595175624591, 40.72636018543463], [-73.98599575344277, 40.72637883763313], [-73.9860067453485, 40.72638349730227], [-73.98600784607177, 40.72638399271597], [-73.98600893495254, 40.72638451514348], [-73.98601000015206, 40.72638507358847], [-73.98601104167412, 40.72638565004074], [-73.98601204767989, 40.72638625350397], [-73.98601222284154, 40.726386366989374], [-73.98601303000449, 40.72638689298465], [-73.98601397681476, 40.72638755047121], [-73.98601489994567, 40.7263882349701], [-73.98601578756039, 40.726388946479986], [-73.9860160207052, 40.726389142819286], [-73.98601665149762, 40.726389675997176], [-73.98601746808363, 40.72639042351878], [-73.9860182491516, 40.72639120705641], [-73.98601900654398, 40.72639199959627], [-73.98601971658519, 40.726392810140496], [-73.98602039111019, 40.726393647695744], [-73.98602103012274, 40.726394494251736], [-73.98602163361909, 40.726395367818704], [-73.98602218976615, 40.726396250384994], [-73.98602269856393, 40.72639714195059], [-73.98602318368415, 40.72639805152353], [-73.98602360961641, 40.72639897909944], [-73.98602400003811, 40.726399906671084], [-73.98602435494547, 40.72640085224857], [-73.98602465066668, 40.72640180682391], [-73.98602491087733, 40.72640276139499], [-73.98602513557553, 40.72640372496685], [-73.98602530108757, 40.72640469753662], [-73.98602531054306, 40.72640476417542], [-73.98602543108905, 40.72640567010203], [-73.98602551374121, 40.72640665166683], [-73.98602554904782, 40.72640762422079], [-73.98602554888525, 40.72640839955898], [-73.98602554884201, 40.726408605775525], [-73.98602548945189, 40.72640958732306], [-73.98602539455308, 40.72641055986121], [-73.98602525230686, 40.72641153239362], [-73.9860250627132, 40.726412504920276], [-73.98602483761084, 40.72641346843755], [-73.98602456516294, 40.72641442294394], [-73.98602424536759, 40.7264153774446], [-73.98602387822858, 40.72641631392936], [-73.98602347558088, 40.72641724140472], [-73.98602302558761, 40.726418159869226], [-73.9860225400857, 40.7264190693243], [-73.98602200724007, 40.726419960763494], [-73.98602143888762, 40.726420834188175], [-73.98602082318962, 40.72642169860203], [-73.98601989491331, 40.726422969107446], [-73.98601857354025, 40.726424778069465], [-73.98598382238373, 40.726472194645616], [-73.98594920139482, 40.72651955719636], [-73.98591458035666, 40.726566919736335], [-73.98587994743433, 40.726614273259095], [-73.98584532629756, 40.72666163667814], [-73.98581415070899, 40.72670403690589], [-73.98578296324563, 40.72674642901895], [-73.98577855744942, 40.7267524240632], [-73.98575178757753, 40.726788830129834], [-73.98572457603481, 40.72682581516256], [-73.98572060003474, 40.72683122222552], [-73.98568972030752, 40.72687317310137], [-73.9856890098939, 40.72687409153216], [-73.98568826397333, 40.726874991948335], [-73.98568747070884, 40.72687587434847], [-73.98568664193738, 40.72687673873396], [-73.98568577766088, 40.7268775760998], [-73.98568486604239, 40.726878386444476], [-73.98568393075392, 40.72687917877602], [-73.98568371173374, 40.726879349845476], [-73.98568294812343, 40.72687994408642], [-73.98568194182484, 40.726880682378585], [-73.98568088818425, 40.72688139364955], [-73.98567981087558, 40.72688207790235], [-73.98567870990074, 40.726882726131834], [-73.98567757342093, 40.72688334734161], [-73.98567640143601, 40.7268839415317], [-73.98567521761973, 40.72688450960553], [-73.98567399830077, 40.72688503985358], [-73.98567275531543, 40.726885534978784], [-73.98567150049901, 40.72688600308727], [-73.98567022201638, 40.72688643517244], [-73.9856701344174, 40.726886461276315], [-73.98566891986758, 40.726886831234296], [-73.98566759405264, 40.726887191272844], [-73.98566626824355, 40.72688752429609], [-73.98566491877018, 40.72688781229095], [-73.98566355746568, 40.72688807326903], [-73.98566218433392, 40.726888289220206], [-73.98566079937102, 40.726888478154606], [-73.98565941441784, 40.72688862206354], [-73.98565801763348, 40.72688873895573], [-73.98565662085882, 40.72688881082247], [-73.9856552240919, 40.72688884666882], [-73.98565381549584, 40.726888846493324], [-73.98565241874444, 40.726888810298945], [-73.98565102200078, 40.72688873808417], [-73.98564962526682, 40.72688862084395], [-73.98564824037568, 40.72688847658991], [-73.9856468554942, 40.72688828731042], [-73.98564548245548, 40.72688807101713], [-73.9856441212634, 40.72688780969984], [-73.98564277191417, 40.72688752136875], [-73.98564144624848, 40.72688718801517], [-73.98564012058861, 40.72688682764628], [-73.98563883044736, 40.726886431261455], [-73.98563754031386, 40.72688599885626], [-73.98563628569904, 40.72688553043515], [-73.98563567496527, 40.72688528722159], [-73.98563504292694, 40.72688503500024], [-73.98563442746229, 40.726884773775886], [-73.98562776386875, 40.72688197056064], [-73.98557470369325, 40.72685965111606]], [[-73.98564520540214, 40.726844429620016], [-73.98567272730692, 40.7268065936638], [-73.98570990266819, 40.72675548539804], [-73.98574715967098, 40.726704265466886], [-73.98582235550954, 40.72660088642055], [-73.98589493203615, 40.72650110903858], [-73.98593357643757, 40.72644798193742], [-73.98596454945822, 40.72640540064882], [-73.98592159732627, 40.726387318588436], [-73.98581350576768, 40.726341813410045], [-73.98574395044388, 40.726312531974486], [-73.98567737779383, 40.72628450527688], [-73.9856083374451, 40.72625543994537], [-73.98550539841085, 40.72621210444686], [-73.98540298028261, 40.7261689868453], [-73.9853320713141, 40.726139134966374], [-73.98525203234921, 40.72610543940282], [-73.98518964757898, 40.726079181558326], [-73.98506120557985, 40.72602510651016], [-73.98497519224892, 40.72598889125461], [-73.98497255419613, 40.725992517260096], [-73.98489682258138, 40.72596063473559], [-73.98489945945352, 40.72595700783113], [-73.98481841489729, 40.7259228876936], [-73.98473974820068, 40.72588976918006], [-73.98466206748867, 40.7258570658786], [-73.98458530056153, 40.725824746263804], [-73.98450365862946, 40.725790375482596], [-73.98442692972972, 40.725758071976124], [-73.98434774502464, 40.72572473430021], [-73.98433439805883, 40.725719115109676], [-73.98424185821104, 40.725680155466016], [-73.9840321100661, 40.72559184966714], [-73.98399045238814, 40.72564911895967], [-73.98395262390576, 40.7257011225936], [-73.98391015382114, 40.725759508374225], [-73.98387010508362, 40.7258145652961], [-73.98379168761, 40.72592236772669], [-73.9837525752802, 40.7259761361099], [-73.98371275836152, 40.72603087332746], [-73.98369940359972, 40.726037737818764], [-73.98370156085244, 40.726040167697434], [-73.98370505792163, 40.72604304171662], [-73.98391302935828, 40.726130546404484], [-73.98413853543047, 40.72622217025947], [-73.98435625711049, 40.726313463027935], [-73.98467861776281, 40.72644863134469], [-73.98492890972904, 40.726552026594675], [-73.98542155887064, 40.72675553660106], [-73.98554612353063, 40.726809970958556], [-73.98561599979702, 40.726840506060064], [-73.98564032713983, 40.7268511369025], [-73.98564520540214, 40.726844429620016]]]]}, "properties": {"shape_area": "20877.3667556", "shape_leng": "3288.0404267", "feat_code": "3800", "status": "Unchanged", "sub_code": "380000", "source_id": "12380001557.0"}}, {"type": "Feature", "geometry": {"type": "MultiPolygon", "coordinates": [[[[-73.987085129706, 40.729072263387415], [-73.98702276388484, 40.72904622267137], [-73.98696040994976, 40.72902018192278], [-73.98689805606344, 40.72899414114034], [-73.98683569038847, 40.72896810032268], [-73.98677333659961, 40.72894205947251], [-73.98671097102218, 40.728916018587114], [-73.98664861733074, 40.72888997766919], [-73.98658626368808, 40.728863936717445], [-73.9865238982587, 40.728837886725366], [-73.98647293713321, 40.72881660443201], [-73.98646154471346, 40.728811845705884], [-73.98639917937973, 40.72878580465116], [-73.98633682593203, 40.72875976356398], [-73.986274472533, 40.728733722442925], [-73.9862121073455, 40.72870768128655], [-73.986149754044, 40.72868164009778], [-73.98608738895392, 40.72865559887372], [-73.98602503574989, 40.72862955761723], [-73.98598911876509, 40.728614552578954], [-73.9859626825965, 40.72860350732179], [-73.98590031765264, 40.728577465996125], [-73.98583796459462, 40.72855142553856], [-73.98577722146662, 40.728525302399156], [-73.9857164665489, 40.72849918012671], [-73.9856557235179, 40.728473048818486], [-73.98559498053264, 40.72844692648321], [-73.98553423759498, 40.7284208041158], [-73.98551746464591, 40.728413591634194], [-73.9854734947049, 40.72839468171626], [-73.98541275186449, 40.72836855027951], [-73.98535200906969, 40.728342427815676], [-73.98529125448536, 40.72831630531817], [-73.98523051178779, 40.72829017378497], [-73.98516976913592, 40.72826405122475], [-73.98510902653162, 40.728237928632375], [-73.9850518703063, 40.728213292312915], [-73.98505073405241, 40.72821277887543], [-73.98504962148098, 40.728212229420635], [-73.98504854442515, 40.728211661960295], [-73.98504819172216, 40.728211462001525], [-73.9850474792146, 40.728211058481115], [-73.98504644951969, 40.72821043699638], [-73.98504544350719, 40.72820977949434], [-73.98504447301026, 40.728209103986764], [-73.98504353803096, 40.72820840146852], [-73.98504262673208, 40.72820767193808], [-73.98504175095083, 40.72820691539696], [-73.98504091068521, 40.72820614085027], [-73.98504010593514, 40.72820534829804], [-73.98503933670268, 40.7282045287352], [-73.98503861482298, 40.72820369116826], [-73.98503838287822, 40.72820340657736], [-73.98503791662169, 40.72820283559425], [-73.98503726577317, 40.728201962016186], [-73.9850366504382, 40.72820107943766], [-73.98503608245804, 40.728200169850076], [-73.98503554999142, 40.728199251261955], [-73.98503506487762, 40.72819831466981], [-73.98503461527733, 40.72819736907721], [-73.98503421302776, 40.72819641448566], [-73.98503385812893, 40.72819545089523], [-73.98503353874365, 40.72819447830426], [-73.98503327854829, 40.728193487710826], [-73.98503304202528, 40.72819250612556], [-73.98503286469217, 40.72819150653785], [-73.98503273470777, 40.72819050695623], [-73.98503264023468, 40.72818950827975], [-73.9850325931107, 40.72818850780844], [-73.9850326051744, 40.72818749924022], [-73.98503261113139, 40.72818732814433], [-73.98503264091042, 40.728186499680184], [-73.98503273583432, 40.728185491122744], [-73.98503287810288, 40.72818450058161], [-73.98503305588495, 40.72818350104002], [-73.98503329285087, 40.72818251051125], [-73.98503356532628, 40.72818152899213], [-73.98503387331115, 40.72818055648273], [-73.98503424047986, 40.72817959298609], [-73.98503464315804, 40.72817863849915], [-73.98503509318289, 40.72817769302352], [-73.98503557871716, 40.72817675655751], [-73.98503593160157, 40.728176147859465], [-73.9850361115961, 40.72817583810782], [-73.98503669181967, 40.7281749376745], [-73.9850373075527, 40.72817404625087], [-73.98505648974377, 40.72814740268837], [-73.98507184733037, 40.72812605361822], [-73.98510551082721, 40.728079321573794], [-73.98513916244164, 40.728032580512576], [-73.98517282584602, 40.727985839442816], [-73.98520647736603, 40.72793909836133], [-73.98524014067397, 40.72789236627638], [-73.98527380393674, 40.72784562517616], [-73.98530745531512, 40.72779888406429], [-73.9853411184834, 40.72775214294378], [-73.98536707329988, 40.72771615290884], [-73.98537315230999, 40.72770773122248], [-73.9853731830957, 40.72770768890245], [-73.98537381064516, 40.72770685150901], [-73.98537448553695, 40.72770604113681], [-73.98537518410099, 40.72770523977271], [-73.9853759300094, 40.727704456424775], [-73.98537671142313, 40.72770370009664], [-73.98537751650706, 40.72770296178168], [-73.98537835709631, 40.727702250486495], [-73.98537923319482, 40.72770154820088], [-73.98538014479666, 40.72770088194012], [-73.98538108006866, 40.72770023369252], [-73.98538205084604, 40.727699612464704], [-73.98538304529164, 40.72769901825513], [-73.98538321221487, 40.7276989255239], [-73.98538406340546, 40.72769845106386], [-73.9853851170246, 40.72769791089231], [-73.98538618247463, 40.72769739863802], [-73.98538728342845, 40.727696920607585], [-73.9853883962152, 40.72769646148932], [-73.98538953266821, 40.727696038394384], [-73.98539068095236, 40.72769564231622], [-73.98539185290277, 40.72769528226137], [-73.98539303668429, 40.727694949223284], [-73.98539424413211, 40.72769465220855], [-73.9853954634111, 40.72769438221057], [-73.98539668268218, 40.727694148232914], [-73.98539792562144, 40.727693941273564], [-73.98539916855286, 40.72769377033451], [-73.98540042331348, 40.72769363541729], [-73.98540167806816, 40.72769352751532], [-73.98540293281495, 40.727693455633684], [-73.98540419939089, 40.727693419773885], [-73.98540546595898, 40.72769341993444], [-73.98540673252116, 40.72769344711023], [-73.98540798723837, 40.727693510304846], [-73.98540925378477, 40.7276936095213], [-73.98541050848813, 40.72769373575154], [-73.98541175134658, 40.72769389800059], [-73.98541203661026, 40.72769394396267], [-73.98541298236006, 40.727694096268436], [-73.98541421336567, 40.72769433055667], [-73.98541543252823, 40.72769459185865], [-73.98541663984787, 40.72769488017439], [-73.98541783532254, 40.72769520450895], [-73.98541900711515, 40.72769556486087], [-73.98542016706482, 40.727695952226526], [-73.98542130333435, 40.72769636660445], [-73.98542242775898, 40.7276968170012], [-73.98542354034456, 40.72769727640154], [-73.98542801080534, 40.72769913561754], [-73.98548242451126, 40.727721768674776], [-73.98554107199887, 40.727746170837214], [-73.98555655233856, 40.72775261321889], [-73.98559971952943, 40.72777057296967], [-73.9856161538654, 40.727777410786], [-73.98565836710297, 40.72779497507223], [-73.98571701471943, 40.72781937714479], [-73.98577567421789, 40.72784377018382], [-73.98578924662993, 40.72784941714914], [-73.98583432192027, 40.72786817219645], [-73.98583916286782, 40.72787020974274], [-73.98588723739888, 40.72789044557451], [-73.98589152560552, 40.72789224981908], [-73.98593198720675, 40.72790928068888], [-73.98594872933214, 40.7279163274132], [-73.9860059449391, 40.72794039597519], [-73.98606314874843, 40.727964473512344], [-73.98612036443618, 40.72798855102238], [-73.98617756832815, 40.72801262850254], [-73.98623477226327, 40.72803669694905], [-73.98629198807505, 40.72806077437362], [-73.98635120420255, 40.72808585157146], [-73.98641042037463, 40.72811092873881], [-73.98646171465735, 40.728132659554454], [-73.98646963658945, 40.72813601488065], [-73.98652885285067, 40.72816109198688], [-73.98658806915645, 40.7281861690626], [-73.98664728550679, 40.72821124610775], [-73.98670651373885, 40.72823632312373], [-73.98676573017656, 40.728261409112925], [-73.98682494666062, 40.72828648606642], [-73.9868878442981, 40.7283128781514], [-73.98691804086349, 40.728325547241106], [-73.98695075382264, 40.72833927020324], [-73.98701365155976, 40.72836566221928], [-73.9870169124429, 40.72836703136026], [-73.98707654934496, 40.728392063205966], [-73.98713945901896, 40.72841845515449], [-73.98720235690556, 40.728444847067145], [-73.98726525484203, 40.728471238945396], [-73.9873281646638, 40.72849763979557], [-73.98735741686045, 40.72850991424294], [-73.98739106269986, 40.728524031604884], [-73.98745396078576, 40.728550423379744], [-73.98751481123894, 40.728575959414904], [-73.98751687075877, 40.72857681512144], [-73.98751794545178, 40.72857750142554], [-73.98751826738628, 40.72857770677644], [-73.98751961665987, 40.728578625441514], [-73.98752093041331, 40.728579589128195], [-73.98752156361385, 40.72858007997407], [-73.98752220865002, 40.728580579826286], [-73.98752342769382, 40.728581606538285], [-73.98752461122079, 40.72858266026168], [-73.98752573555491, 40.728583749998954], [-73.98752682437396, 40.7285848577426], [-73.98752785400009, 40.728586001500155], [-73.98752882443499, 40.728587172266565], [-73.98752974751582, 40.72858837004306], [-73.98753062324441, 40.72858958582462], [-73.98753142203263, 40.72859079259277], [-73.98753143978342, 40.72859081960994], [-73.98753219713119, 40.72859208040406], [-73.9875328952894, 40.728593359202], [-73.98753354609528, 40.72859465600497], [-73.98753412587604, 40.72859596180533], [-73.98753465830278, 40.7285972946158], [-73.98753511970607, 40.7285986274186], [-73.98753553375695, 40.72859997822645], [-73.98753587678276, 40.72860133803167], [-73.98753616062066, 40.72860270683559], [-73.98753637343324, 40.72860408553742], [-73.98753642070139, 40.7286045177867], [-73.98753653889719, 40.72860546243308], [-73.98753662743319, 40.72860676367772], [-73.9875366333358, 40.728606849226665], [-73.98753666858985, 40.72860822700877], [-73.98753664465599, 40.728609613789516], [-73.98753654969865, 40.72861100056262], [-73.98753640739397, 40.7286123783255], [-73.98753619406581, 40.72861375608069], [-73.98753590971583, 40.72861512482309], [-73.98753557801852, 40.728616484555296], [-73.98753517529946, 40.72861783527474], [-73.987534725233, 40.728619176983905], [-73.98753420414471, 40.728620509680354], [-73.98753362387352, 40.72862182436021], [-73.98753298441942, 40.728623121023446], [-73.98753240300795, 40.728624203371965], [-73.98753229761967, 40.72862439967141], [-73.98753153979976, 40.728625660301525], [-73.98753073463419, 40.72862690291632], [-73.98752987028739, 40.72862811850939], [-73.98749581763127, 40.728674599074225], [-73.9874640855996, 40.728718063177354], [-73.98743236536374, 40.72876152727273], [-73.98740064508657, 40.728804991359155], [-73.98736892476965, 40.728848446431485], [-73.98734238102364, 40.728884817762435], [-73.98733720440968, 40.72889191049988], [-73.98730547217106, 40.72893537455798], [-73.98727375172832, 40.728978838608384], [-73.98724203124425, 40.729022302649824], [-73.98721031071857, 40.72906576758274], [-73.98720023382933, 40.72908306433313], [-73.98719973650398, 40.7290838837407], [-73.98719966545751, 40.72908400079893], [-73.98719904973805, 40.729084928254366], [-73.98719839851006, 40.72908583769565], [-73.98719769993619, 40.72908672912151], [-73.98719696585374, 40.729087602533276], [-73.98719618442719, 40.72908844892447], [-73.98719537932764, 40.72908928630799], [-73.98719452688394, 40.729090096670916], [-73.98719363893339, 40.729090880014674], [-73.98719271547428, 40.72909164534429], [-73.98719175650834, 40.72909238365471], [-73.98719077387292, 40.72909309494722], [-73.98718975573071, 40.729093779220506], [-73.98718870207989, 40.72909444547963], [-73.98718762476132, 40.72909507571579], [-73.9871865119359, 40.72909567893275], [-73.98718537544273, 40.729096246126716], [-73.98718421527839, 40.72909679530785], [-73.98718320902253, 40.72909722383796], [-73.98718303144796, 40.72909729946092], [-73.98718182394632, 40.72909778560116], [-73.98718060461408, 40.729098236620224], [-73.9871793497771, 40.729098649813956], [-73.98717808310784, 40.729099036891625], [-73.98717680460811, 40.72909938794763], [-73.98717550244062, 40.72909970298061], [-73.98717420028007, 40.72909998199326], [-73.98717287445007, 40.72910023398798], [-73.98717153679135, 40.729100440955946], [-73.98717019913782, 40.72910062090865], [-73.98716884965388, 40.729100764839664], [-73.9871675001769, 40.72910087275031], [-73.98716613886954, 40.72910094463928], [-73.98716477756906, 40.7291009805079], [-73.98716341627555, 40.72910098035615], [-73.98716205498894, 40.72910094418404], [-73.98716069370936, 40.72910087199156], [-73.98716046406848, 40.729100853955785], [-73.98715933243665, 40.72910076377875], [-73.98715798300822, 40.72910061954687], [-73.98715664542233, 40.729100448301075], [-73.9871553078452, 40.72910023202978], [-73.98715399394963, 40.7290999797408], [-73.98715268005927, 40.72909970043653], [-73.98715137801321, 40.729099385113244], [-73.98715009964879, 40.72909903377223], [-73.98714883312697, 40.72909865541725], [-73.98714759028844, 40.72909823203953], [-73.9871463592925, 40.72909778164781], [-73.98714515197645, 40.729097304243474], [-73.98713939476038, 40.729094902844594], [-73.9871381578586, 40.72909438671503], [-73.98713567103485, 40.7290933499518], [-73.987085129706, 40.729072263387415]], [[-73.9857563161336, 40.727880999326004], [-73.98540365803062, 40.727733100625144], [-73.98538406094443, 40.72775824484716], [-73.98521220957728, 40.72797873769235], [-73.98507214192205, 40.72816901332628], [-73.98506946863121, 40.72817105713452], [-73.9850673954022, 40.728173469328574], [-73.9850660074849, 40.7281761508636], [-73.98506536172259, 40.72817899098438], [-73.98506548418356, 40.728181871727706], [-73.98506637252734, 40.72818467332559], [-73.98506798653348, 40.7281872805077], [-73.98507026230547, 40.728189585204625], [-73.9850731039837, 40.72819149195004], [-73.98507639321413, 40.72819292148376], [-73.98510731114463, 40.72820695091023], [-73.98557420947455, 40.72839905193968], [-73.98580445500043, 40.72849378345301], [-73.98607847803429, 40.728609471040784], [-73.98658886271905, 40.7288249431946], [-73.98670652253702, 40.728874616288216], [-73.98705916806918, 40.72902352134389], [-73.98712739874334, 40.72905233176013], [-73.98713183033433, 40.729053906344525], [-73.98713652481729, 40.7290549469565], [-73.98714137447715, 40.72905542927032], [-73.98714626331032, 40.72905534066579], [-73.98715107649383, 40.7290546856327], [-73.98715570275418, 40.72905347676575], [-73.9871600308146, 40.72905174466983], [-73.98716395886632, 40.7290495289561], [-73.98716739575164, 40.72904688274432], [-73.98717026096503, 40.729043867260216], [-73.98717248583607, 40.72904055453685], [-73.98735078747926, 40.72879334411708], [-73.98739355140209, 40.7287340521127], [-73.98749795624369, 40.72859460261831], [-73.98745855776714, 40.728578779097944], [-73.9871932121308, 40.728472208007176], [-73.98705402210302, 40.72841565850604], [-73.98683788956109, 40.72832784881248], [-73.98656186862088, 40.7282162006755], [-73.98630092197338, 40.72811064831264], [-73.98604194500818, 40.728003475580266], [-73.9857563161336, 40.727880999326004]]]]}, "properties": {"shape_area": "21580.5164702", "shape_leng": "3484.50112525", "feat_code": "3800", "status": "Unchanged", "sub_code": "380000", "source_id": "12380001563.0"}}, {"type": "Feature", "geometry": {"type": "MultiPolygon", "coordinates": [[[[-73.9838288477423, 40.72925981528726], [-73.98377396359281, 40.72923638533756], [-73.98371907948196, 40.729212955361646], [-73.98368391674234, 40.72919794520957], [-73.98366419540966, 40.72918952535947], [-73.98360931137822, 40.72916608632597], [-73.9835544273831, 40.729142656271314], [-73.9834995552637, 40.72911922709265], [-73.98349941678133, 40.72911916853973], [-73.98347162443606, 40.72910743903102], [-73.98346008305819, 40.729102568323675], [-73.98343693047497, 40.72909279627813], [-73.9834257453683, 40.729088076904006], [-73.98337429389834, 40.72906636632823], [-73.98332380946839, 40.72904506740189], [-73.98331166920649, 40.72903994535098], [-73.98324904456649, 40.729013515334465], [-73.98318641997624, 40.72898708528381], [-73.98312379543337, 40.728960664204095], [-73.9830611709424, 40.72893423408514], [-73.98299854650116, 40.72890780393202], [-73.9829359221073, 40.728881382749826], [-73.9828732977654, 40.728854952528415], [-73.98281041305282, 40.72882852223397], [-73.98274752838783, 40.728802100910166], [-73.9826846319378, 40.72877567054505], [-73.98262174737492, 40.72874924014727], [-73.98255886285956, 40.72872281872013], [-73.98249597839639, 40.72869638825348], [-73.98243308214352, 40.72866996675568], [-73.98237019778016, 40.72864353622014], [-73.98233381884921, 40.72862824721118], [-73.98230731346668, 40.72861710565017], [-73.98224441736339, 40.72859068404901], [-73.98218153314967, 40.72856425341015], [-73.98211864898343, 40.72853783174192], [-73.98205575303224, 40.72851140103235], [-73.9819928689681, 40.72848497029016], [-73.98193197338483, 40.7284593592885], [-73.98193075429758, 40.72845881879197], [-73.98192954705489, 40.72845825128204], [-73.98192836349642, 40.7284576477555], [-73.98192721545703, 40.7284570172192], [-73.98192609110183, 40.72845635066627], [-73.98192577155207, 40.728456147101156], [-73.98192500226561, 40.72845565710366], [-73.98192394894598, 40.72845494553641], [-73.98192291931058, 40.728454197952566], [-73.98192192519424, 40.728453423358964], [-73.98192096659685, 40.72845262175577], [-73.98192004351604, 40.7284518021479], [-73.98191916779147, 40.7284509555322], [-73.98191831574623, 40.728450090910044], [-73.98191751105723, 40.728449199280035], [-73.981916753722, 40.728448289647346], [-73.98191603190341, 40.72844736201001], [-73.98191534560132, 40.72844641636808], [-73.98191509238822, 40.7284460354131], [-73.981914706653, 40.728445452723406], [-73.98191411505847, 40.72844447107598], [-73.9819135589805, 40.728443471424], [-73.98191305025387, 40.72844246277433], [-73.98191258887856, 40.728441445127004], [-73.98191217485703, 40.728440409476946], [-73.98191180818682, 40.72843936482927], [-73.98191148886549, 40.728438320189], [-73.98191121689793, 40.728437257545984], [-73.98191099227925, 40.72843619491042], [-73.98191081501164, 40.728435124177736], [-73.98191068509584, 40.72843404264638], [-73.9819106025287, 40.72843296202293], [-73.98191057914516, 40.72843189041388], [-73.98191059127572, 40.72843080980537], [-73.98191065075508, 40.728429729204244], [-73.98191073619499, 40.728428948476626], [-73.98191076942058, 40.728428648612436], [-73.98191093543248, 40.72842757703314], [-73.98191113695357, 40.72842651446454], [-73.98191139766074, 40.728425451905224], [-73.98191170571431, 40.72842439835842], [-73.98191204927952, 40.72842334481718], [-73.9819124520259, 40.728422309295425], [-73.98191290211868, 40.728421282786215], [-73.98191338771821, 40.72842027429273], [-73.98191392066411, 40.72841927481176], [-73.98191450095642, 40.7284182843433], [-73.98191512859024, 40.7284173208976], [-73.98191539147899, 40.72841694272522], [-73.98191579173323, 40.728416366462504], [-73.98192271908744, 40.72840684016809], [-73.98195139949395, 40.728367411390515], [-73.98198600068044, 40.72831978890265], [-73.98202060181745, 40.72827216640403], [-73.98205520290502, 40.72822454389476], [-73.98208980394313, 40.728176921374754], [-73.98212440493178, 40.72812929884402], [-73.9821590058734, 40.72808166729753], [-73.98219360676315, 40.72803404474539], [-73.98222820760343, 40.727986422182575], [-73.9822607360914, 40.72794182499928], [-73.98226149393128, 40.72794083455637], [-73.9822618349492, 40.727940426678416], [-73.9822622991125, 40.72793987113601], [-73.98226313980031, 40.72793892573129], [-73.98226402783182, 40.72793799834403], [-73.9822649632046, 40.727937097979364], [-73.98226593408157, 40.727936224635386], [-73.98226694046271, 40.727935378312125], [-73.98226799418508, 40.72793455901141], [-73.98226908341408, 40.727933757726326], [-73.98227019630534, 40.72793300147036], [-73.98227135654027, 40.72793226323181], [-73.98227254043985, 40.72793156101722], [-73.98227375984116, 40.727930894828454], [-73.98227467852679, 40.72793042670533], [-73.98227501474669, 40.72793025566042], [-73.98227629331689, 40.727929652516345], [-73.98227759555171, 40.72792908539626], [-73.98227893329066, 40.72792854529692], [-73.98228021182462, 40.7279280781296], [-73.98228028285456, 40.727928051125275], [-73.98228166792312, 40.72792758217335], [-73.98228306481657, 40.72792715914916], [-73.98228447353755, 40.72792677214712], [-73.98228590592315, 40.727926421169066], [-73.98228736197346, 40.727926106214994], [-73.98228881801418, 40.72792582728124], [-73.98229028588005, 40.72792559337473], [-73.98229177741052, 40.727925395492186], [-73.9822932689291, 40.72792524263507], [-73.98229387855375, 40.727925195001845], [-73.9822947604381, 40.72792512579828], [-73.98229626377459, 40.727925044983635], [-73.98229731965294, 40.72792501993173], [-73.98229776709915, 40.72792500919441], [-73.98229927041416, 40.72792500942552], [-73.98230077371721, 40.72792505468204], [-73.98230227701065, 40.72792513595889], [-73.98230378029457, 40.72792525325607], [-73.9823052598923, 40.72792541557504], [-73.9823067513176, 40.72792561391615], [-73.98230821905663, 40.72792585727904], [-73.98230967494906, 40.72792613666043], [-73.98231113083192, 40.72792645206219], [-73.98231255119387, 40.7279268034788], [-73.98231397154382, 40.72792719992081], [-73.98231442368503, 40.72792733956911], [-73.98231536821002, 40.727927632379554], [-73.98231674119484, 40.727928091849904], [-73.98231809049346, 40.727928596342025], [-73.98231941610831, 40.72792913685079], [-73.98238193282631, 40.727955567360546], [-73.98244332517746, 40.727981574425655], [-73.98250470573946, 40.72800758145615], [-73.98256609818644, 40.72803358845562], [-73.98262749067906, 40.72805960442734], [-73.98268887138474, 40.728085611359376], [-73.98275026397556, 40.728111618260385], [-73.98281165661423, 40.72813762512858], [-73.98287303746369, 40.72816363196217], [-73.98293443019588, 40.728189647769774], [-73.98299582297837, 40.72821565453949], [-73.98301699858678, 40.7282246276321], [-73.98305720397154, 40.72824166127461], [-73.98311859684985, 40.72826766797867], [-73.98317998977376, 40.728293683655], [-73.98324137091072, 40.72831969029171], [-73.98330276393276, 40.7283456968973], [-73.98336415700274, 40.72837170347006], [-73.98342553828115, 40.72839771901338], [-73.98348693144699, 40.72842372552048], [-73.98354832466067, 40.728449731994786], [-73.98360970608512, 40.72847573843459], [-73.98367109939467, 40.72850174484324], [-73.98373249274997, 40.72852776022415], [-73.9837938743181, 40.72855376656547], [-73.98385526777145, 40.728579772875634], [-73.98391666127266, 40.72860577915299], [-73.98397804298241, 40.72863179440094], [-73.98403943657947, 40.72865780061269], [-73.98410083022448, 40.72868380679156], [-73.98412074914002, 40.728692247306455], [-73.98416221208011, 40.72870981293599], [-73.98422360582092, 40.72873581904921], [-73.98426985294958, 40.72875546727127], [-73.98428131856777, 40.72876033878787], [-73.9842822891244, 40.728760762159425], [-73.9842832241629, 40.72876121254139], [-73.98428414735776, 40.72876168993699], [-73.9842850468717, 40.72876219434462], [-73.98428592270689, 40.72876271675918], [-73.98428677486115, 40.72876326618575], [-73.98428736899507, 40.7287636786998], [-73.98428759149937, 40.72876383361764], [-73.98428839629602, 40.72876441905811], [-73.98428916557452, 40.72876503150892], [-73.98428991117427, 40.72876566196673], [-73.98429063309523, 40.728766310431475], [-73.98429131950013, 40.72876697690152], [-73.98429197038897, 40.72876766137691], [-73.98429259760114, 40.728768354854154], [-73.98429318929513, 40.728769075341795], [-73.98429374547514, 40.728769804829646], [-73.98429427797642, 40.72877055232448], [-73.98429476312646, 40.72877130881793], [-73.98429522459773, 40.72877208331832], [-73.98429565055505, 40.728772866818964], [-73.98429604099844, 40.728773659319785], [-73.9842963959279, 40.72877446082092], [-73.98429670350399, 40.72877528032577], [-73.98429698740553, 40.72877609982737], [-73.98429722395798, 40.72877691932252], [-73.98429743683164, 40.72877775682463], [-73.9842976023562, 40.72877859432021], [-73.9842976638162, 40.72877899235343], [-73.9842977323689, 40.728779431811006], [-73.98429782686766, 40.72878027830204], [-73.98429787401733, 40.72878112478662], [-73.98429788565494, 40.728781972166836], [-73.98429786178113, 40.72878281774121], [-73.98429780239528, 40.72878366421126], [-73.98429770749972, 40.72878450167139], [-73.98429756525292, 40.72878534813014], [-73.98429739933367, 40.72878618558058], [-73.98429718606742, 40.72878701401942], [-73.98429693728933, 40.72878784245347], [-73.98429664116425, 40.728788661875996], [-73.98429632136671, 40.728789472290174], [-73.98429596605945, 40.72879027369443], [-73.98429556340731, 40.72879105708205], [-73.9842951370806, 40.72879184046641], [-73.98429467524414, 40.72879261484087], [-73.98429445854424, 40.728792944397505], [-73.9842941779001, 40.72879337120032], [-73.98429363321117, 40.72879410954314], [-73.98429307668711, 40.72879483887923], [-73.98429247281813, 40.728795550198704], [-73.98429184527645, 40.728796253410366], [-73.98429149004573, 40.72879672973097], [-73.98425690220714, 40.72884388464566], [-73.98422197092282, 40.72889152577725], [-73.9841870395907, 40.728939157892846], [-73.98415210820647, 40.72898679900266], [-73.98411717677446, 40.72903443109644], [-73.98408224529251, 40.729082063179305], [-73.98404730192115, 40.7291297042547], [-73.98401237033931, 40.72917733631581], [-73.98397743870538, 40.72922497737103], [-73.98394395167907, 40.72927054744705], [-73.98394317016995, 40.72927155590768], [-73.98394235315527, 40.72927253734814], [-73.98394148879323, 40.729273509776874], [-73.98394057709038, 40.7292744461787], [-73.98393962987974, 40.72927536456535], [-73.98393863532613, 40.729276255930124], [-73.98393787284739, 40.72927688798084], [-73.98393759342953, 40.729277120273075], [-73.98393652786474, 40.72927795759742], [-73.98393541495909, 40.72927875889482], [-73.98393426654566, 40.729279542177096], [-73.98393308263094, 40.729280280428924], [-73.98393187504583, 40.72928100066732], [-73.98393062012212, 40.729281675873644], [-73.9839293415301, 40.72928232406141], [-73.98392829972212, 40.72928282009623], [-73.98392803926964, 40.72928294613109], [-73.98392670150834, 40.729283521369375], [-73.98392534008082, 40.729284061484485], [-73.98392395498499, 40.72928457458099], [-73.98392303159558, 40.729284884227056], [-73.98392255806262, 40.72928504265043], [-73.98392112563684, 40.72928547469454], [-73.98391968138453, 40.729285861711574], [-73.98391821346405, 40.72928622171002], [-73.983916733717, 40.72928653668135], [-73.98391524214125, 40.72928681563069], [-73.98391373873905, 40.7292870495529], [-73.98391223534547, 40.729287247454764], [-73.98391070828804, 40.72928740032786], [-73.98390918123928, 40.7292875171806], [-73.9839076423619, 40.72928759801131], [-73.98390611533272, 40.72928763381825], [-73.98390457647703, 40.72928762459808], [-73.98390303763004, 40.72928757935754], [-73.98390151063137, 40.72928748909319], [-73.98390036242951, 40.72928739437925], [-73.98389998364135, 40.72928736280849], [-73.98389846849958, 40.7292871915], [-73.98389695336651, 40.72928698417114], [-73.98389545007957, 40.72928674082359], [-73.98389397047822, 40.729286452453884], [-73.98389249088777, 40.729286119058735], [-73.9838910349786, 40.72928575865163], [-73.98388959091774, 40.729285353220725], [-73.98388817054031, 40.72928491177277], [-73.98388677384851, 40.72928442530273], [-73.98388538900062, 40.729283911819024], [-73.98388403967364, 40.72928336231993], [-73.98388185353753, 40.72928242908702], [-73.9838288477423, 40.72925981528726]], [[-73.9827929122387, 40.72816142187455], [-73.98228720066203, 40.727958508296695], [-73.98226437140181, 40.727990268428314], [-73.98209439047893, 40.72822675083856], [-73.9819615683194, 40.72840867969633], [-73.9819601501887, 40.728413173012626], [-73.98195955708304, 40.728417771817696], [-73.98195969486903, 40.728420392319656], [-73.981954166013, 40.72842800165239], [-73.98196300503972, 40.72843171853624], [-73.98196541526146, 40.72843548484121], [-73.98196879848344, 40.728439322438675], [-73.98197284114434, 40.728442770218955], [-73.98197746868699, 40.72844576423431], [-73.9821486864928, 40.72851377841223], [-73.98225781910875, 40.728561000845765], [-73.98249090218133, 40.728661855675426], [-73.98274783617903, 40.7287700104295], [-73.983073027172, 40.728906335369246], [-73.98334455572139, 40.72902076027354], [-73.98341899992987, 40.72905213213102], [-73.98343700971523, 40.72905973951832], [-73.98344393145815, 40.729062663564775], [-73.9834886777951, 40.729081565362264], [-73.98352006593643, 40.72909482444525], [-73.98368841921908, 40.72916594087084], [-73.98371560797274, 40.72917746312484], [-73.98388835519538, 40.72925067266056], [-73.9838919665031, 40.729251795199495], [-73.98389579693817, 40.72925235495111], [-73.98389969735477, 40.72925233118281], [-73.98390351505056, 40.729251724773746], [-73.98390710205274, 40.729250559116494], [-73.98391031748586, 40.72924887921674], [-73.98391303585787, 40.72924675079425], [-73.98409179991421, 40.72899974720481], [-73.98425291328408, 40.728782742263846], [-73.98391109440969, 40.72863439113818], [-73.98381869900581, 40.72859428124105], [-73.98332575301895, 40.72839277342114], [-73.98291406637482, 40.728214025123435], [-73.9827929122387, 40.72816142187455]]]]}, "properties": {"shape_area": "18159.1868866", "shape_leng": "3340.49088116", "feat_code": "3800", "status": "Unchanged", "sub_code": "380000", "source_id": "12380001564.0"}}, {"type": "Feature", "geometry": {"type": "MultiPolygon", "coordinates": [[[[-73.9866610207873, 40.72966890103232], [-73.98660269089314, 40.72964407624494], [-73.98654436104242, 40.72961925142789], [-73.98648604307442, 40.729594417577566], [-73.98648143634723, 40.729592456629675], [-73.98642771331248, 40.72956958369615], [-73.98636938359216, 40.72954475879024], [-73.98631105391713, 40.72951992484961], [-73.98625272428376, 40.7294950998844], [-73.98619440653309, 40.72947026588594], [-73.98613607698661, 40.72944544086147], [-73.9860777474855, 40.729420606802314], [-73.98601522789701, 40.729394322385886], [-73.98595270835781, 40.729368037935444], [-73.9859179568896, 40.72935342834196], [-73.98589504057738, 40.729343793697296], [-73.98589018886797, 40.7293417534509], [-73.98582767061156, 40.7293154671315], [-73.98576514766991, 40.72928917897646], [-73.98570263069605, 40.72926289168858], [-73.98564011258762, 40.72923660526703], [-73.98557760399764, 40.7292103224147], [-73.98551508598783, 40.72918403592509], [-73.98545256329297, 40.72915774669931], [-73.98540503480962, 40.72913776290129], [-73.98539004656558, 40.7291314601418], [-73.98532752751977, 40.72910517445042], [-73.98530398525477, 40.72909521542489], [-73.98526935245354, 40.729080564226834], [-73.98526483930107, 40.72907865547161], [-73.98521116559277, 40.7290559548728], [-73.98515299061229, 40.72903134549078], [-73.98509481567478, 40.72900673607928], [-73.98503664078024, 40.728982126638336], [-73.98497846592663, 40.72895752617296], [-73.98492029111802, 40.72893291667306], [-73.98489660458519, 40.72892284498151], [-73.98485947691873, 40.72890705508959], [-73.98479866276455, 40.72888120247905], [-73.9847378604969, 40.72885534083279], [-73.98467704643923, 40.728829479152736], [-73.9846203987613, 40.72880531095328], [-73.984619937153, 40.728805112779725], [-73.98461880089029, 40.72880460834315], [-73.98461768831046, 40.728804067889314], [-73.98461659941145, 40.728803500423375], [-73.98461554603057, 40.72880290594693], [-73.98461527262761, 40.72880274021681], [-73.98461450449533, 40.7288022754517], [-73.98461349847607, 40.728801626951046], [-73.9846125279749, 40.728800951439844], [-73.98461159299185, 40.72880024891819], [-73.98461068168962, 40.728799519384374], [-73.9846098059034, 40.72879877184513], [-73.98460896563535, 40.72879799729538], [-73.98460816088327, 40.72879720474017], [-73.98460737980992, 40.728796394177955], [-73.98460665792925, 40.72879555660843], [-73.9846059597273, 40.728794701031845], [-73.98460530887658, 40.72879383645653], [-73.98460469354396, 40.72879294487067], [-73.9846045550975, 40.72879272963063], [-73.98460411372528, 40.72879204428448], [-73.98460359309716, 40.728791125696056], [-73.98460309614785, 40.728790189100614], [-73.98460264654969, 40.72878924350639], [-73.98460224430274, 40.728788288913414], [-73.98460188940699, 40.72878732532168], [-73.98460157002518, 40.728786352729635], [-73.98460129799459, 40.72878537113883], [-73.98460107331519, 40.72878438054923], [-73.9846008959849, 40.72878338996598], [-73.98460075416854, 40.72878239038243], [-73.98460067153859, 40.72878139080676], [-73.98460062442025, 40.728780392136315], [-73.98460062465352, 40.72877938266616], [-73.98460067223363, 40.72877838310789], [-73.98460069597435, 40.72877809674933], [-73.98460075532556, 40.72877738355442], [-73.98460089760387, 40.72877638400883], [-73.98460107539192, 40.72877539347307], [-73.98460131236637, 40.72877440294522], [-73.98460158485055, 40.72877342142724], [-73.98460189284448, 40.72877244891907], [-73.98460226002268, 40.728771485423884], [-73.98460266271063, 40.728770530938554], [-73.9846031127456, 40.72876958546462], [-73.98460359829025, 40.72876864900058], [-73.98460397960078, 40.72876799888429], [-73.98460413117779, 40.72876773955805], [-73.98460471141443, 40.72876683012189], [-73.98460532715664, 40.72876594770572], [-73.98460824005615, 40.7287619228214], [-73.98463903862384, 40.72871934187931], [-73.9846720869234, 40.72867375352925], [-73.98470512333836, 40.728628174172925], [-73.98473815971019, 40.72858258580175], [-73.98477120787204, 40.728537006427516], [-73.98479171997425, 40.72850870074723], [-73.98480424415348, 40.72849141803682], [-73.98483729222487, 40.72844583864298], [-73.98487032841595, 40.7284002502328], [-73.98490337639691, 40.728354670819456], [-73.98493509813336, 40.72831100930641], [-73.98493584410055, 40.72831001884441], [-73.98493597908181, 40.72830985406898], [-73.98493664925161, 40.72830903739523], [-73.98493750174332, 40.728308091972586], [-73.98493838974454, 40.72830715555967], [-73.9849393132492, 40.72830625517177], [-73.98494028409853, 40.72830537280021], [-73.9849413022905, 40.72830451745008], [-73.98494234415068, 40.728303689118285], [-73.98494343335152, 40.72830289681304], [-73.98494455805984, 40.728302122522635], [-73.98494566618062, 40.72830141666867], [-73.98494571827159, 40.72830138425717], [-73.98494690214955, 40.72830068201513], [-73.9849481333701, 40.728300006794534], [-73.98494937642177, 40.72829935859073], [-73.98495066681404, 40.728298746413465], [-73.98495196903313, 40.728298180163705], [-73.9849533067601, 40.728297630127685], [-73.98495465631383, 40.72829712601914], [-73.98495604137103, 40.72829665793557], [-73.98495743825728, 40.728296225873876], [-73.98495885880773, 40.72829583884069], [-73.9849602911892, 40.72829547882428], [-73.98496174723492, 40.7282951638364], [-73.98496321510972, 40.728294884870394], [-73.98496469481354, 40.72829464192626], [-73.98496617450716, 40.728294444007545], [-73.98496767786708, 40.72829428211223], [-73.98496918121887, 40.72829415623728], [-73.9849706845605, 40.72829407538772], [-73.98497219973112, 40.728294030560036], [-73.98497298335323, 40.728294030662305], [-73.98497370305446, 40.72829403075623], [-73.98497521820688, 40.72829406697429], [-73.98497672151194, 40.72829414821622], [-73.98497822480886, 40.728294265478496], [-73.9849797280977, 40.72829441876108], [-73.98498120770202, 40.728294617066], [-73.98498268729821, 40.728294851391254], [-73.98498415504706, 40.728295130740364], [-73.98498561095064, 40.72829544610826], [-73.98498705500893, 40.728295797494965], [-73.98498847538474, 40.72829618489889], [-73.984989872076, 40.72829661732516], [-73.98499020941085, 40.72829672903221], [-73.98499125692405, 40.728297076765124], [-73.98499261808759, 40.72829758122743], [-73.98499395557067, 40.72829811270188], [-73.98504792809399, 40.728320731496886], [-73.98510188881077, 40.72834337728028], [-73.98515584956422, 40.72836602303833], [-73.98520981035435, 40.728388668771046], [-73.98527238785577, 40.728415007666484], [-73.98533496540668, 40.7284413465278], [-73.9853975430071, 40.72846768535505], [-73.98540376407779, 40.728470303922606], [-73.98546012065694, 40.72849402414816], [-73.98552269835623, 40.72852036290723], [-73.985585276105, 40.72854670163215], [-73.98564785390329, 40.72857304032298], [-73.985710431751, 40.728599378979695], [-73.98577300964817, 40.72862571760229], [-73.9858355875948, 40.7286520561908], [-73.98589816559095, 40.72867839474519], [-73.9859257143648, 40.728689991264396], [-73.98596074363653, 40.72870473326551], [-73.98602349925473, 40.72873124286989], [-73.98608625492477, 40.72875774343489], [-73.98614901064468, 40.72878424396562], [-73.98621176641267, 40.72881075346711], [-73.9862745222324, 40.72883725392922], [-73.98633727810213, 40.728863754357036], [-73.98640003401985, 40.72889026375562], [-73.9864129024218, 40.728895698943944], [-73.98646278998935, 40.72891676411485], [-73.98652554600876, 40.72894326443976], [-73.98658830207633, 40.728969773735464], [-73.98665105819556, 40.728996273991775], [-73.98671381436293, 40.729022783218895], [-73.98677657058201, 40.729049283406674], [-73.98683932685105, 40.72907578356008], [-73.98690208316818, 40.7291022926843], [-73.986964839537, 40.72912879276912], [-73.98702759595574, 40.729155292819655], [-73.98708075075247, 40.729177738569724], [-73.9870862570366, 40.72918006340011], [-73.98708720276281, 40.729180466033526], [-73.9870903524227, 40.72918180184096], [-73.9870913939681, 40.72918253136971], [-73.9870924118319, 40.729183296916084], [-73.98709338234107, 40.72918408947246], [-73.98709431733302, 40.72918490904009], [-73.98709521680944, 40.72918574661394], [-73.98709603342617, 40.729186575173344], [-73.98709606893124, 40.72918661119769], [-73.98709689737488, 40.72918749378892], [-73.9870976784656, 40.72918839438507], [-73.98709841220176, 40.72918932199115], [-73.9870991104224, 40.72919026760343], [-73.98709976129018, 40.729191231220554], [-73.98710036480507, 40.729192212842534], [-73.9871009328062, 40.72919320346563], [-73.98710145345444, 40.7291942120936], [-73.9871019149142, 40.729195229720034], [-73.98710234085844, 40.7291962653526], [-73.98710271945153, 40.729197309985004], [-73.98710305069342, 40.72919836361718], [-73.98710333458423, 40.72919942624914], [-73.9871035711239, 40.72920049788084], [-73.9871037484768, 40.729201569505946], [-73.98710383121437, 40.72920220977684], [-73.98710389031748, 40.729202642027595], [-73.98710392692044, 40.729203122002794], [-73.98710397297, 40.72920372174668], [-73.9871040082712, 40.729204811366046], [-73.98710399622472, 40.72920589197499], [-73.98710393682883, 40.72920697257869], [-73.98710383008353, 40.72920805317706], [-73.98710366415318, 40.72920912476373], [-73.98710346271076, 40.72921019634638], [-73.98710320208158, 40.72921126792244], [-73.9871028941065, 40.72921232148302], [-73.98710255062103, 40.729213366034536], [-73.98710214794879, 40.72921441057938], [-73.98710169793058, 40.72921543710878], [-73.98710120056468, 40.729216454627796], [-73.9871006676902, 40.72921745413267], [-73.98710007563066, 40.729218444625786], [-73.98709944806252, 40.729219417104765], [-73.98709884300942, 40.729220265316116], [-73.98709877315017, 40.72922036256321], [-73.98706591575467, 40.72926534828682], [-73.98703517773876, 40.72930758768825], [-73.98700442784825, 40.729349818074816], [-73.98700171635932, 40.729353555779895], [-73.98697368975444, 40.72939205745929], [-73.98697150872202, 40.72939505320461], [-73.98694293978421, 40.72943429683406], [-73.98691220161241, 40.72947653620164], [-73.98688145156423, 40.729518775559484], [-73.98685070147695, 40.729561015809345], [-73.9868239414514, 40.729598761168674], [-73.98679716955799, 40.72963650742072], [-73.98677727708261, 40.72966469105581], [-73.98677336370909, 40.729670238639535], [-73.98676698745457, 40.72967927811224], [-73.98676633621847, 40.72968016954089], [-73.98676564947358, 40.729681042955214], [-73.98676491538072, 40.72968190735906], [-73.9867641457809, 40.72968274474355], [-73.98676334067235, 40.729683564113785], [-73.9867625000568, 40.72968435646469], [-73.98676162393248, 40.729685130801286], [-73.9867611432541, 40.72968552516879], [-73.9867607123012, 40.72968587811857], [-73.98675976516117, 40.7296866074216], [-73.98675878251416, 40.729687309705284], [-73.98675777619766, 40.72968798497096], [-73.98675673437415, 40.72968863321731], [-73.9867556688811, 40.729689254445624], [-73.98675456788288, 40.72968983964955], [-73.98675345505077, 40.72969040684192], [-73.98675230671356, 40.72969093800985], [-73.98675113470657, 40.7296914430603], [-73.98674993903221, 40.72969191028666], [-73.98674873152558, 40.729692351396906], [-73.98674748851377, 40.72969275648271], [-73.98674624550739, 40.72969313455322], [-73.98674497883322, 40.72969347660069], [-73.98674370032876, 40.72969378262637], [-73.98674239815657, 40.72969405262902], [-73.98674109598974, 40.729694295616405], [-73.9867397819927, 40.72969450258207], [-73.98673845616531, 40.729694673526005], [-73.98673711850765, 40.7296948084482], [-73.9867357926928, 40.729694916356536], [-73.98673444321207, 40.72969497923667], [-73.98673310557592, 40.729695006097806], [-73.9867317561077, 40.72969500594233], [-73.98673041848407, 40.72969496976784], [-73.98672908086944, 40.72969488856792], [-73.98672774326023, 40.72969478035274], [-73.98672665068796, 40.72969466226019], [-73.98672640565815, 40.729694636117195], [-73.98672509173814, 40.72969445586402], [-73.98672377782529, 40.72969423959047], [-73.98672247575536, 40.729693996303034], [-73.98672118553176, 40.72969370799153], [-73.98671990715101, 40.729693392666135], [-73.98671864061491, 40.72969304132173], [-73.98671739775908, 40.72969266296476], [-73.98671616674791, 40.729692248588826], [-73.98671495941879, 40.72969179819527], [-73.98671377576996, 40.72969132078918], [-73.98670779481851, 40.729688778863796], [-73.9866816516868, 40.72967766536856], [-73.9866610207873, 40.72966890103232]], [[-73.98512852048545, 40.72838958942696], [-73.98496830512903, 40.7283210047904], [-73.9849087920152, 40.728401280959694], [-73.98477676875656, 40.72858991114775], [-73.98467689627579, 40.72872578105785], [-73.98463579622484, 40.728781695368234], [-73.98477494217803, 40.72884418483753], [-73.98488673253848, 40.72889036233936], [-73.98501961517479, 40.7289452512974], [-73.98531057626094, 40.72906309332225], [-73.98542103545176, 40.72911021927016], [-73.9855770040054, 40.729176760383694], [-73.9859080202973, 40.729310044224455], [-73.98614857213198, 40.72941324558149], [-73.98615751330003, 40.72941708192275], [-73.98653194489671, 40.72957174364739], [-73.98657483521815, 40.72959035496382], [-73.98670454437939, 40.72964663739], [-73.98670721126098, 40.729647097857786], [-73.98670993390932, 40.7296469027617], [-73.98671244242705, 40.729646070981296], [-73.98671448466015, 40.729644686234764], [-73.98671585816125, 40.72964288537615], [-73.98671642439648, 40.72964084849114], [-73.98685544930935, 40.729447782802005], [-73.98691423197411, 40.72937279964523], [-73.98695196003638, 40.729324672643074], [-73.98699994057101, 40.72926346779934], [-73.9870220878624, 40.729235216840294], [-73.98704997819395, 40.72919697177793], [-73.98701703165086, 40.72918297506467], [-73.98665875738452, 40.729030759862056], [-73.98639682184879, 40.728922746523985], [-73.98603271063642, 40.72877259624588], [-73.98579704867686, 40.72867043172618], [-73.98546634338416, 40.72852706279669], [-73.98529443602904, 40.72845710656473], [-73.98512852048545, 40.72838958942696]]]]}, "properties": {"shape_area": "20263.083629", "shape_leng": "3472.32635097", "feat_code": "3800", "status": "Unchanged", "sub_code": "380000", "source_id": "12380001575.0"}}, {"type": "Feature", "geometry": {"type": "MultiPolygon", "coordinates": [[[[-73.9873409218279, 40.729948558668774], [-73.9873371931568, 40.72994783785198], [-73.98732981871336, 40.72994620712043], [-73.98732250349534, 40.72994437828297], [-73.98731529485106, 40.729942360350066], [-73.98730816910734, 40.72994014431391], [-73.98730116177332, 40.729937748188725], [-73.98729426101315, 40.729935162968026], [-73.98728747866099, 40.7299324066634], [-73.98726472886767, 40.72992273268812], [-73.98723277027091, 40.729909149480704], [-73.98721121598032, 40.729899988016726], [-73.98717812110124, 40.72988591929378], [-73.98712347196962, 40.72986268908084], [-73.98706882287435, 40.72983946784701], [-73.98701417381899, 40.72981623758206], [-73.98700278712371, 40.72981140056656], [-73.98696800563299, 40.72979662469346], [-73.98695951296227, 40.72979301719533], [-73.98695837670572, 40.72979230476439], [-73.98695726412744, 40.72979157522645], [-73.98695618706867, 40.72979080967223], [-73.98695514552577, 40.72979002611181], [-73.98695413950232, 40.729789206535074], [-73.98695316899654, 40.729788359947094], [-73.9869522340067, 40.729787495352944], [-73.986951346372, 40.729786603748934], [-73.98695116174667, 40.72978640471561], [-73.98695049425503, 40.72978568513367], [-73.98694968949137, 40.72978474851359], [-73.9869489320811, 40.7297837938887], [-73.98694821018852, 40.72978281225256], [-73.98694753564753, 40.72978182161674], [-73.98694690846169, 40.729780803970996], [-73.98694632862745, 40.729779777325525], [-73.98694579614482, 40.72977874168034], [-73.98694529917987, 40.72977767902396], [-73.98694486140225, 40.72977661637424], [-73.98694447097795, 40.729775535719725], [-73.98694412790522, 40.729774446065484], [-73.98694384402157, 40.72977334741293], [-73.98694359565205, 40.72977223975926], [-73.98694340646979, 40.72977113211228], [-73.98694336864867, 40.729770832238664], [-73.98694326463895, 40.72977001636617], [-73.98694317015828, 40.72976889882437], [-73.98694313486472, 40.72976778218975], [-73.9869431408928, 40.72976722387515], [-73.98694314692096, 40.729766665560525], [-73.98694320632877, 40.72976553993159], [-73.9869433249221, 40.72976442331449], [-73.98694347902601, 40.72976331570644], [-73.98694369231718, 40.72976220810511], [-73.98694385817366, 40.72976153364304], [-73.98694396479559, 40.729761100510494], [-73.98694427278284, 40.72976001093012], [-73.98694463995555, 40.7297589303615], [-73.98694505447807, 40.72975784979824], [-73.98694551634681, 40.72975678725052], [-73.98694599003538, 40.72975581475504], [-73.98694602556185, 40.729755742718375], [-73.98694658212669, 40.72975469819156], [-73.98694718603602, 40.72975368068536], [-73.98694783729337, 40.72975267218962], [-73.98694852405777, 40.729751690713144], [-73.98695391153635, 40.72974434317399], [-73.98698210400761, 40.72970593067034], [-73.9870160154437, 40.72965973841072], [-73.98704992683109, 40.72961355514591], [-73.98708383817318, 40.729567362865716], [-73.98711774946649, 40.729521179580324], [-73.98715166071455, 40.72947498727961], [-73.98718557191386, 40.72942880397366], [-73.98721948306795, 40.729382611652376], [-73.98724079591956, 40.72935358251967], [-73.98725338233587, 40.72933642832455], [-73.98728435695521, 40.72929428794713], [-73.98728541075428, 40.72929285625485], [-73.98728612117168, 40.72929193781452], [-73.98728664924067, 40.729291296710684], [-73.98728685525863, 40.729291046392056], [-73.98728764852898, 40.72929017298629], [-73.9872884654689, 40.72928932659843], [-73.9872893297548, 40.72928849822591], [-73.98729022954933, 40.729287687867505], [-73.98729116485083, 40.72928690452825], [-73.98729213565926, 40.729286148208146], [-73.98729314197463, 40.72928541890725], [-73.98729418379693, 40.72928471662555], [-73.98729524928878, 40.72928404136165], [-73.98729635028579, 40.72928340212202], [-73.98729747495415, 40.72928278089517], [-73.98729863512771, 40.729282195692534], [-73.98729981896912, 40.72928164651287], [-73.98730102647994, 40.7292811252516], [-73.98730134611287, 40.729280999215625], [-73.98730225766062, 40.72928062920708], [-73.98730251573326, 40.72928053468218], [-73.98730351250902, 40.72928017008611], [-73.9873047791879, 40.72927974698673], [-73.98730606953465, 40.72927935991029], [-73.9873073835509, 40.729278999851694], [-73.98730870939772, 40.72927867581473], [-73.98731004707331, 40.7292783968045], [-73.9873113965811, 40.72927814481079], [-73.98731275791941, 40.72927792883874], [-73.98731411925078, 40.72927774888701], [-73.98731550424839, 40.72927761396329], [-73.98731687740344, 40.72927750605351], [-73.98731827422469, 40.72927744317177], [-73.98731965920335, 40.72927740730394], [-73.987319929095, 40.729277409134696], [-73.98732104417351, 40.72927741646152], [-73.98732244097589, 40.72927745263568], [-73.98732382593235, 40.729277533833915], [-73.98732519904453, 40.72927765105118], [-73.9873265839873, 40.72927780429009], [-73.98732794524848, 40.729277993546695], [-73.98732930650282, 40.72927821882366], [-73.98733064407558, 40.72927848011833], [-73.98733198164147, 40.72927877743333], [-73.9873333073632, 40.72927911076736], [-73.98733460940507, 40.729279471114005], [-73.98733588776368, 40.72927987648349], [-73.98733715427973, 40.7292803088669], [-73.98733840895166, 40.7292807772693], [-73.98733962810465, 40.72928128168818], [-73.9873397287142, 40.72928132402313], [-73.98740219543001, 40.72930771847756], [-73.98745931806434, 40.72933175028209], [-73.98751126821135, 40.72935361217212], [-73.98751644073826, 40.72935579106329], [-73.98754328107175, 40.72936708094458], [-73.9875735752924, 40.72937982281223], [-73.98763069805035, 40.72940385453151], [-73.98768782084784, 40.729427895227424], [-73.98774495552566, 40.729451926891116], [-73.98780207840558, 40.72947596753023], [-73.98785920132836, 40.72949999913578], [-73.98791953205419, 40.729525003598766], [-73.9879798509862, 40.72955001703395], [-73.9880401818026, 40.72957502143354], [-73.98810051266268, 40.72960003480658], [-73.98816083173215, 40.72962503914155], [-73.98822116268437, 40.72965004344608], [-73.9882738117429, 40.72967187804732], [-73.98828148184285, 40.729675056722826], [-73.98834181051734, 40.72970006546627], [-73.9884021333185, 40.7297250732769], [-73.98844769119138, 40.72974395431648], [-73.98846420316266, 40.72975129421592], [-73.98852640775291, 40.72977896585401], [-73.98861515469947, 40.729818442150446], [-73.9886181373647, 40.72982063968613], [-73.98862085957367, 40.72982302630274], [-73.98862329765446, 40.72982558398792], [-73.98862543977273, 40.729828294730154], [-73.98862727409552, 40.729831131513215], [-73.9886287651136, 40.72983407632334], [-73.9886299246674, 40.72983711115156], [-73.98863074092404, 40.72984020898149], [-73.98863120204906, 40.72984335180176], [-73.98863128561803, 40.72984614788899], [-73.98863129620955, 40.72984651259596], [-73.98863104708501, 40.7298496643512], [-73.98863046062236, 40.7298526413745], [-73.98863043100353, 40.729852789054966], [-73.9886294598056, 40.72985586869821], [-73.98862815717224, 40.729858867262934], [-73.9886268771571, 40.72986112110937], [-73.9886265112691, 40.72986176673784], [-73.98862454577404, 40.72986454911501], [-73.98862226069015, 40.729867196384276], [-73.98862216597502, 40.72986728642578], [-73.98861970337198, 40.72986968153509], [-73.988616861985, 40.72987198655604], [-73.98861377204325, 40.7298741024456], [-73.98861045722622, 40.72987600219076], [-73.98860692937302, 40.72987767678759], [-73.98860323583506, 40.729879117235704], [-73.98859938845133, 40.72988031453121], [-73.98859542273748, 40.72988125066733], [-73.98854783555664, 40.72988437070899], [-73.98846301909083, 40.72988992828549], [-73.98842665398735, 40.729892111971466], [-73.98839316541779, 40.72989412573979], [-73.98832331173377, 40.7298983357589], [-73.98827376782278, 40.72990128619319], [-73.98825346751673, 40.72990251241775], [-73.98818361499912, 40.72990672055122], [-73.98811375892471, 40.729910910631716], [-73.98811352217272, 40.72991092411489], [-73.98804390639029, 40.72991511417787], [-73.98797406449917, 40.72991932668784], [-73.98790421312906, 40.729923540054955], [-73.98783435938246, 40.72992775427992], [-73.98776450681066, 40.729931969363186], [-73.98769466606713, 40.72993618620633], [-73.9876773014685, 40.7299372352428], [-73.98762481347744, 40.72994040210534], [-73.98755496206286, 40.7299446170616], [-73.98748512011026, 40.729948827473955], [-73.98741457380628, 40.729953101703096], [-73.98741340188083, 40.72995317721773], [-73.98740571928076, 40.72995355459129], [-73.98740474741882, 40.72995357699771], [-73.98739803671799, 40.72995373385247], [-73.98739034235692, 40.72995370599487], [-73.98738469354097, 40.729953533379046], [-73.9873826598726, 40.729953471021126], [-73.98737498926327, 40.72995303793627], [-73.9873673423683, 40.729952397736575], [-73.98735973102357, 40.72995155942837], [-73.98735216706653, 40.72995052301306], [-73.98734465049898, 40.72994927948545], [-73.9873409218279, 40.729948558668774]], [[-73.9873477189936, 40.72991695697004], [-73.98827377822532, 40.72986235180791], [-73.98842593389371, 40.72985337922659], [-73.9884299531402, 40.72987137989534], [-73.98856040319855, 40.729864875948735], [-73.98857429497389, 40.72986194076969], [-73.98858136727125, 40.72985848261801], [-73.98858472276709, 40.72985406415538], [-73.98858706855005, 40.72984950781478], [-73.98858523020176, 40.72984253589558], [-73.98858097380287, 40.729833561005584], [-73.98856852828102, 40.72982439169345], [-73.98829047514629, 40.72970644936551], [-73.98796871993288, 40.72957152541891], [-73.98765151503186, 40.729443535875234], [-73.98747584075831, 40.72937539072644], [-73.98736201848057, 40.72933123716041], [-73.98735293633051, 40.72932771427414], [-73.987350351278, 40.72932650100512], [-73.98734739916078, 40.72932584691156], [-73.98734432500207, 40.72932580695135], [-73.98734138685597, 40.7293263838544], [-73.98733882858126, 40.72932753082106], [-73.98733686326929, 40.72932914971939], [-73.98733565430102, 40.72933110819263], [-73.98723396516453, 40.72947404729772], [-73.98721572709678, 40.72949968365377], [-73.98701277022604, 40.72977810088746], [-73.98701177561371, 40.72977946594619], [-73.9870104659483, 40.72978173778147], [-73.98701139975732, 40.72978259066839], [-73.98703790265427, 40.72979467937986], [-73.98714959347284, 40.72983939494286], [-73.98726459986415, 40.72988543811357], [-73.98730523363149, 40.7299017057843], [-73.9873477189936, 40.72991695697004]]]]}, "properties": {"shape_area": "13969.2885524", "shape_leng": "2172.15772026", "feat_code": "3800", "status": "Unchanged", "sub_code": "380000", "source_id": "12380001581.0"}}, {"type": "Feature", "geometry": {"type": "MultiPolygon", "coordinates": [[[[-73.98621393938899, 40.73026579546663], [-73.98615220022188, 40.73023955624658], [-73.9860904492659, 40.73021331699191], [-73.98603732123075, 40.73019073841638], [-73.98602871019605, 40.73018707770541], [-73.98596695933924, 40.73016082937926], [-73.98590522036669, 40.730134590026395], [-73.98584346960519, 40.730108350638915], [-73.98578173072988, 40.730082111219645], [-73.98571998006564, 40.730055871765735], [-73.98565824128951, 40.730029623275], [-73.98559649072253, 40.73000338375469], [-73.98553475204173, 40.72997714420262], [-73.98547300157206, 40.72995090461591], [-73.98541126299043, 40.72992465599234], [-73.98534951261803, 40.72989841633918], [-73.98528777413166, 40.72987217665434], [-73.98522602385651, 40.72984593693477], [-73.9851642854674, 40.72981969718354], [-73.9851321580573, 40.72980618180978], [-73.9851028311394, 40.729793844654516], [-73.98506319477886, 40.72977717650984], [-73.98504410513252, 40.72976914869996], [-73.985041376857, 40.72976800109769], [-73.98497992262232, 40.72974215750797], [-73.9849184684373, 40.729716304880235], [-73.98485701429796, 40.72969046122476], [-73.9847955602063, 40.72966461753637], [-73.98473411800173, 40.729638764811575], [-73.9846726640054, 40.72961292105744], [-73.98465987727161, 40.72960754421907], [-73.98461121005668, 40.72958707727033], [-73.98454975615776, 40.72956122444533], [-73.9844883023044, 40.72953538059249], [-73.98442684849873, 40.729509536706786], [-73.98436539474069, 40.72948369278818], [-73.9843039410325, 40.7294578398316], [-73.98424248736978, 40.72943199584719], [-73.98419192306757, 40.72941072790896], [-73.9841810337546, 40.72940615273042], [-73.98417974365042, 40.729405431245816], [-73.98417847722938, 40.72940467464458], [-73.98417840503244, 40.72940462780824], [-73.98417725816435, 40.72940389103466], [-73.98417606278271, 40.72940307140755], [-73.98417491475918, 40.72940221576662], [-73.9841738022521, 40.72940134212039], [-73.98417273710318, 40.729400432460295], [-73.98417170747284, 40.729399495789885], [-73.9841707133612, 40.72939853210904], [-73.98416977844286, 40.72939754142106], [-73.984168879041, 40.729396532727776], [-73.98416872875005, 40.72939634810287], [-73.98416803883254, 40.72939549702742], [-73.98416723414266, 40.729394434316646], [-73.98416648864189, 40.72939336260891], [-73.98416577865972, 40.72939226389079], [-73.98416512786879, 40.72939114717068], [-73.98416453626915, 40.72939001244849], [-73.98416398018377, 40.72938886872609], [-73.984163495127, 40.7293877070033], [-73.98416304558455, 40.729386536280344], [-73.9841626670707, 40.72938534755694], [-73.98416233590642, 40.729384158840034], [-73.98416205209597, 40.7293829521195], [-73.98416182747245, 40.7293817454071], [-73.98416166203799, 40.72938052969776], [-73.98416156995748, 40.7293794733885], [-73.9841615557905, 40.729379313996525], [-73.98416149689228, 40.72937809920235], [-73.98416149718359, 40.729376873610214], [-73.98416155665946, 40.7293756579318], [-73.98416166348699, 40.7293744332548], [-73.98416182949715, 40.72937322659615], [-73.98416205469637, 40.7293720109405], [-73.98416232724084, 40.72937081330156], [-73.9841626589722, 40.72936961567075], [-73.98416304988618, 40.7293684360583], [-73.98416348814754, 40.729367265457405], [-73.98416383635981, 40.72936645234602], [-73.98416398559365, 40.72936610386971], [-73.98416453038715, 40.72936495129364], [-73.98416513436104, 40.729363825740975], [-73.98416578568235, 40.72936270919989], [-73.98416648434892, 40.72936161067547], [-73.98416723036067, 40.72936053016773], [-73.9841725707603, 40.72935320166249], [-73.98420091869201, 40.72931421263288], [-73.98423515166358, 40.729267183760626], [-73.98426938458478, 40.729220163883014], [-73.98430361745972, 40.729173134989814], [-73.98433785028634, 40.72912610608612], [-73.98437209490197, 40.729079077173594], [-73.98440631579253, 40.7290320572524], [-73.98444056031151, 40.728985028318895], [-73.98447479294487, 40.72893799937331], [-73.9845080782321, 40.72889232105274], [-73.98450883605362, 40.728891312585], [-73.98450965305743, 40.728890322135385], [-73.98451050556677, 40.72888935870581], [-73.98451094483687, 40.72888890130652], [-73.98451140541906, 40.728888422297885], [-73.984512340779, 40.72888750390486], [-73.98451331164455, 40.72888661253189], [-73.98451432985297, 40.72888574818051], [-73.98451539540639, 40.72888490184566], [-73.98451648462593, 40.72888409153439], [-73.98451760935112, 40.72888330824309], [-73.9845187814171, 40.7288825609785], [-73.98451997715135, 40.72888184073233], [-73.9845212083912, 40.728881147506165], [-73.98452246329721, 40.728880490303546], [-73.98452375370864, 40.72887986102144], [-73.98452400231695, 40.72887975299385], [-73.9845250677846, 40.72887927496696], [-73.98452524536118, 40.72887920114908], [-73.98452640552864, 40.728878716831346], [-73.98452776693884, 40.72887819471926], [-73.9845291638526, 40.72887770863229], [-73.98453057259526, 40.728877258567216], [-73.98453199316685, 40.72887684452407], [-73.9845334374025, 40.728876475509516], [-73.98453490530652, 40.72887613351338], [-73.98453638503736, 40.72887583654425], [-73.98453786475982, 40.728875575595495], [-73.98453936814846, 40.728875350670215], [-73.98454087152669, 40.728875170770316], [-73.98454238673388, 40.72887502689235], [-73.98454391376997, 40.72887491903629], [-73.98454407712629, 40.72887491185411], [-73.98454544079557, 40.72887485620565], [-73.98454696781079, 40.7288748384004], [-73.98454849481973, 40.728874847610406], [-73.98455002181822, 40.72887490184583], [-73.98455153696895, 40.72887500110506], [-73.98455306394868, 40.728875136386215], [-73.98455456724547, 40.728875307684525], [-73.98455607053393, 40.72887551500315], [-73.98455756197461, 40.72887576734559], [-73.98455904156971, 40.72887605570673], [-73.98455990446325, 40.72887625123286], [-73.9845605093171, 40.728876389091766], [-73.98456195338157, 40.72887675849392], [-73.98456338560246, 40.72887715490975], [-73.98456480597567, 40.72887759634939], [-73.98456619082869, 40.728878073804616], [-73.98456756383608, 40.728878587278565], [-73.98456891316052, 40.72887913676969], [-73.9846317867374, 40.728905755208814], [-73.98469344124406, 40.72893184215138], [-73.98475508396376, 40.72895792005417], [-73.98481673738267, 40.728984009631894], [-73.98487838138115, 40.72901009377221], [-73.98494003608297, 40.72903617157728], [-73.98500167899365, 40.72906225835282], [-73.98506333378998, 40.72908834509676], [-73.98512498863651, 40.72911442280251], [-73.98518663169203, 40.72914050947873], [-73.98524828663508, 40.72916658711828], [-73.98530992978708, 40.72919267372828], [-73.9853446372233, 40.72920735914273], [-73.98537158482473, 40.72921876030672], [-73.98543322807521, 40.72924483784545], [-73.98549488320938, 40.729270924357714], [-73.98555652655638, 40.729297001830254], [-73.98561818178709, 40.72932308827627], [-73.98567982522863, 40.729349174687705], [-73.98568981506936, 40.72935340021541], [-73.9857414805578, 40.72937525206243], [-73.9858031240959, 40.72940133840768], [-73.98584075177247, 40.72941725412684], [-73.98586477952152, 40.72942741571619], [-73.98592642315617, 40.72945350199528], [-73.98598807867643, 40.72947958824267], [-73.98604972240949, 40.72950566545044], [-73.98611137802628, 40.72953175163164], [-73.98617302185585, 40.72955782877321], [-73.98623467756917, 40.729583914888195], [-73.98629632149338, 40.72961000096866], [-73.98635797730509, 40.72963607801235], [-73.98641962132578, 40.72966216402666], [-73.98643040193284, 40.729666724572354], [-73.98648127723403, 40.729688241004155], [-73.98654292135124, 40.72971432695223], [-73.98660457735421, 40.72974041286859], [-73.98663258237659, 40.72975228482557], [-73.98665609074202, 40.7297622516792], [-73.98666336897425, 40.72976533676409], [-73.98666455261504, 40.72976585919615], [-73.98666570073622, 40.7297664176444], [-73.98666683701462, 40.729767003106524], [-73.98666793777528, 40.729767615579775], [-73.98666901485564, 40.729768255065544], [-73.98667005641646, 40.72976893056753], [-73.98667106246127, 40.72976962407554], [-73.98667204482405, 40.729770353601175], [-73.9866729916709, 40.72977110113285], [-73.98667326743657, 40.72977133619749], [-73.98667390299998, 40.72977187567568], [-73.98667477881133, 40.729772677229626], [-73.98667561910675, 40.72977349678963], [-73.98667641204689, 40.729774343359374], [-73.98667718130861, 40.72977520793657], [-73.98667789137947, 40.729776090517106], [-73.98667857777184, 40.72977699110507], [-73.9866792168108, 40.7297779096977], [-73.98667980849638, 40.72977884629499], [-73.98668036466599, 40.72977980089838], [-73.98668087348399, 40.729780764501385], [-73.98668133494859, 40.72978174610906], [-73.98668176090082, 40.72978272771259], [-73.9866821276604, 40.7297837363246], [-73.98668245890757, 40.72978474493246], [-73.98668260085536, 40.729785253736196], [-73.98668274280317, 40.729785762539954], [-73.98668275344771, 40.729785808467106], [-73.98668297934894, 40.72978678014197], [-73.98668315670385, 40.72978781574726], [-73.9866832985462, 40.72978885224898], [-73.98668339303909, 40.72978988694423], [-73.98668344018196, 40.7297909225345], [-73.98668343997322, 40.72979196712435], [-73.98668339241645, 40.729793002703666], [-73.98668328567237, 40.72979403827614], [-73.98668314341592, 40.72979507384453], [-73.98668295380963, 40.729796109407374], [-73.98668271685712, 40.72979712695462], [-73.98668243255474, 40.72979814449639], [-73.98668210090437, 40.72979915302761], [-73.98668172190591, 40.72980015254825], [-73.9866812955594, 40.729801143058275], [-73.98668091660537, 40.72980192015333], [-73.98668082186663, 40.729802115552715], [-73.98668031266146, 40.72980308804303], [-73.98667975611187, 40.72980403351263], [-73.98667916405165, 40.72980496997298], [-73.98667851280773, 40.72980588841634], [-73.98667783789227, 40.72980678974731], [-73.98666610379978, 40.72982262743367], [-73.98664301449234, 40.72985382737816], [-73.98660820288056, 40.72990086590008], [-73.98657339121961, 40.72994790441114], [-73.98653857950953, 40.72999494291141], [-73.98650376775029, 40.73004198140083], [-73.98646895594193, 40.730089019879436], [-73.98645237295247, 40.730111427983985], [-73.9864341440844, 40.730136058347185], [-73.98639933217773, 40.73018309680411], [-73.98636452022191, 40.730230135250245], [-73.98634211739773, 40.7302604166953], [-73.98633022210285, 40.73027650827078], [-73.98632857149126, 40.7302787404353], [-73.98632784920889, 40.73027967687837], [-73.98632709141575, 40.73028060431209], [-73.98632628627979, 40.73028149571988], [-73.98632543379551, 40.73028237811696], [-73.98632454580408, 40.73028323349457], [-73.98632362230553, 40.73028406185267], [-73.98632266329987, 40.73028486319128], [-73.98632166878525, 40.730285646515526], [-73.98632063876536, 40.73028639381521], [-73.98631957323656, 40.73028712310048], [-73.98631847220246, 40.73028781636122], [-73.98631733566123, 40.73028848260244], [-73.98631617545041, 40.73028912182556], [-73.986315254393, 40.73028959088105], [-73.9863149915719, 40.73028972502555], [-73.98631377337007, 40.730290301206196], [-73.98631254097035, 40.73029084226528], [-73.98631127424947, 40.73029134549896], [-73.98630998385886, 40.730291822615044], [-73.98630868163806, 40.73029226370938], [-73.98630734391209, 40.73029266877915], [-73.98630600619343, 40.730293037828545], [-73.98630464480708, 40.73029337085476], [-73.98630327159056, 40.7302936678592], [-73.98630187470825, 40.730293919835404], [-73.9863004778314, 40.73029414479634], [-73.98629906912444, 40.73029433373552], [-73.98629766042487, 40.73029448665434], [-73.98629622805952, 40.7302945945449], [-73.98629480753904, 40.73029466641652], [-73.98629337518844, 40.73029470226637], [-73.98629251341504, 40.730294702163775], [-73.98629194284524, 40.73029470209587], [-73.98629052234705, 40.73029466590641], [-73.98628909002052, 40.730294584690114], [-73.98628766953897, 40.73029446745486], [-73.98628624906482, 40.73029431419926], [-73.9862848404357, 40.73029412492471], [-73.9862834436515, 40.73029389963121], [-73.98628205871411, 40.73029362931369], [-73.98628068561986, 40.730293331982345], [-73.98627932437243, 40.73029298962694], [-73.98627798680573, 40.73029262025907], [-73.98627666108393, 40.73029221487227], [-73.98627535904654, 40.73029176446284], [-73.98627406885228, 40.73029128703958], [-73.98627280233875, 40.73029078260386], [-73.98626895310547, 40.73028914772203], [-73.98623558835575, 40.73027498324291], [-73.98621393938899, 40.73026579546663]], [[-73.98643369070905, 40.73000813025543], [-73.98655779609176, 40.729844379231665], [-73.9865615766584, 40.729845968170004], [-73.98660773661396, 40.72978241655627], [-73.98643040657387, 40.72970787781347], [-73.98628743209885, 40.72964777984629], [-73.98628284024109, 40.729654102670395], [-73.9862658432109, 40.72964670656869], [-73.98626870749845, 40.72964276268278], [-73.98612729571175, 40.72958332117329], [-73.98604622480052, 40.72954924333772], [-73.98598894979564, 40.72952516849042], [-73.98585096379286, 40.72946231232881], [-73.98569922908406, 40.72939319395889], [-73.98565284291328, 40.72937206315777], [-73.98560408994888, 40.72935338952993], [-73.98533602074357, 40.729250710331], [-73.98525922826425, 40.729218429899625], [-73.98521248927227, 40.72919878291357], [-73.98517709889703, 40.72918390646356], [-73.98510286911586, 40.72915270326579], [-73.98501809688287, 40.72911706814641], [-73.98494208590107, 40.72908511719072], [-73.98494154831873, 40.729085858239024], [-73.98486082755504, 40.72905294667138], [-73.98485581374246, 40.72905083882187], [-73.98469666915028, 40.728983940607236], [-73.98454728733309, 40.728921146199916], [-73.98450169438215, 40.72898391452968], [-73.98450103128019, 40.728984827556175], [-73.98446233214646, 40.729038103635574], [-73.98442118538571, 40.72909475177524], [-73.98439469672914, 40.72913121968809], [-73.98438093493125, 40.72915016542404], [-73.98434638238788, 40.72919773190051], [-73.9843406098111, 40.72920567900462], [-73.98429738115941, 40.72926519313453], [-73.98425733890494, 40.729320318604486], [-73.98424558293354, 40.72933650273815], [-73.98423750365997, 40.72934762651559], [-73.98423344803656, 40.729353210014125], [-73.9842249270807, 40.729364941573515], [-73.98421831729914, 40.72937404030712], [-73.98422383533833, 40.72937635987288], [-73.98422014970954, 40.729384108244275], [-73.98422928962114, 40.729387985285385], [-73.98429874209535, 40.729417443208376], [-73.98443512492732, 40.72947528968374], [-73.98460234145197, 40.729546129960376], [-73.98468732226301, 40.72958213101791], [-73.98504774231405, 40.729734305795354], [-73.9850826287102, 40.729749035435766], [-73.98510220718877, 40.72975730193733], [-73.98515272930625, 40.72977912328208], [-73.98538819543143, 40.72988082351677], [-73.98548230655649, 40.72992043078017], [-73.98553300422208, 40.72994176750606], [-73.98553672558748, 40.72994333305735], [-73.98569798254836, 40.73001119841078], [-73.98591057435323, 40.73010158074178], [-73.98625218214538, 40.73024094060181], [-73.98625514488131, 40.73024190900209], [-73.98625833028525, 40.73024228489432], [-73.98626153949093, 40.73024204664248], [-73.98626457007354, 40.730241207730124], [-73.98626723025401, 40.73023982126434], [-73.98626935428858, 40.73023797547527], [-73.98627080602179, 40.730235785611775], [-73.98636238847705, 40.73010771357052], [-73.9864103855285, 40.73004059263998], [-73.98643206379997, 40.73001027687603], [-73.98643369070905, 40.73000813025543]]]]}, "properties": {"shape_area": "24762.3295171", "shape_leng": "3484.01960924", "feat_code": "3800", "status": "Updated", "sub_code": "380000", "source_id": "12380001590.0"}}, {"type": "Feature", "geometry": {"type": "MultiPolygon", "coordinates": [[[[-73.9857483740966, 40.730905486995105], [-73.98568894264552, 40.730880256384005], [-73.98562952307704, 40.730855025743644], [-73.98557010355354, 40.73082979507256], [-73.98551067223741, 40.73080456436917], [-73.98545125280393, 40.730779333636576], [-73.9853918215778, 40.73075410287175], [-73.98533240223436, 40.7307288720776], [-73.98527297109824, 40.73070364125123], [-73.98521355184474, 40.730678410395626], [-73.98515487360068, 40.73065349388221], [-73.98515413263624, 40.73065317950926], [-73.98509470163512, 40.730627948590595], [-73.9850352825146, 40.73060272664781], [-73.98497585160355, 40.730577495667674], [-73.98491643257503, 40.730552264658265], [-73.98485701359151, 40.73052703361816], [-73.9847975828152, 40.730501803446224], [-73.98474192784325, 40.73047844500048], [-73.98468627291004, 40.73045508742826], [-73.98463061801384, 40.73043173883413], [-73.98457496315866, 40.730408381208], [-73.98451930834254, 40.730385023554845], [-73.9844636535654, 40.73036166587472], [-73.98440894100331, 40.730338707220454], [-73.98440801066279, 40.73033831717431], [-73.98435235596367, 40.73031495944028], [-73.98429386058747, 40.73029034958502], [-73.98423537709417, 40.730265730696544], [-73.98417689364193, 40.730241120783305], [-73.9841183983975, 40.73021650183359], [-73.98405991503168, 40.73019189186079], [-73.9840014198715, 40.7301672818566], [-73.98394293659425, 40.73014266281913], [-73.98388445335803, 40.730118052756985], [-73.98382595832973, 40.73009343365829], [-73.9837674751799, 40.73006882353658], [-73.98375464463753, 40.73006342768121], [-73.98370898023579, 40.7300442133834], [-73.98370790325203, 40.73004327670217], [-73.98370686178741, 40.730042313010685], [-73.98370590909839, 40.73004137274503], [-73.98370586886053, 40.73004133311696], [-73.9837049090884, 40.730040313605485], [-73.98370400969151, 40.73003927789346], [-73.98370314581382, 40.73003821517115], [-73.983702341128, 40.73003713444705], [-73.98370158379882, 40.73003602671437], [-73.98370087382187, 40.73003490998337], [-73.98370021120157, 40.73003376624375], [-73.983699607771, 40.73003261350743], [-73.98369905169704, 40.73003143376256], [-73.9836985429731, 40.73003025402443], [-73.98369828627142, 40.73002955069094], [-73.9836981052786, 40.730029056286135], [-73.98369771493851, 40.730027840544366], [-73.9836973719485, 40.73002662480931], [-73.98369708814812, 40.73002540007759], [-73.98369686353747, 40.730024166349125], [-73.98369669811652, 40.73002292362395], [-73.98369658004557, 40.73002168090551], [-73.9836965211619, 40.73002043909592], [-73.98369652146616, 40.73001919549371], [-73.98369656912018, 40.73001795279871], [-73.9836966878014, 40.73001670110871], [-73.98369685382819, 40.730015467435535], [-73.98369706720499, 40.73001423376908], [-73.98369735160453, 40.7300130091178], [-73.98369768335401, 40.73001178447317], [-73.98369779944896, 40.730011426987744], [-73.9836980742866, 40.73001057784712], [-73.98369851256696, 40.73000938023283], [-73.98369901003258, 40.730008191632045], [-73.98369956668125, 40.730007021049765], [-73.98370017067771, 40.73000585947928], [-73.98370082201969, 40.73000471592565], [-73.98370153254473, 40.73000359039062], [-73.98370229041312, 40.73000249187751], [-73.98370513237221, 40.72999856516204], [-73.98370842430722, 40.72999401896039], [-73.98373589654953, 40.72995609342524], [-73.98376951447443, 40.729909703969696], [-73.98380313235252, 40.729863314504], [-73.98383675018387, 40.729816925028224], [-73.98387036797052, 40.72977052653721], [-73.98390397387075, 40.72972413703957], [-73.98393759156163, 40.72967774753341], [-73.98397120920575, 40.729631358017166], [-73.98400482680302, 40.72958496849085], [-73.98403844435562, 40.729538569949284], [-73.98406970544085, 40.729495421907615], [-73.98407205002187, 40.7294921804011], [-73.9840724467028, 40.72949164555389], [-73.98407277233599, 40.72949120795175], [-73.98407353015585, 40.72949026252256], [-73.98407432348358, 40.72948933510844], [-73.98407516415664, 40.72948842571107], [-73.9840760403354, 40.72948754333383], [-73.98407696385944, 40.72948667897331], [-73.98407792288918, 40.729485841632936], [-73.9840789292621, 40.729485031314354], [-73.98407995930334, 40.729484248014344], [-73.98408102485031, 40.72948349173445], [-73.98408212590303, 40.729482762474724], [-73.98408326246141, 40.729482060235135], [-73.98408442268602, 40.729481394019146], [-73.98408559829022, 40.72948076562665], [-73.98408562670363, 40.72948075032193], [-73.98408684965031, 40.729480151652716], [-73.98408809271496, 40.729479576399555], [-73.98408937128357, 40.72947903537059], [-73.98409067351821, 40.72947853126569], [-73.98409198758377, 40.72947805417769], [-73.98409333715077, 40.72947762212001], [-73.9840946985487, 40.7294772170792], [-73.9840960717754, 40.729476848060344], [-73.98409746866615, 40.72947652407018], [-73.98409887738786, 40.72947622709689], [-73.98410029793622, 40.72947597515066], [-73.98410173031333, 40.729475759226354], [-73.98410316268188, 40.72947557932245], [-73.98410460687924, 40.72947543544044], [-73.9841060629054, 40.729475327580396], [-73.98410751892077, 40.729475264745744], [-73.984108986765, 40.72947523793308], [-73.98411044276322, 40.72947524713908], [-73.98411189875287, 40.729475292365414], [-73.98411335473172, 40.729475382617174], [-73.9841148107042, 40.72947549988415], [-73.98411508650837, 40.72947553053949], [-73.98411625482855, 40.72947566217487], [-73.98411768710478, 40.729475869489406], [-73.98411910753711, 40.72947610381754], [-73.9841205279588, 40.72947638317109], [-73.98412192469924, 40.729476689536625], [-73.98412330959158, 40.72947704092593], [-73.98412468263787, 40.729477428333915], [-73.98412603200087, 40.729477851758986], [-73.98412735768264, 40.729478302196036], [-73.9841286715163, 40.729478797656846], [-73.98412996166869, 40.729479320129656], [-73.98413023034925, 40.729479439934316], [-73.98413121630037, 40.72947987861787], [-73.9841324590861, 40.72948047312476], [-73.98413541814084, 40.72948171623433], [-73.98418990025657, 40.729504686696345], [-73.98424734146877, 40.72952890023921], [-73.98430479456019, 40.729553113754875], [-73.9843622358559, 40.72957732724026], [-73.98441968903077, 40.72960154069848], [-73.98447713040997, 40.72962575412635], [-73.9845345718309, 40.72964996752548], [-73.98459201329358, 40.729674180895934], [-73.98462394404234, 40.72968763876184], [-73.9846494666355, 40.72969839423915], [-73.98470690818168, 40.729722607552105], [-73.98476474038279, 40.72974691994389], [-73.98482257262815, 40.72977122330154], [-73.98488040491365, 40.72979553563512], [-73.98493823724135, 40.729819847939545], [-73.98499606961126, 40.72984416021488], [-73.98500947545921, 40.729849794641716], [-73.98505390202538, 40.72986846345596], [-73.98511173447966, 40.729892775673044], [-73.98516956697615, 40.729917087860954], [-73.9852273995169, 40.729941391014705], [-73.98528523209778, 40.72996570314436], [-73.98534805963794, 40.7299923121773], [-73.9854108990638, 40.730018930182446], [-73.98547372670431, 40.7300455391466], [-73.98553655439311, 40.73007215708147], [-73.9855993939715, 40.73009876597838], [-73.98566222176062, 40.7301253838445], [-73.98572506143938, 40.73015199267263], [-73.98578788933087, 40.73017860146489], [-73.98585071727054, 40.73020521922787], [-73.98591355709966, 40.73023182885336], [-73.98597658636673, 40.73025849970207], [-73.98599369719378, 40.73026574097224], [-73.98603961568415, 40.7302851714167], [-73.98610263321439, 40.7303118430953], [-73.98616566263263, 40.73033851474076], [-73.9861836186274, 40.7303461171881], [-73.98621741307169, 40.7303604429246], [-73.98622335382186, 40.730362961457175], [-73.98622465583422, 40.73036353793835], [-73.98622591048894, 40.7303641504342], [-73.98622715330048, 40.730364789943835], [-73.98622836059198, 40.73036546546958], [-73.98622953236523, 40.730366168006306], [-73.98623066861839, 40.73036690655915], [-73.98623178119087, 40.73036767212436], [-73.9862328582432, 40.73036847370569], [-73.98623388794165, 40.73036929329145], [-73.98623488212186, 40.730370139888265], [-73.98623584788304, 40.73037102970606], [-73.98623588693881, 40.73037106933314], [-73.98623675208816, 40.73037192311856], [-73.98623762787797, 40.73037284174187], [-73.98623845631006, 40.730373796379816], [-73.98623924922767, 40.730374760018634], [-73.9862399947895, 40.730375750667044], [-73.98624069299738, 40.73037675931997], [-73.9862413438513, 40.730377785977396], [-73.98624194735129, 40.73037883063928], [-73.98624249166163, 40.730379884299225], [-73.98624295549251, 40.730380860505825], [-73.98624300045557, 40.730380955965096], [-73.98624346189557, 40.73038204563546], [-73.9862438641459, 40.730383144303815], [-73.98624421904594, 40.73038424296653], [-73.98624452659209, 40.730385359633786], [-73.98624478678613, 40.73038648530046], [-73.98624498779235, 40.730387610959994], [-73.98624512960872, 40.730388746518116], [-73.98624523591278, 40.73038988027098], [-73.98624528302696, 40.730391023922365], [-73.98624527095521, 40.73039215856154], [-73.98624521153131, 40.730393302200206], [-73.98624510475902, 40.73039443682813], [-73.98624495063834, 40.730395562445295], [-73.98624473732795, 40.73039669706044], [-73.98624456198367, 40.730397415645285], [-73.98624446483345, 40.730397813658385], [-73.98624431082985, 40.730398371955246], [-73.98624415682625, 40.730398930252086], [-73.98624378963311, 40.73040003783363], [-73.9862433632558, 40.730401127397904], [-73.98624290136763, 40.73040220795288], [-73.98624238029348, 40.730403279495704], [-73.98624182371034, 40.730404333024104], [-73.98624120794119, 40.73040537754032], [-73.98624054482734, 40.73040639503566], [-73.98623984620264, 40.73040740352165], [-73.98623908839564, 40.73040838498532], [-73.98622730691369, 40.73042339505273], [-73.98620929722125, 40.730446338753154], [-73.98617821478499, 40.73048878409432], [-73.98614712047319, 40.73053122132079], [-73.9861160261199, 40.7305736675437], [-73.98608494356465, 40.73061611375943], [-73.98605384913402, 40.73065855095996], [-73.98602276649953, 40.73070099715842], [-73.98600415597818, 40.73072639733995], [-73.98599167198977, 40.73074343434167], [-73.985958398623, 40.730789158106326], [-73.985925113373, 40.730834881859664], [-73.98589183991477, 40.73088060650501], [-73.9858819880664, 40.73089440018569], [-73.98586736421943, 40.730914884957855], [-73.98586658270868, 40.73091594746182], [-73.98586637786295, 40.73091620318109], [-73.985865753853, 40.73091698294474], [-73.98586487765049, 40.730918000411684], [-73.98586395410118, 40.73091899986264], [-73.98586298320882, 40.7309199632874], [-73.98586197680726, 40.730920908697655], [-73.98586092306269, 40.73092181808176], [-73.98585982197127, 40.730922709449885], [-73.98585869721215, 40.73092356479475], [-73.98585752510816, 40.730924393118485], [-73.98585631749874, 40.73092518541756], [-73.98585507438207, 40.73092595069701], [-73.9858542906329, 40.73092640355645], [-73.98585379575812, 40.73092668895681], [-73.98585248163076, 40.730927382186835], [-73.98585114383376, 40.73092804839869], [-73.98584978236904, 40.73092867858729], [-73.9858483854007, 40.730929264646555], [-73.9858477579531, 40.73092950770671], [-73.98584696476314, 40.73092982188662], [-73.98584550862007, 40.73093034400253], [-73.98584404064884, 40.730930821091526], [-73.98584254900993, 40.73093126215726], [-73.9858410455429, 40.73093165819611], [-73.98583951840824, 40.73093201821168], [-73.9858379794435, 40.730932342205435], [-73.98583642865066, 40.7309326211723], [-73.98583485419019, 40.730932864115914], [-73.98583327973924, 40.730933062034055], [-73.98583169345827, 40.730933223930414], [-73.98583010718686, 40.73093334080127], [-73.98582850908743, 40.730933412645285], [-73.98582691099558, 40.73093344846892], [-73.98582531291333, 40.73093343926714], [-73.98582371484065, 40.73093338503991], [-73.9858221167757, 40.73093329479233], [-73.98582160184681, 40.73093325060404], [-73.98582053055792, 40.730933159520795], [-73.9858189561855, 40.730932988230315], [-73.98581738182268, 40.730932771914404], [-73.9858158193071, 40.730932510574505], [-73.98581426863686, 40.73093221321573], [-73.98581272981386, 40.73093187083295], [-73.98581121467393, 40.73093149243273], [-73.9858097113793, 40.73093107801362], [-73.9858082317696, 40.73093061857199], [-73.9858067758429, 40.73093012311293], [-73.98580533176161, 40.730929591634975], [-73.98580392320096, 40.73092902414104], [-73.9858031301493, 40.73092868815366], [-73.98575660052228, 40.73090897298044], [-73.9857483740966, 40.730905486995105]], [[-73.98473019053255, 40.72977741289022], [-73.98469607234755, 40.72976312989738], [-73.98468273992353, 40.72975754857378], [-73.98447436664179, 40.72967031632004], [-73.98410768954089, 40.7295242227189], [-73.98405918099256, 40.729588652804736], [-73.98406846302939, 40.729592289442394], [-73.98404143577692, 40.72962709575874], [-73.98382704863974, 40.72990778227506], [-73.98378050604663, 40.7299709851232], [-73.98375827498556, 40.730001172438115], [-73.98379197877864, 40.730015457451024], [-73.9837805245607, 40.730031095870004], [-73.98380110548688, 40.730039815689466], [-73.98390884296047, 40.73008545776012], [-73.98430701369718, 40.730253415222094], [-73.9845614567359, 40.73035624355996], [-73.98463637439649, 40.73038652057], [-73.98486347320038, 40.73048606133309], [-73.9850771116167, 40.73057740617695], [-73.98522578366675, 40.73064097332776], [-73.98551729921537, 40.73077065025505], [-73.985791262451, 40.730886358292736], [-73.98579433062336, 40.73088704846068], [-73.9857975279504, 40.73088715601559], [-73.9858006650307, 40.73088667553099], [-73.98580355955879, 40.73088563309916], [-73.98580603987506, 40.730884092635044], [-73.98580796035742, 40.730882143271074], [-73.98580920733977, 40.73087990025832], [-73.9859006033135, 40.73075759182638], [-73.98594285900718, 40.73070104326285], [-73.98600435528358, 40.73061724673794], [-73.98606374845002, 40.73053631624313], [-73.98616804225998, 40.73039420066893], [-73.98616914016662, 40.73039148126527], [-73.98616939407945, 40.73038864379361], [-73.98616879094631, 40.73038583683632], [-73.98616736269827, 40.73038320718003], [-73.98616518506662, 40.73038089531322], [-73.98616237166725, 40.73037902101707], [-73.98615907044892, 40.73037768336524], [-73.98599922085675, 40.730309548679685], [-73.9858616229664, 40.730250898860106], [-73.98543011313349, 40.730070206668884], [-73.98529268761519, 40.730012764671656], [-73.98513130075976, 40.72994530756469], [-73.98509800147504, 40.729931389503], [-73.98509713978683, 40.72993102918807], [-73.98476588651444, 40.72979235615441], [-73.98473019053255, 40.72977741289022]]]]}, "properties": {"shape_area": "26069.1791806", "shape_leng": "3547.90660924", "feat_code": "3800", "status": "Unchanged", "sub_code": "380000", "source_id": "12380001661.0"}}, {"type": "Feature", "geometry": {"type": "MultiPolygon", "coordinates": [[[[-73.98843976831648, 40.73119777848194], [-73.98838304619196, 40.73117385527156], [-73.98832632410978, 40.73114992302811], [-73.98827355556504, 40.731127658000275], [-73.98826960206836, 40.73112599075661], [-73.98821288006603, 40.731102067462224], [-73.98815616994376, 40.73107813513588], [-73.98814580801088, 40.73107376300202], [-73.98809944802457, 40.73105420278035], [-73.9880427261461, 40.731030270396815], [-73.98798351859342, 40.731005248110705], [-73.9879243229229, 40.73098022579534], [-73.98786511546078, 40.73095519444313], [-73.98784321273514, 40.73094593670767], [-73.98780591987916, 40.73093017206671], [-73.98774671250435, 40.730905149658525], [-73.98768750517566, 40.73088011821474], [-73.98762830972743, 40.73085509574675], [-73.98756910248606, 40.73083007324699], [-73.98750990712844, 40.73080504171288], [-73.98745069997597, 40.730780019152064], [-73.98739150470728, 40.730754987556935], [-73.98733229764373, 40.73072996493506], [-73.98727309062465, 40.73070494228268], [-73.9872210306255, 40.730682928091234], [-73.98721389548938, 40.73067991059598], [-73.9871546885593, 40.73065488788252], [-73.98709529228063, 40.73062982009189], [-73.98703589604665, 40.730604752270516], [-73.98697648801799, 40.7305796934222], [-73.9869170918734, 40.73055462553942], [-73.98685769577348, 40.73052955762587], [-73.9867982878807, 40.730504489680285], [-73.98673889187017, 40.73047942170531], [-73.98668486970288, 40.730456659622746], [-73.9866308594083, 40.73043390652123], [-73.98661350817994, 40.7304265968793], [-73.98657683731486, 40.73041114438783], [-73.9865671313371, 40.730407036937436], [-73.98653650187795, 40.730394101158325], [-73.98652526543727, 40.73038935506493], [-73.98652423566215, 40.73038889568511], [-73.98652322956573, 40.73038841829786], [-73.98652224715175, 40.73038790489305], [-73.98652127657901, 40.73038737347945], [-73.98652034152624, 40.73038680604967], [-73.98651943015227, 40.730386220612516], [-73.98651854245713, 40.73038561716791], [-73.98651789977365, 40.73038514162417], [-73.98651769028012, 40.7303849867122], [-73.98651686178371, 40.730384329244025], [-73.98651606880365, 40.73038365376982], [-73.98651529950237, 40.73038296028821], [-73.98651456571926, 40.73038223979554], [-73.9865138674507, 40.73038151030191], [-73.98651320470029, 40.73038075379718], [-73.9865125656269, 40.73037998829012], [-73.98651197390737, 40.73037920477843], [-73.98651141770418, 40.730378403260765], [-73.98651088517975, 40.73037758373571], [-73.98651040000745, 40.73037675521107], [-73.9865099621872, 40.730375917686914], [-73.98650954804573, 40.73037506215535], [-73.98650918125635, 40.73037419762424], [-73.98650884998148, 40.730373324092255], [-73.9865085542193, 40.73037245056439], [-73.98650830581101, 40.7303715590319], [-73.986508104753, 40.730370667504964], [-73.98650792737173, 40.73036976787624], [-73.98650790374218, 40.73036954274637], [-73.98650780917863, 40.730368866453425], [-73.9865077146623, 40.7303679569288], [-73.98650767933195, 40.730367056416206], [-73.98650766767855, 40.73036614690127], [-73.98650770337538, 40.7303652373919], [-73.98650778642063, 40.7303643368932], [-73.98650790497855, 40.730363436398626], [-73.9865080708867, 40.73036253590959], [-73.98650827230753, 40.73036163542471], [-73.9865083623377, 40.73036131575478], [-73.98650852107494, 40.73036075295557], [-73.98650879351746, 40.73035987048923], [-73.98650912514594, 40.730358997034855], [-73.98650948044771, 40.730358132588364], [-73.98650988309788, 40.730357277152464], [-73.98651033309463, 40.730356439732304], [-73.98651080676647, 40.73035560231497], [-73.98651132778491, 40.73035478291329], [-73.98651188431234, 40.730353981525944], [-73.98651409618972, 40.73035091015062], [-73.98651748978735, 40.730346196386215], [-73.98652192538242, 40.730340033825534], [-73.98654603340789, 40.730306537729845], [-73.98658021796018, 40.73025912994773], [-73.9866143906245, 40.730211731158946], [-73.98664857507771, 40.73016433236104], [-73.98668274764479, 40.73011693355131], [-73.98671693200261, 40.73006952572743], [-73.98675110447245, 40.730022126896806], [-73.98678528873116, 40.72997472805705], [-73.98681420026661, 40.72993462632423], [-73.98681946110376, 40.72992732920555], [-73.98683941270437, 40.72989976692186], [-73.98685074425802, 40.72988411737833], [-73.98685158493723, 40.72988300984882], [-73.98685247296092, 40.72988192933999], [-73.98685340833099, 40.72988086684671], [-73.9868543910456, 40.72987983137414], [-73.9868554211047, 40.72987882292216], [-73.98685649850661, 40.72987785049594], [-73.98685761141728, 40.72987689608393], [-73.98685808025526, 40.72987652062538], [-73.98685877167253, 40.72987596869256], [-73.98685997927053, 40.729875077326966], [-73.98686121053636, 40.729874221984346], [-73.98686248914672, 40.729873393662395], [-73.9868638032623, 40.729872601364804], [-73.98686515288323, 40.729871845091594], [-73.9868665380112, 40.72987111583773], [-73.98686795864269, 40.72987043161326], [-73.98686855412018, 40.729870164230135], [-73.98686940294195, 40.729869783411814], [-73.98687087090889, 40.7298691721339], [-73.9868713562807, 40.72986899208754], [-73.98687222758568, 40.72986865179467], [-73.98687237438149, 40.72986859507935], [-73.98687390151996, 40.729868063953404], [-73.98687544048872, 40.729867568849144], [-73.98687701496107, 40.72986711877432], [-73.98687860126375, 40.72986670472121], [-73.98688021123253, 40.72986633569615], [-73.98688183303159, 40.72986600269277], [-73.9868834666593, 40.729865714716134], [-73.98688511211562, 40.729865471766274], [-73.98688676940046, 40.72986527384313], [-73.98688842667826, 40.729865111940306], [-73.98689010762038, 40.72986500407067], [-73.98689083444728, 40.72986497263561], [-73.98689177671793, 40.72986493222002], [-73.98689345764404, 40.729864905396084], [-73.98689513856311, 40.72986491459248], [-73.9868968076341, 40.729864977818025], [-73.98689848853364, 40.72986508607032], [-73.98690014575124, 40.72986523034023], [-73.98690181479745, 40.729865419636866], [-73.9869034601599, 40.729865653956246], [-73.98690509367772, 40.72986592429458], [-73.98690672718502, 40.7298662486634], [-73.9869083370103, 40.72986660904986], [-73.98690975151855, 40.72986696311047], [-73.9869099231536, 40.7298670054539], [-73.98691149745054, 40.729867446882025], [-73.98691304806377, 40.729867933332876], [-73.98691458683247, 40.72986845580269], [-73.9869160900799, 40.72986902329389], [-73.98691756964715, 40.729869617797625], [-73.98695111426579, 40.72988379560799], [-73.986976397023, 40.72989447850129], [-73.98703221796809, 40.72991807812441], [-73.98708803895269, 40.72994167772038], [-73.9871438599768, 40.72996527728919], [-73.9871546963145, 40.729969859385314], [-73.98719968104052, 40.729988876830866], [-73.98721837092667, 40.72999677636656], [-73.98725550214373, 40.73001247634544], [-73.9873113232865, 40.730036075832814], [-73.98736648165385, 40.73005922496614], [-73.98739594286549, 40.73007159307689], [-73.98742164005955, 40.730082374072964], [-73.98747678666433, 40.73010553215708], [-73.9875319451467, 40.730128681210935], [-73.98754691488116, 40.73013496477804], [-73.98758709182985, 40.730151830236956], [-73.98764225038714, 40.73017498824288], [-73.98764555279975, 40.730176375380324], [-73.98769739714693, 40.73019813721596], [-73.98775668672953, 40.73022320468616], [-73.98781597635666, 40.73024827212579], [-73.98787526603009, 40.730273330529684], [-73.98793455574649, 40.73029839790804], [-73.98799384550749, 40.730323465255815], [-73.9880531353131, 40.73034853257294], [-73.98811242516331, 40.7303735998595], [-73.98817171505807, 40.73039866711539], [-73.98823325397363, 40.73042465308914], [-73.98827367627248, 40.730441722748274], [-73.98829479293711, 40.73045063902992], [-73.98835633194709, 40.730476633942786], [-73.98841785916899, 40.73050261981639], [-73.98847939827654, 40.730528605658264], [-73.988519670374, 40.73054561758323], [-73.98854093743046, 40.7305546004722], [-73.98860247663399, 40.73058058624808], [-73.98866400404786, 40.73060657198981], [-73.98871937641754, 40.73062981955014], [-73.98877474882579, 40.73065306708378], [-73.98883012127273, 40.73067631459068], [-73.98887381320496, 40.7306947153071], [-73.98887929126971, 40.73069702203838], [-73.98887939780076, 40.73069706707407], [-73.9888806643328, 40.73069762551161], [-73.9888819071836, 40.73069821996713], [-73.98888312635317, 40.730698850440724], [-73.98888431000536, 40.730699507926154], [-73.98888546997638, 40.73070020142961], [-73.98888659443004, 40.730700921944866], [-73.98888768336639, 40.73070166947197], [-73.98888873678538, 40.73070244401085], [-73.98888976652466, 40.730703245562665], [-73.98889074890893, 40.730704074125214], [-73.98889124483061, 40.730704521725734], [-73.9888916957759, 40.730704929699556], [-73.98889260712555, 40.730705812285734], [-73.98889347112174, 40.73070671287749], [-73.98889429960208, 40.730707631475944], [-73.98889508072746, 40.73070857708514], [-73.98889582633694, 40.73070954070105], [-73.9888965127539, 40.73071053132651], [-73.98889717549413, 40.73071153095471], [-73.98889777904327, 40.73071254858742], [-73.98889833524045, 40.73071357522065], [-73.98889885592027, 40.7307146288657], [-73.98889931741202, 40.73071568250506], [-73.98889973155028, 40.73071675414997], [-73.98890011017417, 40.73071783479656], [-73.98890042960849, 40.73071892444255], [-73.98890070169082, 40.730720023089056], [-73.98890091458354, 40.73072113073488], [-73.9889010919634, 40.73072223837734], [-73.98890120306231, 40.730723287480345], [-73.98890121015364, 40.73072335501918], [-73.9889012809934, 40.730724471656465], [-73.98890129275588, 40.7307249228123], [-73.98890130448268, 40.730725588289125], [-73.98890126878382, 40.730726704916115], [-73.98890119757209, 40.73072782153971], [-73.98890106717224, 40.73072893815759], [-73.98890087758576, 40.730730045764616], [-73.98890065248791, 40.7307311443632], [-73.98890038003955, 40.730732242957224], [-73.98890004840455, 40.73073333254043], [-73.98889966942055, 40.73073441311397], [-73.98889924308752, 40.73073548467789], [-73.98889876940697, 40.730736538227085], [-73.98889824837741, 40.73073758276663], [-73.98889767999884, 40.73073861829647], [-73.9888975142269, 40.73073888933353], [-73.98889706427424, 40.73073962680651], [-73.98889640120062, 40.730740626306925], [-73.98889570261714, 40.730741607793746], [-73.98889191372703, 40.730746704305936], [-73.98885778999534, 40.73079268997351], [-73.98884387644394, 40.73081147953527], [-73.98882309786464, 40.73083954006364], [-73.988788393846, 40.73088639914692], [-73.98875370161772, 40.730933249215546], [-73.98871900934067, 40.73098009927337], [-73.98868430517716, 40.73102694931927], [-73.988649612801, 40.731073808360726], [-73.98861492037759, 40.73112065838628], [-73.98858021606769, 40.731167508399956], [-73.98854851683217, 40.731210213661754], [-73.98854735883596, 40.73121177412759], [-73.98854670761952, 40.731212602530505], [-73.98854602089146, 40.73121342192482], [-73.98854529865338, 40.731214223305386], [-73.98854454090682, 40.731214997667195], [-73.98854374765016, 40.73121575401531], [-73.98854291888344, 40.73121649234971], [-73.98854205460823, 40.731217203665295], [-73.98854115482295, 40.73121789696721], [-73.98854023136688, 40.73121856325146], [-73.98853927240236, 40.73121920251697], [-73.98853828976699, 40.731219814764856], [-73.98853728346083, 40.731220399995124], [-73.98853624164461, 40.73122096721167], [-73.98853517615915, 40.73122149840552], [-73.98853408700273, 40.73122200348226], [-73.98853319792505, 40.73122238430878], [-73.9885329741759, 40.731222479740346], [-73.98853184951577, 40.73122292988251], [-73.98853068934869, 40.73122334400081], [-73.98852952918782, 40.73122372209878], [-73.98852834535458, 40.731224082184184], [-73.98852713785216, 40.7312244062469], [-73.98852591851819, 40.73122469428808], [-73.98852469919039, 40.731224946308906], [-73.98852345619181, 40.73122517131212], [-73.98852220136018, 40.731225369298905], [-73.98852094653634, 40.731225522260246], [-73.98851967987937, 40.73122564820514], [-73.98851841322863, 40.73122573812968], [-73.98851714658252, 40.731225801038974], [-73.98851680092058, 40.731225805507016], [-73.98851586810652, 40.73122581892163], [-73.98851460147283, 40.731225809790224], [-73.98851332300764, 40.73122576463729], [-73.9885120563848, 40.731225692470254], [-73.9885107897682, 40.73122558428289], [-73.98850952315941, 40.73122543107007], [-73.98850828022911, 40.73122525984945], [-73.98850703730659, 40.731225043603416], [-73.98850579438871, 40.7312248003421], [-73.98850562511595, 40.73122476250382], [-73.98850457515096, 40.73122453006786], [-73.98850336775872, 40.73122421476941], [-73.98850217220883, 40.73122387245687], [-73.98850100033904, 40.73122350313141], [-73.98849984031318, 40.731223097786824], [-73.98849870396742, 40.73122266542931], [-73.98849757946411, 40.731222206057744], [-73.98849649048012, 40.73122171066938], [-73.988486336831, 40.73121742683686], [-73.98843976831648, 40.73119777848194]], [[-73.98867247859647, 40.73096167120446], [-73.9887040751398, 40.73092303979696], [-73.98870658642748, 40.73091997021019], [-73.98871761782776, 40.73090665727502], [-73.98873674191076, 40.730883577316035], [-73.98874599693958, 40.730888498598766], [-73.9887667259309, 40.73085994910362], [-73.98886644436284, 40.73072260514155], [-73.98870789428747, 40.7306557053404], [-73.98850835068562, 40.730569591590715], [-73.98842754739196, 40.73053472031434], [-73.98822402052805, 40.73045224372417], [-73.98774550204857, 40.73025209721142], [-73.98759775393806, 40.730189711275216], [-73.98735370141141, 40.73008666025614], [-73.98727015781893, 40.73005138353589], [-73.98710039855733, 40.72998403362291], [-73.98700504073132, 40.729946201543555], [-73.9869557948173, 40.729926054301515], [-73.98690490010492, 40.72990523237001], [-73.98690020190521, 40.72990474736204], [-73.98689550252183, 40.729904262353756], [-73.98689214381123, 40.72990638807205], [-73.98687829211313, 40.729921786991135], [-73.98686307557136, 40.729943066073346], [-73.98679769678492, 40.73003449532942], [-73.98676725184305, 40.730076590607176], [-73.98673143707093, 40.73012610995049], [-73.98672444509108, 40.73013577700379], [-73.9865634098608, 40.730364678386316], [-73.98706665139038, 40.73057999985166], [-73.98717913364028, 40.73062812659585], [-73.98783895906413, 40.73090271635832], [-73.98819668084245, 40.73105158240308], [-73.98820060458898, 40.731047409849374], [-73.98820921821583, 40.73105110371654], [-73.9882735641805, 40.731078700062696], [-73.98849950758463, 40.73117559953984], [-73.98851045665097, 40.73118029498293], [-73.98852136407967, 40.7311655772616], [-73.98854951119115, 40.73112759662118], [-73.98867247859647, 40.73096167120446]]]]}, "properties": {"shape_area": "20283.9446355", "shape_leng": "3338.56103974", "feat_code": "3800", "status": "Unchanged", "sub_code": "380000", "source_id": "12380001671.0"}}, {"type": "Feature", "geometry": {"type": "MultiPolygon", "coordinates": [[[[-73.98522726426587, 40.73151263410806], [-73.98516559529848, 40.73148666452513], [-73.98512181390949, 40.73146823807836], [-73.98510391453945, 40.73146070391263], [-73.98504223383046, 40.73143473426194], [-73.9849805650053, 40.7314087735847], [-73.98491888439244, 40.731382803867746], [-73.9848572156634, 40.731356843124296], [-73.98479553514461, 40.731330882346164], [-73.98473386651375, 40.73130491253137], [-73.98467218609116, 40.73127895168699], [-73.98462869023768, 40.73126063945474], [-73.98461050571863, 40.73125298180439], [-73.98454883722988, 40.73122702089529], [-73.98448715695352, 40.731201050946424], [-73.98442548856087, 40.73117508997111], [-73.98441624067326, 40.73117119762331], [-73.98437899938273, 40.73115552283122], [-73.98436380837853, 40.73114912896109], [-73.98430214008411, 40.73112315891445], [-73.9842404599979, 40.73109719783816], [-73.98417877996194, 40.73107122772361], [-73.98411711180957, 40.731045266582676], [-73.9840554318697, 40.73101929640191], [-73.98399376381346, 40.73099333519475], [-73.98396772594033, 40.73098237688794], [-73.98393208396755, 40.73096737395284], [-73.9838704160096, 40.73094140367434], [-73.98380873625982, 40.7309154423661], [-73.98374705656033, 40.73088947201968], [-73.98368538874439, 40.73086351064693], [-73.983623709141, 40.73083754023426], [-73.98356204142115, 40.730811578795254], [-73.9835003619117, 40.73078561732141], [-73.9834386942902, 40.73075964681102], [-73.98337701487684, 40.73073368527095], [-73.98331533551386, 40.730707714692635], [-73.98331064831015, 40.73070574189997], [-73.98325366803402, 40.73068175398851], [-73.98325236608667, 40.73068099647157], [-73.98325109965872, 40.730680212845044], [-73.98325090082008, 40.730680080441374], [-73.9832498687527, 40.73067939320336], [-73.98324868520395, 40.73067854655326], [-73.98324752533958, 40.73067766388626], [-73.98324641283243, 40.730676754210876], [-73.98324534768255, 40.73067581752712], [-73.98324431805236, 40.730674853833314], [-73.98324333577945, 40.73067386313111], [-73.9832424008638, 40.73067284542051], [-73.98324150146787, 40.73067180069984], [-73.98324066126453, 40.730670737977604], [-73.98323986841619, 40.73066965725211], [-73.98323949567063, 40.73066910338515], [-73.98323917972436, 40.730668634174286], [-73.98323912292513, 40.73066854951822], [-73.98323842478908, 40.730667423781036], [-73.98323777400576, 40.73066628904569], [-73.98323718241734, 40.73066512730374], [-73.98323665001925, 40.73066395656526], [-73.98323615313855, 40.73066276782178], [-73.98323572728587, 40.7306615700836], [-73.98323534878585, 40.73066036334718], [-73.98323501763858, 40.73065914761257], [-73.98323475751924, 40.73065792288322], [-73.983234532915, 40.730656689154], [-73.98323437933645, 40.73065545543508], [-73.98323431441898, 40.73065470260056], [-73.9832342731104, 40.730654213618514], [-73.98323422607284, 40.73065297000949], [-73.9832342382231, 40.73065172730965], [-73.98323430956144, 40.73065048461836], [-73.98323442824793, 40.730649250939095], [-73.98323460612247, 40.73064801726845], [-73.98323484318504, 40.73064678360641], [-73.98323512759579, 40.73064555895634], [-73.98323547119232, 40.730644343319966], [-73.98323587397233, 40.730643145702416], [-73.98323601730365, 40.73064276300718], [-73.9832363241027, 40.730641948091716], [-73.98323683341664, 40.7306407684998], [-73.98323739007873, 40.73063959791991], [-73.98323799408668, 40.73063844535702], [-73.98323865727814, 40.73063731081293], [-73.98323937965309, 40.730636194287605], [-73.98324013753628, 40.730635095777664], [-73.98325804218872, 40.73061046047141], [-73.98327269036257, 40.73059030922134], [-73.98330619046824, 40.73054426208107], [-73.98333970236526, 40.73049821493246], [-73.98337321421366, 40.73045217677896], [-73.983406726018, 40.730406129610266], [-73.98344023777608, 40.73036008243153], [-73.98347374948779, 40.730314035242785], [-73.98350726115096, 40.730267997049054], [-73.98354077277004, 40.73022194984021], [-73.98357428434288, 40.730175902621305], [-73.98359311237435, 40.730150051706715], [-73.98360716825715, 40.73013076481658], [-73.98360786689666, 40.73012984639737], [-73.98360838198393, 40.730129215214255], [-73.98360860104427, 40.73012894599338], [-73.98360938253748, 40.73012806360632], [-73.98361021137629, 40.73012719923612], [-73.9836110638835, 40.73012636188456], [-73.98361196373632, 40.73012554254991], [-73.98361289909504, 40.73012475023553], [-73.98361385812434, 40.730123975934745], [-73.98361486449483, 40.73012323766096], [-73.98361589453583, 40.730122517400716], [-73.98361696008058, 40.730121833165875], [-73.9836180611312, 40.730121175951304], [-73.9836191858524, 40.73012053675028], [-73.98362033423756, 40.73011994257801], [-73.98362151813059, 40.73011936732151], [-73.98362272569017, 40.73011882628765], [-73.98362335787834, 40.73011856252857], [-73.98362395691795, 40.73011831317292], [-73.98362519997217, 40.73011784508527], [-73.98362647853448, 40.73011739501282], [-73.98362776892318, 40.73011698996748], [-73.9836290711428, 40.730116611939046], [-73.98363039702858, 40.730116269934314], [-73.98363173474303, 40.730115963951576], [-73.98363308428833, 40.730115684985776], [-73.98363445749754, 40.73011545104871], [-73.98363583069796, 40.73011525313206], [-73.98363720389173, 40.73011508223056], [-73.98363860074947, 40.730114956357866], [-73.98363998576079, 40.730114866503804], [-73.98364138260304, 40.73011480366666], [-73.98364279127176, 40.73011478585661], [-73.98364418809412, 40.730114804065195], [-73.98364438459507, 40.730114811297135], [-73.98364558490758, 40.73011485829408], [-73.98364696987475, 40.73011494854164], [-73.98364836667281, 40.73011506580609], [-73.98364975162231, 40.73011522809429], [-73.9836511247254, 40.730115426401085], [-73.98365248598222, 40.73011566072654], [-73.98365383539269, 40.730115931070664], [-73.98365518479433, 40.7301162374351], [-73.98365651051432, 40.73011657081142], [-73.98365781254822, 40.7301169492098], [-73.98365911457554, 40.7301173546234], [-73.9836603810815, 40.73011779605229], [-73.98366163574336, 40.73011826449474], [-73.98366198254763, 40.73011840682428], [-73.98366286672129, 40.73011876895415], [-73.98370290885025, 40.730135893294786], [-73.9837140231183, 40.73014064955209], [-73.98376509669495, 40.730162494095225], [-73.98381615846755, 40.73018433861396], [-73.98386722027364, 40.730206183109985], [-73.98391828211325, 40.73022802758331], [-73.98397722712254, 40.73025263769217], [-73.98403617217751, 40.730277238765645], [-73.98409512911135, 40.73030184881562], [-73.98415407425338, 40.73032644982859], [-73.98421301943681, 40.73035105981637], [-73.98427196466378, 40.730375669773935], [-73.98433090993638, 40.73040027069612], [-73.98435716190112, 40.730411231652326], [-73.98438985525041, 40.730424880593176], [-73.98444881244765, 40.73044948145645], [-73.98450775784876, 40.73047409129299], [-73.98456670329549, 40.73049869209413], [-73.98462851314746, 40.73052474306604], [-73.98469031121023, 40.73055079400313], [-73.98475212115885, 40.73057684490851], [-73.98481391932025, 40.73060288677396], [-73.98487572936557, 40.730628937612785], [-73.98493753945917, 40.73065498841835], [-73.98499933776353, 40.73068103918909], [-73.98506114795579, 40.73070708092304], [-73.98512230245147, 40.73073285598852], [-73.98512295819435, 40.73073313162884], [-73.98518475664368, 40.73075918229978], [-73.98524656697889, 40.73078523293899], [-73.98530837736446, 40.73081127453985], [-73.98537017595869, 40.73083732511102], [-73.98543198643894, 40.730863375650436], [-73.98549378512979, 40.73088942615506], [-73.98554733370354, 40.73091233281698], [-73.98560087047643, 40.73093523945243], [-73.98565440728608, 40.73095814606292], [-73.98570794413065, 40.73098106165354], [-73.98574812460004, 40.73099827985131], [-73.98575774064422, 40.73100240086694], [-73.98575892429795, 40.731002932313274], [-73.98576008427054, 40.731003490771926], [-73.98576122056015, 40.73100408524799], [-73.98576232133098, 40.73100470673484], [-73.98576316051256, 40.73100521922788], [-73.9857633984188, 40.73100536423914], [-73.98576445182746, 40.73100603975066], [-73.98576546971535, 40.73100675127812], [-73.98576645208645, 40.73100748081136], [-73.98576739893687, 40.73100824636054], [-73.98576831027043, 40.7310090299154], [-73.98576918608522, 40.73100984048121], [-73.98577002638316, 40.73101066905278], [-73.98577081932655, 40.731011515628644], [-73.98577158858886, 40.73101238921685], [-73.985772298659, 40.73101328080786], [-73.98577298504995, 40.73101419040613], [-73.98577362408444, 40.731015127013805], [-73.98577421576827, 40.73101606361564], [-73.98577477193331, 40.73101702722831], [-73.98577526890806, 40.731017999838734], [-73.98577573036597, 40.73101899045496], [-73.98577615631086, 40.7310199810668], [-73.98577652306354, 40.731020989681504], [-73.98577684246354, 40.731022007295444], [-73.98577712634865, 40.73102303391002], [-73.98577714054025, 40.73102309784791], [-73.98577735104348, 40.73102406952244], [-73.98577754022527, 40.731025105130435], [-73.98577768205426, 40.7310261506382], [-73.98577776469524, 40.731027194337585], [-73.985777811823, 40.731028238933135], [-73.98577779976237, 40.731029283521394], [-73.98577774035104, 40.731030328103785], [-73.98577764542668, 40.73103137268174], [-73.98577749131391, 40.73103241725245], [-73.98577728985234, 40.731033452812206], [-73.98577717136506, 40.73103397058988], [-73.98577705287775, 40.73103448836759], [-73.98577675671858, 40.73103550590546], [-73.98577641320875, 40.731036523437496], [-73.9857762817361, 40.73103687191799], [-73.98577603418775, 40.731037531960084], [-73.98577560781985, 40.73103852246663], [-73.98577513410315, 40.73103950396226], [-73.98577461303763, 40.73104047644689], [-73.98577404462524, 40.73104143091558], [-73.98577344070362, 40.73104236736969], [-73.9857727894332, 40.731043294812864], [-73.9857577630041, 40.73106394161242], [-73.98574039201566, 40.7310878029346], [-73.98571038644522, 40.73112915956447], [-73.98568038083947, 40.73117050718123], [-73.98565037519649, 40.73121185478995], [-73.98562036951432, 40.73125321139567], [-73.98559036379667, 40.73129455988877], [-73.98555909099898, 40.731337779471254], [-73.98552781816046, 40.73138099994555], [-73.98549654528139, 40.73142422041103], [-73.98548598519827, 40.73143881812157], [-73.98546527235983, 40.73146744987286], [-73.98543399939962, 40.73151067032089], [-73.98541560979966, 40.731536044317735], [-73.9854039389627, 40.73155217364447], [-73.9854032829516, 40.7315530803732], [-73.98540261984513, 40.73155395378222], [-73.98540192122924, 40.73155480917656], [-73.98540118710595, 40.73155563755112], [-73.98540041747128, 40.7315564569161], [-73.9853996123292, 40.73155724926136], [-73.98539877167775, 40.73155802359192], [-73.98539789551889, 40.73155877090273], [-73.98539698385062, 40.73155950019886], [-73.985396036675, 40.73156020247519], [-73.98539506582769, 40.73156088673839], [-73.98539405947496, 40.73156153497674], [-73.9853930294506, 40.731562165201915], [-73.98539196391883, 40.73156276840733], [-73.98539142523803, 40.731563051999096], [-73.98539088655723, 40.73156333559089], [-73.98538977368815, 40.73156387575469], [-73.98538968607996, 40.731563915365946], [-73.98538863714944, 40.7315643889002], [-73.98538747694109, 40.73156487502746], [-73.9853862930629, 40.73156533503701], [-73.98538509735725, 40.73156574821855], [-73.9853838898175, 40.73156614428895], [-73.98538264677234, 40.73156650433448], [-73.98538140373505, 40.73156682835969], [-73.98538013702813, 40.731567125366624], [-73.98537887032917, 40.7315673863532], [-73.98537757996249, 40.731567611316436], [-73.98537628960173, 40.73156780926442], [-73.98537497557332, 40.73156797118904], [-73.98537367339058, 40.73156809709481], [-73.98537235937805, 40.73156818697873], [-73.9853710335336, 40.731568249845886], [-73.98536971953483, 40.73156827669419], [-73.9853683937062, 40.73156826752066], [-73.98536707972329, 40.731568222328264], [-73.98536576574826, 40.731568141115524], [-73.98536445178114, 40.73156802388247], [-73.98536313781995, 40.73156787963412], [-73.98536184754222, 40.73156769936844], [-73.98536065788976, 40.73156750020484], [-73.98536055727249, 40.73156748308243], [-73.98535926700862, 40.73156723978113], [-73.98535800042823, 40.7315669604625], [-73.98535674569355, 40.731566645125056], [-73.9853555146404, 40.73156630277534], [-73.98535428359516, 40.731565924405274], [-73.98535307623337, 40.731565510017866], [-73.98535189255308, 40.73156506861823], [-73.9853507325543, 40.73156460020634], [-73.98534690694007, 40.731562990511264], [-73.9853114229561, 40.731548061866135], [-73.98528894512101, 40.73153859465428], [-73.98522726426587, 40.73151263410806]], [[-73.98556801441669, 40.73116225170059], [-73.9856472608956, 40.731051540498974], [-73.98566653681456, 40.73105965648043], [-73.98567028546942, 40.73106123463765], [-73.98567336413733, 40.731057187235585], [-73.9856957519624, 40.7310277533004], [-73.98569678218264, 40.73102615862801], [-73.98569698498729, 40.731024386452724], [-73.98569633546576, 40.73102267720712], [-73.98569491880018, 40.73102125963094], [-73.98569458382757, 40.73102110290088], [-73.98569461224629, 40.73102106418254], [-73.98569353866613, 40.73102061199395], [-73.98569292671976, 40.731020325556266], [-73.98565494203399, 40.73100359838989], [-73.98556146056225, 40.73096243077158], [-73.9853230664433, 40.73086076925552], [-73.98518385653851, 40.73079845335588], [-73.98503898315954, 40.73073360162044], [-73.98469593415787, 40.73059163190781], [-73.98454826467844, 40.73053103408377], [-73.98433665882082, 40.73044320321906], [-73.98414406512917, 40.730363263037994], [-73.98364758098944, 40.73015714555599], [-73.983644644261, 40.73015648956875], [-73.98364246245728, 40.73015709350004], [-73.98360401420148, 40.730209939775634], [-73.98358965159672, 40.73022968227871], [-73.98356675714464, 40.73026115088464], [-73.983532099256, 40.73030878823484], [-73.98349930281563, 40.73035386659601], [-73.9834643772102, 40.73040187219485], [-73.98346095496896, 40.73040187530538], [-73.98338395339208, 40.730508623099446], [-73.98327944575963, 40.730652918951975], [-73.98327769427786, 40.73065570487074], [-73.98349372717466, 40.730746347899924], [-73.9836865580158, 40.73082600463742], [-73.98368974864984, 40.73082441299054], [-73.98382132715726, 40.73087981011789], [-73.9839095323675, 40.730916945935704], [-73.98399370144075, 40.73095238186548], [-73.98399829517382, 40.73095431589542], [-73.98408394390144, 40.73099037511644], [-73.98423067260259, 40.73105214946709], [-73.9842958810791, 40.73107971663649], [-73.98461856979107, 40.731216133179295], [-73.98465030833869, 40.73122955048642], [-73.98484389197631, 40.73131138731223], [-73.98494098166418, 40.731352430812315], [-73.98503484125821, 40.7313921095404], [-73.98520031262377, 40.73146206080126], [-73.98531784466144, 40.73151174608507], [-73.98535339609535, 40.73146208037425], [-73.98537161998905, 40.73143661991723], [-73.98548113949285, 40.73128361850024], [-73.98556801441669, 40.73116225170059]]]]}, "properties": {"shape_area": "25979.1603519", "shape_leng": "3541.17998396", "feat_code": "3800", "status": "Unchanged", "sub_code": "380000", "source_id": "12380001677.0"}}, {"type": "Feature", "geometry": {"type": "MultiPolygon", "coordinates": [[[[-73.98662016729274, 40.72588460179113], [-73.98662216940305, 40.72588204367765], [-73.98663423060498, 40.725866631966056], [-73.9866625985001, 40.72587888848167], [-73.98665014910726, 40.72589404710819], [-73.986647311142, 40.72589750383322], [-73.98662016729274, 40.72588460179113]]]]}, "properties": {"shape_area": "69.9127633933", "shape_leng": "33.5301165528", "feat_code": "3800", "status": "New", "sub_code": "380000", "source_id": "0.0"}}, {"type": "Feature", "geometry": {"type": "MultiPolygon", "coordinates": [[[[-73.98625697331164, 40.726381306785285], [-73.98626020093958, 40.726376931597464], [-73.98627346546773, 40.726358950916214], [-73.98629752766755, 40.72636922498735], [-73.98628391150443, 40.72638761806257], [-73.98628109710158, 40.7263914205766], [-73.98625697331164, 40.726381306785285]]]]}, "properties": {"shape_area": "71.1408229335", "shape_leng": "33.9031882582", "feat_code": "3800", "status": "New", "sub_code": "380000", "source_id": "0.0"}}, {"type": "Feature", "geometry": {"type": "MultiPolygon", "coordinates": [[[[-73.98617508986979, 40.72649373453004], [-73.98617598735053, 40.72649254956801], [-73.98619131201069, 40.72647229535875], [-73.98621905526281, 40.72648374235019], [-73.98620390929564, 40.7265042361199], [-73.9862028839351, 40.72650562368133], [-73.98617508986979, 40.72649373453004]]]]}, "properties": {"shape_area": "79.8211405895", "shape_leng": "35.7440624117", "feat_code": "3800", "status": "New", "sub_code": "380000", "source_id": "0.0"}}, {"type": "Feature", "geometry": {"type": "MultiPolygon", "coordinates": [[[[-73.98575209855903, 40.72707272820216], [-73.9857664777194, 40.7270524181024], [-73.98579747142698, 40.72706454998298], [-73.9857832666384, 40.72708316625088], [-73.98575209855903, 40.72707272820216]]]]}, "properties": {"shape_area": "77.3734137997", "shape_leng": "35.3467085597", "feat_code": "3800", "status": "New", "sub_code": "380000", "source_id": "0.0"}}, {"type": "Feature", "geometry": {"type": "MultiPolygon", "coordinates": [[[[-73.98538584612031, 40.72757407841757], [-73.98538677086597, 40.727572843036846], [-73.98540412197637, 40.727549662538785], [-73.98540414447352, 40.72754963192435], [-73.98543286567168, 40.7275615754078], [-73.98541659059943, 40.72758456423806], [-73.985415361532, 40.72758630026336], [-73.98538584612031, 40.72757407841757]]]]}, "properties": {"shape_area": "94.1320527366", "shape_leng": "38.8670273313", "feat_code": "3800", "status": "New", "sub_code": "380000", "source_id": "0.0"}}, {"type": "Feature", "geometry": {"type": "MultiPolygon", "coordinates": [[[[-73.98530515180865, 40.72768618329452], [-73.98532198658043, 40.727664364312574], [-73.98535197786434, 40.72767661685241], [-73.98533456549157, 40.72769824485726], [-73.98530515180865, 40.72768618329452]]]]}, "properties": {"shape_area": "86.1777956425", "shape_leng": "37.1545431854", "feat_code": "3800", "status": "New", "sub_code": "380000", "source_id": "0.0"}}, {"type": "Feature", "geometry": {"type": "MultiPolygon", "coordinates": [[[[-73.98487157331296, 40.7282819874873], [-73.98488463273361, 40.72826354138066], [-73.98491364997523, 40.72827593078311], [-73.98489943551043, 40.72829322859296], [-73.98489838644572, 40.72829450627722], [-73.98487157331296, 40.7282819874873]]]]}, "properties": {"shape_area": "69.987991217", "shape_leng": "33.5565650833", "feat_code": "3800", "status": "New", "sub_code": "380000", "source_id": "0.0"}}, {"type": "Feature", "geometry": {"type": "MultiPolygon", "coordinates": [[[[-73.98452760089373, 40.72875212978849], [-73.98454325450885, 40.72873169484665], [-73.98457307814559, 40.72874349460919], [-73.9845587049506, 40.728765566851514], [-73.98452760089373, 40.72875212978849]]]]}, "properties": {"shape_area": "84.5100486465", "shape_leng": "36.8221937179", "feat_code": "3800", "status": "New", "sub_code": "380000", "source_id": "0.0"}}, {"type": "Feature", "geometry": {"type": "MultiPolygon", "coordinates": [[[[-73.98444289871779, 40.72887117912808], [-73.98444574769009, 40.728867240688125], [-73.98446188830611, 40.728844935466924], [-73.98446216065155, 40.72884455909108], [-73.98449098684523, 40.72885462075837], [-73.98448942026813, 40.728856783569135], [-73.98447326190441, 40.72887908068716], [-73.98447124181236, 40.72888186748903], [-73.98444289871779, 40.72887117912808]]]]}, "properties": {"shape_area": "98.1769094858", "shape_leng": "39.9642964677", "feat_code": "3800", "status": "New", "sub_code": "380000", "source_id": "0.0"}}, {"type": "Feature", "geometry": {"type": "MultiPolygon", "coordinates": [[[[-73.98400963957614, 40.729467917453256], [-73.9840170476439, 40.729457118682426], [-73.9840255628929, 40.72944470545274], [-73.98405599604756, 40.72945790752439], [-73.98405023294536, 40.72946559616901], [-73.9840475722317, 40.72946914650575], [-73.98404567409015, 40.7294716784729], [-73.98404518268109, 40.729472333975075], [-73.98403895895432, 40.729480636702135], [-73.98400963957614, 40.729467917453256]]]]}, "properties": {"shape_area": "90.8667040911", "shape_leng": "38.1361992082", "feat_code": "3800", "status": "New", "sub_code": "380000", "source_id": "0.0"}}, {"type": "Feature", "geometry": {"type": "MultiPolygon", "coordinates": [[[[-73.98362958261471, 40.72999095775638], [-73.9836453043928, 40.72997002226696], [-73.98364534938989, 40.72996996283976], [-73.98367100802044, 40.72998089775407], [-73.98367098196933, 40.72998093287022], [-73.98365547324137, 40.73000199176306], [-73.98362958261471, 40.72999095775638]]]]}, "properties": {"shape_area": "72.1306688805", "shape_leng": "33.994861207", "feat_code": "3800", "status": "New", "sub_code": "380000", "source_id": "0.0"}}, {"type": "Feature", "geometry": {"type": "MultiPolygon", "coordinates": [[[[-73.98354497789529, 40.7301099388914], [-73.98355751200152, 40.73009333440459], [-73.98356146583872, 40.730088096711135], [-73.98358578466315, 40.73009834706653], [-73.98358190893447, 40.73010366761871], [-73.98357931919428, 40.730107222457], [-73.98357731442482, 40.73010997502556], [-73.98356973940236, 40.73012037571862], [-73.98354497789529, 40.7301099388914]]]]}, "properties": {"shape_area": "71.3445345917", "shape_leng": "33.903315771", "feat_code": "3800", "status": "New", "sub_code": "380000", "source_id": "0.0"}}, {"type": "Feature", "geometry": {"type": "MultiPolygon", "coordinates": [[[[-73.98749909432863, 40.724673222282036], [-73.98749932520498, 40.724672882815156], [-73.98751334118865, 40.72465218883442], [-73.98754457549438, 40.72466469038415], [-73.98753026952298, 40.72468538073515], [-73.98753009547903, 40.72468563015739], [-73.98749909432863, 40.724673222282036]]]]}, "properties": {"shape_area": "84.0146054092", "shape_leng": "36.7330021059", "feat_code": "3800", "status": "New", "sub_code": "380000", "source_id": "0.0"}}, {"type": "Feature", "geometry": {"type": "MultiPolygon", "coordinates": [[[[-73.98806073298553, 40.7239049278119], [-73.98806192994392, 40.72390326919793], [-73.98807013579525, 40.72389190562168], [-73.98807716481338, 40.7238821709442], [-73.98807767627301, 40.723881462296355], [-73.98810600599634, 40.72389212545491], [-73.9881053500794, 40.723893133057], [-73.98810004472726, 40.72390129112263], [-73.98809132244652, 40.72391470150516], [-73.98809041315988, 40.7239161008025], [-73.98806073298553, 40.7239049278119]]]]}, "properties": {"shape_area": "87.4149738979", "shape_leng": "37.4397062203", "feat_code": "3800", "status": "New", "sub_code": "380000", "source_id": "0.0"}}, {"type": "Feature", "geometry": {"type": "MultiPolygon", "coordinates": [[[[-73.9879662264559, 40.72403536214069], [-73.98797952205017, 40.72401719215355], [-73.98798217761632, 40.72401356337852], [-73.98798251977358, 40.724013095149424], [-73.98801151344173, 40.72401784475619], [-73.9880101080838, 40.72401992028366], [-73.98800763242754, 40.724023577894314], [-73.98799564840147, 40.72404127795559], [-73.9879662264559, 40.72403536214069]]]]}, "properties": {"shape_area": "76.0571855608", "shape_leng": "35.544217366", "feat_code": "3800", "status": "New", "sub_code": "380000", "source_id": "0.0"}}, {"type": "Feature", "geometry": {"type": "MultiPolygon", "coordinates": [[[[-73.97850017054873, 40.73155411191415], [-73.97848086519696, 40.7315367573135], [-73.97846368623391, 40.73152208752265], [-73.9784609867849, 40.73151978171643], [-73.9784417436306, 40.73150416690294], [-73.97844054714692, 40.7315031959309], [-73.97842760105127, 40.731493211371394], [-73.97841956048524, 40.73148700986489], [-73.9784091244278, 40.731479359891296], [-73.97840937069631, 40.7314792266622], [-73.97841033448172, 40.73147863430844], [-73.97841124737876, 40.73147799872073], [-73.97841210820339, 40.73147732079932], [-73.9784129122193, 40.7314766041454], [-73.97841365587428, 40.73147585145985], [-73.97841418048236, 40.731475248217606], [-73.9784143391675, 40.731475065444144], [-73.97841495736263, 40.73147424969947], [-73.97841550809164, 40.731473406026375], [-73.97841599016951, 40.73147253802669], [-73.97841640122753, 40.731471649302], [-73.97841722681588, 40.7314664607277], [-73.97841812816344, 40.73146127937164], [-73.97841910526985, 40.73145610613433], [-73.97842015813484, 40.73145094191627], [-73.97842128557454, 40.7314457867173], [-73.97842248758899, 40.73144064053736], [-73.97842376536133, 40.73143550517768], [-73.97842511770752, 40.73143038153856], [-73.97842654462781, 40.731425268719505], [-73.97842804493779, 40.7314201685213], [-73.97842962100479, 40.731415081844865], [-73.97843127046146, 40.731410007789314], [-73.97843299330695, 40.73140494905605], [-73.97843479072532, 40.73139990474492], [-73.97843666034866, 40.73139487575592], [-73.97843860454427, 40.73138986298997], [-73.97844062094451, 40.73138486644665], [-73.97844270954889, 40.73137988792701], [-73.97844487154138, 40.7313749265307], [-73.97844710455385, 40.731369984058304], [-73.97844940976981, 40.73136506141056], [-73.97845178718944, 40.731360157686964], [-73.97845423562849, 40.73135527468832], [-73.9784567550869, 40.73135041241458], [-73.97845934438052, 40.73134557176603], [-73.97846200587672, 40.73134075364365], [-73.97846473602408, 40.73133595804674], [-73.97846753600633, 40.73133118497555], [-73.97847040582273, 40.731326437131564], [-73.97847334428997, 40.73132171271356], [-73.97847635140714, 40.73131701442306], [-73.97848242206327, 40.731308850648254], [-73.9784885566326, 40.73130071480085], [-73.97849475511484, 40.73129260778133], [-73.97850101632679, 40.73128452778844], [-73.9785073414516, 40.73127647662335], [-73.97851372930523, 40.73126845518641], [-73.97852017870449, 40.73126046167633], [-73.97852669083245, 40.73125249789439], [-73.97853326568925, 40.73124456384051], [-73.97853990209072, 40.731236660415], [-73.97854660003716, 40.73122878671736], [-73.97855335952823, 40.73122094364808], [-73.97856018056397, 40.731213131207134], [-73.97856706196058, 40.731205349394244], [-73.97857400371744, 40.73119760001053], [-73.97858100701863, 40.7311898821556], [-73.97858806949661, 40.73118219582905], [-73.97859519233482, 40.73117454193156], [-73.97860237434953, 40.731166920462904], [-73.97860961554065, 40.731159331423136], [-73.97861691709167, 40.73115177571294], [-73.97862427663514, 40.73114425333179], [-73.97863169535441, 40.73113676518045], [-73.9786391708823, 40.73112931035803], [-73.97864670558597, 40.731121889765376], [-73.9786479478353, 40.73112040685841], [-73.9786491285378, 40.73111889512378], [-73.97865024414153, 40.73111735636179], [-73.97865129701411, 40.7311157905729], [-73.97865228360311, 40.73111420135851], [-73.97865320272471, 40.731112588718375], [-73.97865405556212, 40.731110954453754], [-73.9786548397469, 40.73110930126575], [-73.97865555527909, 40.731107629154295], [-73.97865619979002, 40.73110594172103], [-73.97865677446319, 40.731104239866696], [-73.97865727811445, 40.731102524491554], [-73.97865771074306, 40.731100798297206], [-73.9786580699808, 40.73109906308411], [-73.97865835819502, 40.73109731975331], [-73.97865857301733, 40.731095571005795], [-73.9786587144473, 40.7310938177422], [-73.97865878366801, 40.73109206266417], [-73.97865877949528, 40.73109030667206], [-73.97865870192868, 40.73108855156678], [-73.97865855215099, 40.73108680005023], [-73.97865832897818, 40.73108505302262], [-73.97865806194828, 40.7310834860885], [-73.97870086599696, 40.7311089288732], [-73.97870132639562, 40.73110920271288], [-73.978720952066, 40.731120447387376], [-73.97872837897226, 40.73112435336394], [-73.97878455990156, 40.731186263773914], [-73.97880455314579, 40.7311808355892], [-73.97886265415751, 40.73116846607976], [-73.97887546137038, 40.7311721929326], [-73.97888695241812, 40.731175332411226], [-73.97890138251438, 40.73117927568075], [-73.97892274439087, 40.73118442599817], [-73.97893949966165, 40.73118759435078], [-73.97895521485792, 40.73118931179182], [-73.97897496451728, 40.731190484259386], [-73.97888500263683, 40.73120183491574], [-73.97882325552386, 40.73120694746947], [-73.97881584461231, 40.731208537304596], [-73.97880845144057, 40.73121017847154], [-73.97880107600936, 40.731211869169265], [-73.97879372068577, 40.73121361029863], [-73.97878638428608, 40.73121540185951], [-73.9787790679944, 40.731217242951566], [-73.97877177299432, 40.731219133575046], [-73.97876449928567, 40.73122107463047], [-73.97875724923654, 40.73122306431723], [-73.97875002047908, 40.731225103535465], [-73.97874281656479, 40.73122719138523], [-73.97873563749377, 40.731229327866636], [-73.97872848326601, 40.73123151297961], [-73.97872135388108, 40.731233747624685], [-73.97871425170753, 40.731236029100785], [-73.97870717674463, 40.73123835920892], [-73.97870013017656, 40.73124073704883], [-73.9786931108197, 40.731243161719796], [-73.97868612104138, 40.731245634122764], [-73.97867916202536, 40.73124815425788], [-73.97867223258835, 40.73125072032403], [-73.97866533509772, 40.73125333322208], [-73.97865846836986, 40.73125599205139], [-73.97865163477209, 40.73125869771283], [-73.97864483312082, 40.73126144930572], [-73.97863806696778, 40.731264245930234], [-73.97863133394533, 40.731267087585884], [-73.978624636421, 40.73126997427317], [-73.97862062744238, 40.73127223830748], [-73.9786166622486, 40.73127454737518], [-73.97861274320752, 40.731276900576205], [-73.9786088691353, 40.731279297910405], [-73.97860504358387, 40.73128173757734], [-73.97860126418541, 40.73128422047715], [-73.97859753449154, 40.731286745709966], [-73.97859385450249, 40.731289312375274], [-73.97859022421831, 40.731291920473076], [-73.97858664482297, 40.731294569103135], [-73.97858311750066, 40.7312972573651], [-73.9785796422516, 40.731299984358564], [-73.97857622144306, 40.73130275098437], [-73.97857285389188, 40.73130555544135], [-73.97856954078203, 40.731308396829185], [-73.97856628448082, 40.73131127604888], [-73.97856308262133, 40.73131419129891], [-73.97855993875483, 40.731317142580004], [-73.97855685288191, 40.73132012809111], [-73.97855382500255, 40.7313231478323], [-73.97855085630054, 40.731326201803725], [-73.97854794677625, 40.731329289104906], [-73.97854509761389, 40.73133240793501], [-73.9785423088133, 40.73133555919464], [-73.97853958274257, 40.731338741083164], [-73.97853691821824, 40.73134195269986], [-73.97853431523997, 40.73134519494526], [-73.97853177735998, 40.73134846511851], [-73.97852930221049, 40.73135176411963], [-73.97852689097576, 40.731355090147915], [-73.97852454483966, 40.73135844320349], [-73.97852226498624, 40.73136182238613], [-73.97852005023205, 40.73136522679512], [-73.97851790176107, 40.73136865553013], [-73.97851581957367, 40.73137210769072], [-73.97851380485362, 40.73137558327705], [-73.97851185878494, 40.73137908138889], [-73.97850998018457, 40.73138260022493], [-73.9785081702359, 40.731386140685984], [-73.97850642893953, 40.73138970097103], [-73.97850475747985, 40.731393279279196], [-73.9785031546725, 40.73139687741137], [-73.97850162288596, 40.73140049266644], [-73.97850016093666, 40.731404124143666], [-73.97849877000847, 40.731407771843244], [-73.97849745010134, 40.731411435765274], [-73.9784962012162, 40.73141511320816], [-73.97849502335303, 40.7314188041719], [-73.97849391769563, 40.73142250865679], [-73.97849288424462, 40.731426224861714], [-73.97849192300025, 40.73142995188624], [-73.97849103396254, 40.7314336897303], [-73.9784902183159, 40.73143743659318], [-73.97848947487623, 40.7314411933751], [-73.97848880482817, 40.73144495737484], [-73.9784882081721, 40.73144872769181], [-73.97848768372394, 40.731452505226315], [-73.97848723266803, 40.731456288177625], [-73.97848685618847, 40.7314600756454], [-73.97848655310146, 40.73146386762939], [-73.97848632340798, 40.731467661428105], [-73.97848667365429, 40.73147179662787], [-73.97848709847996, 40.73147592733899], [-73.97848759551773, 40.73148005266058], [-73.9784881671352, 40.731484172593014], [-73.97848881096508, 40.73148828623539], [-73.97848952700774, 40.73149239268717], [-73.97849031763128, 40.7314964901478], [-73.97849117928406, 40.73150057951708], [-73.97849211433399, 40.73150465989504], [-73.97849312159792, 40.73150872948032], [-73.97849420225955, 40.731512788273264], [-73.97849535276815, 40.73151683447204], [-73.97849657667489, 40.73152086897795], [-73.97849787161267, 40.73152488998946], [-73.97849923758186, 40.731528896606115], [-73.97850067458246, 40.73153288882785], [-73.97850218379888, 40.73153686485393], [-73.97850376167945, 40.731540825584126], [-73.97850541059265, 40.731544768317434], [-73.97850712935434, 40.73154869395404], [-73.97850891796497, 40.731552601593535], [-73.97851077524147, 40.73155648853408], [-73.97851270118342, 40.73156035657678], [-73.97851469697513, 40.73156420392077], [-73.97851676024933, 40.731568029665084], [-73.97851889100606, 40.731571833809745], [-73.97850017054873, 40.73155411191415]], [[-73.97864686053929, 40.73122200831563], [-73.97870058895147, 40.73120905905019], [-73.97876156080045, 40.7311925072614], [-73.9787128598614, 40.731138840576484], [-73.97864162188927, 40.73121237100395], [-73.97863681504532, 40.73121835128893], [-73.97863681419338, 40.73122100868895], [-73.97863943463632, 40.73122233922594], [-73.97864686053929, 40.73122200831563]]]]}, "properties": {"shape_area": "4467.2360568", "shape_leng": "637.887636621", "feat_code": "3800", "status": "Updated", "sub_code": "380010", "source_id": "12380001006.0"}}, {"type": "Feature", "geometry": {"type": "MultiPolygon", "coordinates": [[[[-73.98232051190551, 40.73139269014035], [-73.98232030843228, 40.73139217771985], [-73.9823191490241, 40.73138957507272], [-73.98231787122668, 40.73138701743282], [-73.98231763458656, 40.73138658515246], [-73.9823164868825, 40.731384486791804], [-73.98231498415144, 40.73138199215289], [-73.98231337486891, 40.73137954252305], [-73.98231164719719, 40.73137713790037], [-73.98231059754806, 40.73137578787714], [-73.98230988989273, 40.731374878255], [-73.98230981297395, 40.73137477828676], [-73.98230852425472, 40.73137323191595], [-73.98230788403696, 40.731372463683996], [-73.98230583670845, 40.731370203093455], [-73.9823037065015, 40.73136799652067], [-73.98230339879925, 40.73136769930563], [-73.98230292067662, 40.731367239972904], [-73.9823014697407, 40.73136584396196], [-73.98229913826148, 40.7313637544242], [-73.9822967120637, 40.731361727907476], [-73.98229419114749, 40.73135976441166], [-73.98229159918581, 40.7313578729456], [-73.98228891250568, 40.731356044500444], [-73.98228614294237, 40.731354288083175], [-73.98228330233368, 40.73135260369554], [-73.98228037884178, 40.73135099133576], [-73.98227739613985, 40.73134946001256], [-73.98227434239006, 40.73134800972408], [-73.98227121759486, 40.73134663146524], [-73.98226804542485, 40.731345343249906], [-73.98221252089554, 40.73132181340833], [-73.98210094878768, 40.73127452843624], [-73.98212251549423, 40.73124086267943], [-73.98223652485007, 40.73128851631476], [-73.98234900510239, 40.73133553384366], [-73.98235132622473, 40.73133650404693], [-73.98236077997596, 40.73134045422455], [-73.98238282295122, 40.731349665296925], [-73.9823841012527, 40.73135032286358], [-73.98238535587164, 40.73135100744181], [-73.9823865749679, 40.73135172803498], [-73.98238777038156, 40.731352475639746], [-73.98238893027248, 40.73135325925941], [-73.98239004280539, 40.73135406988707], [-73.98239111981799, 40.73135490752451], [-73.98239216130789, 40.73135578117686], [-73.98239316727985, 40.73135667283397], [-73.98239412589137, 40.731357600504126], [-73.98239504898491, 40.73135854617903], [-73.98239592472282, 40.73135950985682], [-73.9823967531003, 40.73136050954773], [-73.98239679451814, 40.731360563584566], [-73.98239753412449, 40.73136151823649], [-73.9823982677906, 40.73136255393324], [-73.98239896593877, 40.731363607634705], [-73.98239960489589, 40.7313646703322], [-73.98240019649496, 40.731365760037725], [-73.98240074074067, 40.73136685874111], [-73.98240123763074, 40.73136797544741], [-73.98240167532975, 40.7313691011497], [-73.98240206567544, 40.731370235849866], [-73.98240240866546, 40.73137138855297], [-73.98240269246679, 40.731372541247055], [-73.98240291707705, 40.73137370293711], [-73.98240310617149, 40.73137487452736], [-73.98240312152085, 40.73137502491459], [-73.98240322423997, 40.73137604430576], [-73.982403306795, 40.7313772149792], [-73.98240331832123, 40.731378394646896], [-73.98240329433662, 40.731379565304096], [-73.98240319932317, 40.731380744955516], [-73.9824030687989, 40.73138191559639], [-73.98240286725054, 40.731383077221366], [-73.98240261835123, 40.7313842388391], [-73.98240232210094, 40.73138540044958], [-73.98240197850444, 40.731386544042664], [-73.98240157572158, 40.73138767862163], [-73.98240111375239, 40.73138880418646], [-73.98240061627472, 40.73138991173569], [-73.98240005961075, 40.73139101027077], [-73.9823994556005, 40.73139209078847], [-73.98239879240627, 40.73139315328695], [-73.98239809370118, 40.73139420677493], [-73.98239734765224, 40.73139523324036], [-73.98238286722818, 40.73141502329876], [-73.98232051190551, 40.73139269014035]]]]}, "properties": {"shape_area": "1456.96950968", "shape_leng": "218.341621118", "feat_code": "3800", "status": "Unchanged", "sub_code": "380000", "source_id": "12380000137.0"}}, {"type": "Feature", "geometry": {"type": "MultiPolygon", "coordinates": [[[[-73.9801678592271, 40.73046014852666], [-73.98018929612563, 40.730423536642014], [-73.98021388201603, 40.73043401288214], [-73.98023708309304, 40.7304438990463], [-73.9802504507611, 40.73044959435427], [-73.98025122009403, 40.730449963694696], [-73.98025196574376, 40.73045036004631], [-73.98025268771038, 40.730450783409104], [-73.98025339783676, 40.73045121577495], [-73.98025408428269, 40.7304516661469], [-73.98025474704812, 40.730452134524946], [-73.98025538613041, 40.730452629914154], [-73.98025601337247, 40.73045313430645], [-73.98025660509916, 40.73045364769773], [-73.9802571849802, 40.73045418810223], [-73.98025772934592, 40.73045473750574], [-73.98025826186874, 40.73045530491738], [-73.98025875887618, 40.73045588132801], [-73.98025923220314, 40.73045647574474], [-73.98025967001469, 40.73045707916043], [-73.98026008414845, 40.73045769157717], [-73.98026047460174, 40.730458322000054], [-73.98026082954229, 40.73045895241682], [-73.98026116080236, 40.7304596008397], [-73.9802614683873, 40.73046024925853], [-73.98026172861658, 40.73046091567941], [-73.98026197700804, 40.73046158299875], [-73.98026217804707, 40.730462257514006], [-73.98026235541067, 40.730462932925796], [-73.98026250909646, 40.73046361733855], [-73.98026262726952, 40.73046430174524], [-73.98026270992985, 40.73046498614586], [-73.98026275707478, 40.73046567954546], [-73.98026278054456, 40.73046637294098], [-73.98026278033919, 40.73046706633245], [-73.98026273278617, 40.730467750710744], [-73.98026266155532, 40.73046844409005], [-73.98026255481442, 40.73046912845818], [-73.98026242439835, 40.730469812822285], [-73.98026225491853, 40.73047049627912], [-73.98026205703066, 40.73047117252706], [-73.98026183191928, 40.73047183886475], [-73.98026157129519, 40.730472505196325], [-73.98026128699857, 40.73047316251878], [-73.98026096719188, 40.730473810830055], [-73.98026062371271, 40.730474450132185], [-73.98026024472345, 40.73047508042311], [-73.98025984206438, 40.730475692699834], [-73.98025940389255, 40.73047630497047], [-73.98025894441817, 40.73047690012781], [-73.98025845653673, 40.730477484474164], [-73.98025794735274, 40.7304780517072], [-73.98025740265867, 40.73047860992906], [-73.98025684612973, 40.73047915914381], [-73.980256254096, 40.73047968133719], [-73.98025563838976, 40.73048019452143], [-73.98025501085127, 40.73048068969348], [-73.98025434780537, 40.73048116684928], [-73.98025367292722, 40.730481625992866], [-73.98025297437923, 40.730482067122225], [-73.9802522521614, 40.730482490237364], [-73.98025151811134, 40.73048289534028], [-73.9802507603915, 40.73048328242896], [-73.98024997900443, 40.7304836424983], [-73.98024919762268, 40.73048398455749], [-73.98024839257111, 40.730484308602456], [-73.98024757568729, 40.7304846146352], [-73.98024673513632, 40.730484893648644], [-73.98024589459334, 40.73048514564683], [-73.98024504221817, 40.7304853796328], [-73.9802441780107, 40.73048559560656], [-73.98024330197364, 40.73048578456305], [-73.98024241410701, 40.73048594650225], [-73.98024152624572, 40.730486090431256], [-73.9802406265522, 40.73048621634804], [-73.98023972686934, 40.73048630624451], [-73.98023882719187, 40.73048637813079], [-73.98023791568478, 40.730486422999796], [-73.98023701602062, 40.73048644986063], [-73.98023610452688, 40.73048644970419], [-73.98023519304117, 40.7304864225325], [-73.98023428156078, 40.73048637735062], [-73.98023338192604, 40.73048630515552], [-73.98023248229929, 40.73048620594517], [-73.98023158267785, 40.730486088724604], [-73.98023069490202, 40.73048594449085], [-73.98022981896912, 40.73048578224893], [-73.98022894304425, 40.73048559299178], [-73.98022807896497, 40.73048537672138], [-73.9802272148911, 40.73048514244081], [-73.98022637450036, 40.730484881149025], [-73.98021522726522, 40.73048016957505], [-73.98019198709613, 40.73047034643541], [-73.9801678592271, 40.73046014852666]]]]}, "properties": {"shape_area": "350.111878669", "shape_leng": "74.2554896239", "feat_code": "3800", "status": "Unchanged", "sub_code": "380000", "source_id": "12380000139.0"}}, {"type": "Feature", "geometry": {"type": "MultiPolygon", "coordinates": [[[[-73.97916107069845, 40.723859346955585], [-73.97917027527816, 40.72384609312454], [-73.9791774324196, 40.72383578718992], [-73.97947251729589, 40.723951497085466], [-73.97962488397806, 40.72372311537385], [-73.97964422217977, 40.72373111531685], [-73.97964647080835, 40.723732045039945], [-73.97966277573317, 40.72373879003416], [-73.9796363350915, 40.72377538566037], [-73.97963082884112, 40.72378300659696], [-73.97957142993634, 40.723865219774744], [-73.9795641912693, 40.72387523935739], [-73.97956018873687, 40.723881195515794], [-73.97950600053738, 40.723961826488356], [-73.97949225333953, 40.72398228271056], [-73.97945188647124, 40.72396666878763], [-73.97944675578879, 40.72397686253724], [-73.97916107069845, 40.723859346955585]]]]}, "properties": {"shape_area": "2033.93271724", "shape_leng": "414.069067492", "feat_code": "3800", "status": "Unchanged", "sub_code": "380010", "source_id": "12380000611.0"}}, {"type": "Feature", "geometry": {"type": "MultiPolygon", "coordinates": [[[[-73.98202469212909, 40.72771714567047], [-73.98198833378349, 40.72770231040997], [-73.98192588847192, 40.72767591571711], [-73.98186341954545, 40.72764948496624], [-73.98180095066847, 40.72762305418139], [-73.98173848184112, 40.72759662336255], [-73.98167601306332, 40.72757019250973], [-73.981613544335, 40.72754376162293], [-73.9815510756563, 40.727517330702135], [-73.98148860702715, 40.727490899747366], [-73.981426138445, 40.72746447776366], [-73.98136368175199, 40.727438046742826], [-73.98130121327148, 40.72741161568611], [-73.98123874484052, 40.727385184595384], [-73.98117660788053, 40.7273588075554], [-73.98111447096976, 40.72733243048178], [-73.98105234594777, 40.7273060443714], [-73.98099020913536, 40.72727966723053], [-73.98092807237215, 40.72725329005604], [-73.98089883970482, 40.72724088160138], [-73.98086593565812, 40.72722691284788], [-73.98080381083031, 40.72720053560812], [-73.98074167421467, 40.727174158332744], [-73.9806795376482, 40.72714778102378], [-73.98061740113094, 40.72712140368114], [-73.98055527649987, 40.7270950263069], [-73.98049314008095, 40.727068648897045], [-73.98043100371126, 40.72704227145354], [-73.98036886739078, 40.727015893976436], [-73.98030674295639, 40.726989516467725], [-73.98029476900656, 40.72698443374798], [-73.98024460673426, 40.72696313892335], [-73.98018247056129, 40.72693676134535], [-73.98013153105514, 40.726914185813875], [-73.98008060341778, 40.72689161926689], [-73.98004981963386, 40.72687790819181], [-73.98003445733632, 40.726871061661406], [-73.98003310811417, 40.72687043107121], [-73.98003179441366, 40.7268697644668], [-73.98003050439783, 40.72686906184611], [-73.9800292499037, 40.726868323211235], [-73.9800280190915, 40.72686755756517], [-73.9800268356379, 40.726866755906954], [-73.98002578711217, 40.726865998397095], [-73.98002568770323, 40.72686592723968], [-73.9800245752902, 40.72686506255813], [-73.9800235102331, 40.72686417086954], [-73.98002248069488, 40.726863252171825], [-73.98002149851256, 40.726862306467055], [-73.9800205636834, 40.72686134276035], [-73.98001966437586, 40.72686034303941], [-73.9800188124215, 40.72685932531648], [-73.98001800782039, 40.726858289591604], [-73.98001725057509, 40.72685722685972], [-73.98001655251988, 40.726856146127886], [-73.98001590299478, 40.726855069907], [-73.98001588879778, 40.726855045590796], [-73.98001528663204, 40.72685393065623], [-73.98001473063363, 40.72685280492364], [-73.98001423382533, 40.72685166119108], [-73.98001378437019, 40.72685049945657], [-73.98001339409973, 40.72684933773231], [-73.98001305118214, 40.72684815890665], [-73.9800127556156, 40.72684696928307], [-73.98001253107037, 40.72684578057231], [-73.98001235387558, 40.72684458286471], [-73.98001222403123, 40.72684337616024], [-73.98001215337155, 40.72684216946604], [-73.98001214188413, 40.72684100420552], [-73.98001214189654, 40.726840962782106], [-73.9800121896035, 40.72683976511357], [-73.98001228466089, 40.726838558448094], [-73.98001243890023, 40.726837360798015], [-73.98001264048732, 40.72683616315614], [-73.98001291309322, 40.726834974531734], [-73.98001322120726, 40.726833794918534], [-73.9800136003429, 40.726832615317676], [-73.98001401498391, 40.72683145373313], [-73.98001450064108, 40.72683031017113], [-73.98001502180904, 40.72682916661525], [-73.98001560215353, 40.726828050084926], [-73.9800159787637, 40.726827397281355], [-73.98001624167996, 40.72682694256995], [-73.98001691671176, 40.726825853071354], [-73.98001765092279, 40.72682478159317], [-73.98005134113126, 40.72677754673727], [-73.9800837168267, 40.72673221171767], [-73.98011610431503, 40.726686876690714], [-73.98014847991966, 40.72664155065743], [-73.98017545205883, 40.72660378255663], [-73.980180855483, 40.72659621560965], [-73.98021324283911, 40.72655088055459], [-73.98024561831166, 40.72650555449314], [-73.98027799374277, 40.72646021941722], [-73.98031038096676, 40.72641488433396], [-73.98034275630712, 40.72636955824435], [-73.9803442601873, 40.72636752335085], [-73.98034772977113, 40.72636282058473], [-73.98035801299845, 40.72634888426158], [-73.98037643374883, 40.726323917189184], [-73.98038920961278, 40.726306603478804], [-73.98039046600215, 40.7263049017308], [-73.98041011114184, 40.72627828512897], [-73.98041930255091, 40.726265833553704], [-73.98042998243855, 40.726251364190055], [-73.98043392448692, 40.726246023941215], [-73.98044378848864, 40.7262326530586], [-73.98047745395252, 40.72618702097608], [-73.98051113120711, 40.72614138888548], [-73.98054480841557, 40.726095756784716], [-73.98057848557795, 40.726050124673804], [-73.98061216269419, 40.72600449255281], [-73.98064700039603, 40.72595669939506], [-73.98068183804791, 40.72590890622649], [-73.98071667564983, 40.72586111304708], [-73.98075151320178, 40.72581331985684], [-73.98077273333696, 40.72578324640044], [-73.98078439729332, 40.725766733011824], [-73.9807891291888, 40.72576002771062], [-73.98079844850933, 40.725746823300014], [-73.98081726949961, 40.72572015516028], [-73.980824363777, 40.72571011296457], [-73.98082497835374, 40.72570924317517], [-73.98085015349895, 40.72567356919641], [-73.98085570355059, 40.725665987833125], [-73.98086578055583, 40.72565222342626], [-73.98088383034502, 40.72562756688437], [-73.98088568944068, 40.725625018752396], [-73.9809175071444, 40.72558156546275], [-73.98095117206311, 40.725535555023896], [-73.98098484876945, 40.72548955358196], [-73.98101852542929, 40.7254435521299], [-73.98105220204528, 40.7253975416626], [-73.98108587861213, 40.72535154019027], [-73.98111954329583, 40.72530553870584], [-73.98115321976972, 40.72525953721321], [-73.98118689619972, 40.725213526705424], [-73.9812171741513, 40.725172189275376], [-73.98121959685783, 40.725168887503656], [-73.98122008708312, 40.72516821850533], [-73.98122084491206, 40.72516721005872], [-73.98122166191654, 40.725166228637036], [-73.98122251442322, 40.72516527423638], [-73.98122341427141, 40.72516433785369], [-73.98122436146106, 40.725163419488844], [-73.98122534415042, 40.725162537150155], [-73.9812263623446, 40.72516167282741], [-73.98122742787513, 40.72516084453275], [-73.98122852890789, 40.72516004325919], [-73.98122912795779, 40.72515963092365], [-73.98122965360633, 40.7251592690047], [-73.98123082564366, 40.725158521773174], [-73.98123203318076, 40.72515781056781], [-73.98123326438093, 40.72515713538664], [-73.9812338326213, 40.72515684461481], [-73.98123453108333, 40.72515648722652], [-73.98123582144888, 40.72515587509065], [-73.98123714731416, 40.72515529898089], [-73.9812384968451, 40.72515474989023], [-73.9812398700366, 40.725154245828875], [-73.98124125505451, 40.725153777789785], [-73.98124267557223, 40.72515334577683], [-73.98124410791642, 40.72515294978614], [-73.98124538636131, 40.72515263571673], [-73.98124556392348, 40.725152590720185], [-73.9812470199183, 40.72515227487861], [-73.98124849957605, 40.72515199596177], [-73.9812486877869, 40.72515196627565], [-73.98124999105774, 40.72515176207232], [-73.98125149436845, 40.725151555200014], [-73.98125300950055, 40.72515140236017], [-73.98125452462507, 40.72515127653556], [-73.98125603973693, 40.725151195736395], [-73.98125756667271, 40.72515115996461], [-73.98125909359841, 40.72515116021315], [-73.98126060867482, 40.72515120548518], [-73.98126213557772, 40.725151286779514], [-73.98126365063384, 40.725151404092244], [-73.98126516567481, 40.72515157543548], [-73.98126580009456, 40.725151660186555], [-73.98126665703492, 40.725151773790145], [-73.9812681483824, 40.72515201717022], [-73.98126962788307, 40.725152296568716], [-73.98127109553451, 40.72515262099075], [-73.9812725395026, 40.72515298142927], [-73.98127397162393, 40.725153377886194], [-73.98127539189848, 40.725153810361554], [-73.98127677665308, 40.72515427885147], [-73.9812781495584, 40.72515479236492], [-73.9812794987829, 40.72515533288977], [-73.98133824889425, 40.72518012443754], [-73.98139645463161, 40.7252046727299], [-73.98145467224599, 40.72522922999968], [-73.98151288990327, 40.72525378724001], [-73.98157110760596, 40.72527833544569], [-73.98162931351239, 40.72530289262506], [-73.98168252851995, 40.725325339988736], [-73.98168753129838, 40.725327449776785], [-73.98174574912973, 40.7253519978939], [-73.98180395516485, 40.72537655498477], [-73.98186217307955, 40.72540111204795], [-73.98192039103715, 40.72542566908165], [-73.98197860904008, 40.725450217080706], [-73.98203886278317, 40.72547555781584], [-73.98209912841112, 40.72550088951608], [-73.98215939408254, 40.72552623018974], [-73.9822196597998, 40.72555157083185], [-73.98227992556522, 40.725576902437176], [-73.98232742808499, 40.72559687672525], [-73.98234019137413, 40.72560224301597], [-73.98240045722888, 40.725627583563124], [-73.98246072313177, 40.72565291507363], [-73.98252098907815, 40.72567825555752], [-73.98258125507037, 40.72570359600978], [-73.9826333013974, 40.72572547363422], [-73.98264152111074, 40.72572892742537], [-73.98270178719463, 40.72575426781439], [-73.98276204148759, 40.72577960816999], [-73.98282230766546, 40.72580493949069], [-73.98288018309616, 40.72582936991524], [-73.9829380585716, 40.72585379130556], [-73.98299593408947, 40.72587821266667], [-73.98305380964975, 40.725902633998665], [-73.98311168525245, 40.72592705530143], [-73.9831695608953, 40.72595148558016], [-73.98322743658285, 40.725975906824594], [-73.9832853123128, 40.72600032803988], [-73.98334318808519, 40.72602474922595], [-73.98338164175757, 40.726041008969815], [-73.98338591675603, 40.72604281690832], [-73.98339706347235, 40.72604753087976], [-73.98339806948981, 40.72604797227422], [-73.9833990636615, 40.72604844968735], [-73.98340002231609, 40.7260489541106], [-73.98340096912938, 40.726049476542315], [-73.98340179758063, 40.72604997554373], [-73.98340188042562, 40.72605002598414], [-73.98340277987835, 40.72605060243954], [-73.98340364381625, 40.72605119690003], [-73.98340448407383, 40.72605181837236], [-73.98340528881657, 40.72605245784974], [-73.98340606987901, 40.72605312433897], [-73.9834068154288, 40.72605379982817], [-73.98340752546153, 40.726054502327464], [-73.98340821181621, 40.726055222833565], [-73.98340886265603, 40.726055961344755], [-73.98340947798101, 40.72605671786098], [-73.98341005779115, 40.72605749238226], [-73.98341060208865, 40.72605827590352], [-73.98341111087132, 40.7260590774298], [-73.98341158414136, 40.72605988795609], [-73.98341180893466, 40.726060313028746], [-73.98341202189656, 40.72606071648746], [-73.98341241230452, 40.72606154501198], [-73.98341277903448, 40.726062391543266], [-73.98341309841503, 40.72606324707279], [-73.98341337044614, 40.726064111600635], [-73.98341361880145, 40.72606498513014], [-73.98341381980936, 40.72606585955333], [-73.98341397346829, 40.72606674117378], [-73.9834141034534, 40.72606762369131], [-73.98341417425455, 40.726068506200335], [-73.98341422137986, 40.726069397711015], [-73.98341422115797, 40.72607028921491], [-73.98341419380492, 40.72607080520264], [-73.98341417359114, 40.726071171706884], [-73.9834140905117, 40.72607206319879], [-73.98341397192408, 40.72607294568054], [-73.98341380599152, 40.726073819150365], [-73.98341360454633, 40.72607470162017], [-73.98341335575842, 40.72607556607297], [-73.98341307146009, 40.72607643052063], [-73.98341275165363, 40.7260772859581], [-73.9834123845022, 40.72607813238368], [-73.9834119936817, 40.726078960795675], [-73.98341155551394, 40.72607978920082], [-73.98341108184026, 40.72608059959069], [-73.98341056082162, 40.72608140096859], [-73.98341001613385, 40.726082184332945], [-73.983408938613, 40.726083679022636], [-73.98337679062772, 40.72612807848434], [-73.98334531751401, 40.72617161354579], [-73.98331385619827, 40.726215139594984], [-73.98328238300466, 40.72625866563363], [-73.9832509097699, 40.726302191663464], [-73.98321943649405, 40.72634571768437], [-73.98318796317704, 40.726389243696424], [-73.98315725955628, 40.72643141904882], [-73.98312654405979, 40.726473594391], [-73.98309584036136, 40.726515769726525], [-73.9830651247871, 40.72655794505184], [-73.98305426657099, 40.726572864887444], [-73.98305365557424, 40.72657370407184], [-73.983045474611, 40.726584939418025], [-73.98303442101088, 40.72660012037052], [-73.98301101128223, 40.726632265988215], [-73.98301079459125, 40.72663256312419], [-73.98300370535888, 40.72664229567895], [-73.98297498725108, 40.72668174273234], [-73.98297300150497, 40.72668447098074], [-73.98296626986021, 40.72669371821174], [-73.98296107755287, 40.72670084947416], [-73.98294228577524, 40.72672664627234], [-73.98290748483471, 40.726774413109474], [-73.98287267200736, 40.726822179934075], [-73.98286832868841, 40.726828142457904], [-73.98283787096705, 40.72686994674955], [-73.9828030580399, 40.72691771355244], [-73.98276824506284, 40.72696548034448], [-73.98273344387518, 40.72701323812243], [-73.98269863079831, 40.727061004892796], [-73.9826661267565, 40.7271054131019], [-73.98263362267141, 40.727149821301545], [-73.98262072286023, 40.72716744321423], [-73.98261279398452, 40.72717827423833], [-73.98261109713904, 40.7271805900909], [-73.98260110670829, 40.72719422048488], [-73.9825773413671, 40.72722669014132], [-73.98257593581305, 40.727228609813515], [-73.98257570846135, 40.72722892045465], [-73.98256860253656, 40.72723862866563], [-73.98255448067411, 40.72725792263063], [-73.98254264298045, 40.7272740957765], [-73.98253609832146, 40.72728303683695], [-73.98253159390897, 40.72728919023117], [-73.9825072174912, 40.727322492750694], [-73.98250359406545, 40.727327435993715], [-73.98247108976375, 40.727371844146134], [-73.98243857358165, 40.72741625228732], [-73.98240606919569, 40.727460651415754], [-73.98237356476396, 40.72750505953984], [-73.98234106028899, 40.72754946765447], [-73.98230854393596, 40.72759386675276], [-73.98228127319794, 40.727631368751446], [-73.98225399058977, 40.72766887974677], [-73.9822267197903, 40.72770638173219], [-73.98219943712286, 40.727743884609566], [-73.98219871477413, 40.72774495520288], [-73.98219793324685, 40.72774599967225], [-73.9821971162131, 40.72774702612594], [-73.98219623999871, 40.727748034560335], [-73.98219532828018, 40.727749015973934], [-73.98219436922045, 40.727749970364954], [-73.98219336281714, 40.72775090673849], [-73.98219232091212, 40.72775180708613], [-73.98219123166594, 40.727752680411186], [-73.9821901069157, 40.7277535267155], [-73.98218894666131, 40.72775434599905], [-73.98218775090523, 40.72775512925673], [-73.98218651964505, 40.72775588549362], [-73.98218524104615, 40.727756605702844], [-73.9821839506197, 40.72775728988987], [-73.98218261285447, 40.727757938049216], [-73.98218125142465, 40.727758550184525], [-73.98217986633024, 40.72775912629581], [-73.98217845756889, 40.72775967538814], [-73.98217729742721, 40.72776007233294], [-73.9821770133104, 40.72776017134493], [-73.98217555722249, 40.72776063848361], [-73.98217407747217, 40.727761061493666], [-73.98217257405733, 40.727761448479676], [-73.98217105881494, 40.7277617994435], [-73.9821695317475, 40.72776210538002], [-73.982167992855, 40.727762366289284], [-73.98216643029798, 40.72776259117448], [-73.98216486775054, 40.72776278003932], [-73.98216330521755, 40.72776291487361], [-73.9821620327084, 40.727762993921246], [-73.98216171902006, 40.72776301368384], [-73.98216014466924, 40.72776307647556], [-73.98215855849338, 40.72776309423996], [-73.98215698416668, 40.72776306698075], [-73.98215539801498, 40.72776299469425], [-73.98215382370998, 40.727762886389215], [-73.98215224941706, 40.7277627330587], [-73.98215068697087, 40.72776254370966], [-73.9821491363739, 40.727762309336995], [-73.98214759762607, 40.72776202994072], [-73.98214607072498, 40.72776171452589], [-73.98214456750776, 40.72776136309435], [-73.98214398042929, 40.727761208115844], [-73.98214306430266, 40.72776096663738], [-73.98214159661848, 40.72776053416555], [-73.98214014078349, 40.727760056670114], [-73.98208882000705, 40.7277419124514], [-73.98203820978253, 40.727722660694745], [-73.98202469212909, 40.72771714567047]], [[-73.9825061925278, 40.72723635261985], [-73.982526076419, 40.727208917134185], [-73.98254874536109, 40.727177639595816], [-73.9825991476832, 40.72710809732192], [-73.98268349155691, 40.72699172466776], [-73.98271767350576, 40.726944702527675], [-73.9828087426398, 40.726819425655876], [-73.98293994084398, 40.72663894536096], [-73.98295988829878, 40.72661150530507], [-73.98297843967745, 40.72658598582482], [-73.9829947151941, 40.72656359617444], [-73.98299480755422, 40.726563469216345], [-73.98304665371685, 40.72649128486083], [-73.98314052831778, 40.726360586167644], [-73.98331047239203, 40.72612397427649], [-73.98330535201097, 40.72610419025212], [-73.98330453842654, 40.726101046457295], [-73.98330376031785, 40.726098041345914], [-73.98330107832781, 40.72608767880002], [-73.98329228027069, 40.726053686911115], [-73.98310393410469, 40.72597076847378], [-73.98276948501326, 40.725832300769035], [-73.98263643670805, 40.725776369977375], [-73.9823602203106, 40.72566025237682], [-73.98231900113691, 40.72564296888801], [-73.98230028699744, 40.725635122578915], [-73.9822770186011, 40.725625366486696], [-73.9820124280628, 40.7255144241632], [-73.98166293361582, 40.725365834564535], [-73.98161085126763, 40.72534369174489], [-73.98131702740406, 40.72522507080871], [-73.98128687535748, 40.72523126591743], [-73.9812589546425, 40.725237003022315], [-73.98125552299953, 40.72523770846285], [-73.98123689813835, 40.725241535294536], [-73.9811989002898, 40.725249342813726], [-73.98103861386363, 40.72547128481579], [-73.98088998332145, 40.72568035574649], [-73.98087240940923, 40.72570482956485], [-73.9808582091204, 40.72572460328415], [-73.98084432972688, 40.7257439313031], [-73.980705259442, 40.725937591366], [-73.98045322201949, 40.72628250953912], [-73.9804474930013, 40.72629054470851], [-73.9804243471854, 40.72632300772633], [-73.98040328904429, 40.726352542639546], [-73.98021522029498, 40.72661631367502], [-73.98014286816449, 40.72671663052227], [-73.98014132399314, 40.726718771666185], [-73.98008062519318, 40.72680292904872], [-73.98007887970661, 40.72680534931473], [-73.98006799705712, 40.72682043815976], [-73.98006224429015, 40.72682841387174], [-73.9806523747198, 40.727076429144645], [-73.98078757147212, 40.72713136481351], [-73.98080264884321, 40.72713749078861], [-73.98104905577817, 40.72723761326158], [-73.98116489737731, 40.72728808327755], [-73.98141946995578, 40.72739899708848], [-73.98145012433582, 40.72741169830504], [-73.9816065589083, 40.72747651501087], [-73.98187013786125, 40.72758572549796], [-73.98197095055066, 40.727629670848295], [-73.98215858770514, 40.72771146177171], [-73.98232004105303, 40.727492102917594], [-73.98237174137651, 40.727421859449066], [-73.9824385194437, 40.727329723285244], [-73.9825061925278, 40.72723635261985]]]]}, "properties": {"shape_area": "43203.544008", "shape_leng": "5458.33770703", "feat_code": "3800", "status": "Unchanged", "sub_code": "380000", "source_id": "12380001346.0"}}, {"type": "Feature", "geometry": {"type": "MultiPolygon", "coordinates": [[[[-73.98162632649246, 40.728327600717236], [-73.98157519456093, 40.728306090199595], [-73.98151287900382, 40.728279884412636], [-73.98145056349817, 40.72825366958673], [-73.98138825987878, 40.72822745472895], [-73.98132594447125, 40.72820123983546], [-73.98126362911015, 40.728175033913224], [-73.98120131380065, 40.72814881895209], [-73.98113899854019, 40.72812260395714], [-73.98107669516585, 40.72809638893032], [-73.98101438000344, 40.72807017386774], [-73.98095206488749, 40.72804396777643], [-73.98088974982306, 40.72801775264617], [-73.98082743480774, 40.72799153748214], [-73.98076513167855, 40.727965322286245], [-73.9807028167586, 40.72793911605969], [-73.98064050189033, 40.727912900794195], [-73.9805781870711, 40.727886685494894], [-73.98051587230084, 40.7278604701618], [-73.98045356941412, 40.72783426380194], [-73.98039125474195, 40.7278080484012], [-73.9803390749702, 40.72778609770621], [-73.98032894011877, 40.727781832966635], [-73.98026662554464, 40.72775561749822], [-73.98020431101956, 40.72772940199602], [-73.98014200837785, 40.727703195467136], [-73.98007969395081, 40.72767697989731], [-73.9800173795728, 40.727650764293685], [-73.97995506524377, 40.72762454865621], [-73.9798927509611, 40.727598341990024], [-73.97983044856721, 40.72757212628701], [-73.97976813438524, 40.727545910548095], [-73.97970582025236, 40.72751969477536], [-73.9796435061685, 40.72749347896878], [-73.97960145454356, 40.727475794538464], [-73.9795821105669, 40.72746765951519], [-73.97958119213058, 40.72746727303406], [-73.979580197993, 40.72746670463666], [-73.97957923937176, 40.72746611913594], [-73.97957829259585, 40.72746550662201], [-73.97957738133937, 40.727464867099116], [-73.97957650559957, 40.72746420957233], [-73.97957565354214, 40.72746352503449], [-73.97957482516435, 40.72746282249065], [-73.97957404414308, 40.72746209293994], [-73.97957328679863, 40.727461354388375], [-73.9795725649736, 40.72746058882781], [-73.97957187866523, 40.72745980526335], [-73.97957122787354, 40.727459003695024], [-73.97957085160935, 40.72745850204485], [-73.97957061259851, 40.7274581841228], [-73.97957003284014, 40.72745734654678], [-73.97956950043273, 40.72745649997399], [-73.97956900354197, 40.72745563539732], [-73.97956854216518, 40.72745476182188], [-73.97956811630222, 40.727453879247655], [-73.97956773779296, 40.7274529786717], [-73.97956740663189, 40.72745207810408], [-73.97956709915016, 40.727451160430995], [-73.9795668508542, 40.72745024096742], [-73.9795666262348, 40.72744931340344], [-73.97956646080063, 40.727448385850025], [-73.97956633088033, 40.72744744929777], [-73.97956623647394, 40.727446503746734], [-73.97956618941294, 40.727445567209166], [-73.97956618970287, 40.72744462167495], [-73.97956622550116, 40.72744368515214], [-73.97956630865038, 40.727442739632615], [-73.97956643914497, 40.72744180312657], [-73.97956660514794, 40.72744087563192], [-73.97956670353454, 40.72744042179292], [-73.97956680666202, 40.727439948143555], [-73.97956706736129, 40.72743902066576], [-73.9795673517291, 40.72743811120228], [-73.97956768344507, 40.72743720174721], [-73.97956806250643, 40.72743630130562], [-73.97956847707337, 40.72743541888052], [-73.97956892715136, 40.72743453646175], [-73.97956942457203, 40.72743367206152], [-73.97956995749828, 40.72743282567776], [-73.97957052593287, 40.7274319883054], [-73.97957287895827, 40.72742870726867], [-73.97957951408608, 40.72741945481671], [-73.97960058116519, 40.727390083952564], [-73.97963223499917, 40.72734608168881], [-73.97966387695703, 40.7273020704089], [-73.9796955188704, 40.72725806812508], [-73.97972716074193, 40.72721406583236], [-73.97975881440874, 40.72717006353273], [-73.97979045619674, 40.727126061222066], [-73.9798220979429, 40.72708205890246], [-73.97985373964735, 40.72703805657388], [-73.9798853931469, 40.72699405423841], [-73.97990199552349, 40.72697098609966], [-73.97991620582555, 40.72695123141396], [-73.97991685711578, 40.72695037604412], [-73.97991693289994, 40.726950284205415], [-73.97991754391143, 40.72694953869064], [-73.97991825437823, 40.72694871034635], [-73.9799190121847, 40.7269479090256], [-73.97991980549654, 40.72694712572119], [-73.97992063431381, 40.72694636043321], [-73.97992149863381, 40.72694562216661], [-73.97992239845921, 40.72694490191639], [-73.97992332195035, 40.726944208685566], [-73.97992428094419, 40.72694354247619], [-73.97992526360645, 40.726942894281095], [-73.97992628176873, 40.72694228211254], [-73.97992732359947, 40.72694168795833], [-73.97992748934283, 40.72694160153837], [-73.9799284009302, 40.72694112983062], [-73.97992949009243, 40.72694058971514], [-73.97993060291772, 40.72694008562411], [-73.97993175124564, 40.72693960855453], [-73.9799329113997, 40.726939167507375], [-73.97993408338529, 40.72693874447243], [-73.97993502451259, 40.726938446568], [-73.97993527903118, 40.726938366467046], [-73.97993649834555, 40.72693800647594], [-73.97993772948298, 40.72693769241289], [-73.97993897245253, 40.726937394561006], [-73.9799402272452, 40.72693714263712], [-73.97994149386666, 40.72693691773057], [-73.97994277231417, 40.72693672884639], [-73.97994405075362, 40.72693656697746], [-73.97994534101643, 40.72693645013604], [-73.97994593879486, 40.72693640881674], [-73.97994663127112, 40.72693636030988], [-73.97994793335464, 40.72693629750102], [-73.97994923542454, 40.726936279717584], [-73.97995053748636, 40.72693628894939], [-73.97995182770042, 40.72693633419951], [-73.97995312974057, 40.72693641547198], [-73.97995441993295, 40.72693653276276], [-73.97995571011715, 40.72693667706879], [-73.97995698845364, 40.7269368573931], [-73.97995825494233, 40.7269370737357], [-73.97995950958597, 40.72693731709147], [-73.97996027301808, 40.726937487420486], [-73.97996076421873, 40.72693759646758], [-73.97996199516953, 40.72693790285479], [-73.97996321426986, 40.726938254265406], [-73.97996442152782, 40.72693862368414], [-73.97996560510109, 40.726939029119094], [-73.97996676498956, 40.72693947057026], [-73.97996791303304, 40.72693993903462], [-73.97998512177163, 40.72694722714419], [-73.98002582388149, 40.72696447895739], [-73.9800823736999, 40.72698842427959], [-73.98013891172194, 40.72701236957195], [-73.98018811889024, 40.72703320681965], [-73.98019546162158, 40.72703631483846], [-73.98025199972496, 40.72706026007513], [-73.98030854970587, 40.72708420528597], [-73.98036508789309, 40.72710814146184], [-73.98042749649586, 40.727134699088694], [-73.98048989331146, 40.727161256679636], [-73.98055230201372, 40.72718781423868], [-73.98061469892872, 40.72721437176178], [-73.98067710773051, 40.72724092925297], [-73.98073950474499, 40.72726748670827], [-73.98079293637167, 40.72729022447698], [-73.9808019136462, 40.72729404413162], [-73.9808643107602, 40.727320601519104], [-73.9809267197609, 40.727347158874615], [-73.98098911697431, 40.72737371619426], [-73.98105152607455, 40.72740027348192], [-73.98111271625972, 40.72742594803712], [-73.98117391832915, 40.72745162256158], [-73.98123510860863, 40.72747729705153], [-73.98129631077235, 40.727502971510766], [-73.98135750114615, 40.72752864593552], [-73.9814187034067, 40.727554311324425], [-73.98147989387478, 40.72757998568391], [-73.98154109622713, 40.72760566001269], [-73.98160228678952, 40.727631334306935], [-73.98166348923618, 40.72765700857053], [-73.98172467989288, 40.72768268279956], [-73.98178588243385, 40.72770835699788], [-73.98184707318485, 40.727734031161674], [-73.98190827582258, 40.727759696289695], [-73.98195773743159, 40.72778045267352], [-73.98196946666786, 40.72778537038831], [-73.98203066939746, 40.72781104445613], [-73.98208227334311, 40.72783275475944], [-73.9820876704551, 40.727835024881315], [-73.98208883035392, 40.727835538351734], [-73.98208996657128, 40.72783607883371], [-73.98209107910476, 40.727836655332375], [-73.98209216795672, 40.727837258842605], [-73.98209323312729, 40.72783788936444], [-73.98209426277927, 40.727838546895974], [-73.9820952569127, 40.72783923143725], [-73.98209622736465, 40.72783994299008], [-73.98209630428963, 40.72784000333612], [-73.98209716230046, 40.72784067254752], [-73.98209806171522, 40.727841438119825], [-73.98209892561388, 40.72784222169679], [-73.9820997539964, 40.72784302327839], [-73.98210054686035, 40.727843851869736], [-73.98210129237101, 40.72784469846383], [-73.98210200236554, 40.727845563062644], [-73.98210267684391, 40.72784644566609], [-73.98210331580613, 40.72784734627419], [-73.98210390741502, 40.7278482648851], [-73.9821044516707, 40.727849201498785], [-73.98210496041263, 40.72785014711208], [-73.9821054218013, 40.72785111072821], [-73.9821058476762, 40.7278520833439], [-73.98210622620026, 40.72785306495728], [-73.98210654553633, 40.727854055566524], [-73.98210682935867, 40.72785505517539], [-73.98210707766967, 40.72785605477874], [-73.98210726679002, 40.727857073283545], [-73.98210740856243, 40.727858089979975], [-73.98210751482323, 40.72785910757142], [-73.98210756189849, 40.727860125153676], [-73.98210757345997, 40.72786115173549], [-73.9821075376754, 40.72786216930486], [-73.98210744270284, 40.72786319587006], [-73.98210731222136, 40.72786421342473], [-73.98210721500926, 40.72786476362047], [-73.98210713439383, 40.72786522196693], [-73.98210690921783, 40.72786623050179], [-73.98210663669579, 40.72786723002415], [-73.98210632866237, 40.72786822954103], [-73.98210596144821, 40.72786921103854], [-73.98210555872511, 40.72787018352543], [-73.98210510865594, 40.72787114699989], [-73.98210461124071, 40.72787210146186], [-73.98210407831897, 40.72787303790819], [-73.98210349805122, 40.72787396534205], [-73.98210288227928, 40.72787486575512], [-73.98210221916128, 40.72787575715572], [-73.98210150869964, 40.7278766305388], [-73.98210077456858, 40.72787748590802], [-73.98209999309627, 40.72787831425463], [-73.98209955382215, 40.72787875003258], [-73.9820991761172, 40.72787912548604], [-73.98206508460062, 40.72792539642644], [-73.98203099303646, 40.72797166825701], [-73.98199688959023, 40.72801793107023], [-73.98196279793139, 40.72806420288002], [-73.98192870622758, 40.728110465674334], [-73.98189461447404, 40.728156737463316], [-73.98186052267314, 40.72820300924195], [-73.98182643082738, 40.728249272005066], [-73.98179233893181, 40.72829554376292], [-73.9817560325721, 40.72834495793499], [-73.98175528655972, 40.72834593937131], [-73.98175449320344, 40.7283469027899], [-73.98175366434049, 40.72834784819273], [-73.98175278813615, 40.728348766572786], [-73.98175186459031, 40.72834965793006], [-73.98175172487653, 40.72834978487965], [-73.98175090553778, 40.72835053127155], [-73.98174991098102, 40.72835137759208], [-73.98174886908531, 40.7283521878848], [-73.98174779168289, 40.72835298016169], [-73.98174669061595, 40.72835373641449], [-73.98174554220752, 40.728354465644514], [-73.98174437013208, 40.72835516785551], [-73.98174316255485, 40.72835583404045], [-73.98174191947342, 40.72835647320456], [-73.98174066456467, 40.7283570763464], [-73.9817393623169, 40.72835764346039], [-73.98173804824178, 40.728358174552156], [-73.98173790262938, 40.72835822855958], [-73.98173671050186, 40.72835867052027], [-73.98173534909546, 40.72835913766838], [-73.98173396402669, 40.728359560687785], [-73.98173255529335, 40.72835994768303], [-73.98173113473021, 40.72836030766111], [-73.9817297023422, 40.7283606226119], [-73.98172825812935, 40.72836089253536], [-73.98172680208665, 40.72836113544166], [-73.98172533421909, 40.728361333320635], [-73.98172385452666, 40.72836148617227], [-73.98172236300448, 40.728361612006736], [-73.9817208714946, 40.728361692815774], [-73.98171939183426, 40.728361728601215], [-73.98171788850699, 40.72836173736763], [-73.98171762217211, 40.72836172922073], [-73.98171639703169, 40.72836169210538], [-73.981714917401, 40.72836161982972], [-73.98171342594547, 40.72836150252674], [-73.9817119463371, 40.728361349205265], [-73.98171047857824, 40.72836115086022], [-73.98170902266646, 40.72836091649669], [-73.9817075667646, 40.72836064611279], [-73.98170613454955, 40.72836033070721], [-73.9817047141791, 40.728359988288226], [-73.98170330565821, 40.728359600845685], [-73.98170192082166, 40.72835917738654], [-73.98170180364426, 40.728359137745514], [-73.98170055966942, 40.72835871791078], [-73.98169921036434, 40.72835822241653], [-73.98169789658071, 40.728357690907586], [-73.98169590816066, 40.728356853118385], [-73.98163751016456, 40.72833230495782], [-73.98162632649246, 40.728327600717236]], [[-73.98178472029785, 40.72822271841687], [-73.98181986984432, 40.72817416133666], [-73.98185455278032, 40.7281262471351], [-73.98194132562186, 40.72800637424506], [-73.98194945208073, 40.72800977854186], [-73.98197223170284, 40.727978310229815], [-73.98204945158531, 40.72787163271604], [-73.98197174143388, 40.72783907708846], [-73.98196749712702, 40.72783729881952], [-73.98189103691125, 40.72780526832965], [-73.98189834227969, 40.72779400951647], [-73.9819003600122, 40.72779146859786], [-73.98190486812608, 40.72778510180875], [-73.98171522749584, 40.72770602428807], [-73.98153122031893, 40.72762788478755], [-73.98133295946914, 40.727545223028415], [-73.98127116660858, 40.72751945934234], [-73.98124432095203, 40.72750826615052], [-73.98098676712618, 40.72739930286446], [-73.98077524166403, 40.727309200648584], [-73.98049896747396, 40.72718982686063], [-73.98043205974793, 40.72716259762911], [-73.98043175320639, 40.72716247330681], [-73.98025729344106, 40.727091475322226], [-73.97994344102318, 40.726964521368934], [-73.97988921506256, 40.72704191515238], [-73.97988381270933, 40.727049626166796], [-73.97971470961252, 40.727283367701894], [-73.97960442845546, 40.72743179440258], [-73.97960787026608, 40.727433102551], [-73.97976876724589, 40.72750051240731], [-73.9797723423504, 40.72749557464499], [-73.97983414285684, 40.72752146610867], [-73.97983192366469, 40.727524532853046], [-73.97991164326669, 40.72755793225275], [-73.97998845731436, 40.727590113604236], [-73.98007335396028, 40.727625682216456], [-73.98007199923984, 40.72762755233882], [-73.98022908490725, 40.72769336428817], [-73.98035315774791, 40.72774534488292], [-73.98038625846887, 40.72775921205787], [-73.98054725289248, 40.727826660462085], [-73.98062395393414, 40.727858794542804], [-73.98074397840112, 40.727909077475275], [-73.98086336747154, 40.72795909452658], [-73.98094060497628, 40.72799145271159], [-73.9810186533037, 40.728024150470056], [-73.9810240401394, 40.72801670955354], [-73.98110105172623, 40.72804897303997], [-73.98118516602403, 40.728084211115444], [-73.98124929216914, 40.72811107654776], [-73.98134221480912, 40.72815000532654], [-73.98142487000881, 40.72818463244503], [-73.98142087934484, 40.72819014471569], [-73.9814777254866, 40.72821395882242], [-73.9815064147725, 40.72822849134123], [-73.98159188826274, 40.72826429935897], [-73.98171675504685, 40.728316609994096], [-73.98175669346223, 40.728261436755886], [-73.98178472029785, 40.72822271841687]]]]}, "properties": {"shape_area": "21856.7632449", "shape_leng": "3545.04681703", "feat_code": "3800", "status": "Unchanged", "sub_code": "380000", "source_id": "12380001361.0"}}, {"type": "Feature", "geometry": {"type": "MultiPolygon", "coordinates": [[[[-73.98118150103238, 40.72897778800005], [-73.98112152851606, 40.728952545930944], [-73.98111661070052, 40.72895047665618], [-73.98106156788242, 40.72892730383245], [-73.98100159545434, 40.72890207070575], [-73.98094163491155, 40.728876828544635], [-73.98088166257695, 40.72885158635026], [-73.98082170212243, 40.728826353131616], [-73.98076172987862, 40.72880111087455], [-73.98070176951754, 40.72877586858817], [-73.98064179736204, 40.72875063527359], [-73.9805818370918, 40.728725392924574], [-73.98052186502971, 40.72870015054226], [-73.98046190484774, 40.72867491713573], [-73.98040193287652, 40.72864967469074], [-73.98034197278798, 40.72862443221651], [-73.98028200090495, 40.728599198714015], [-73.98022202906981, 40.72857395707562], [-73.98016476764856, 40.728549920753444], [-73.98010750627112, 40.72852587629813], [-73.98005024493229, 40.728501840819355], [-73.97999298363747, 40.728477796306954], [-73.97993572238398, 40.728453751765976], [-73.97987846116904, 40.72842971620155], [-73.97982119999817, 40.72840567160346], [-73.97980539696273, 40.72839903928781], [-73.9797639388659, 40.72838163598193], [-73.97970667777767, 40.72835759132674], [-73.97964940489082, 40.72833355564598], [-73.97958922052024, 40.72830813263717], [-73.97952903619559, 40.72828270959684], [-73.9794688400825, 40.72825727751775], [-73.97940865584971, 40.728231854414254], [-73.97934845982566, 40.72820643127716], [-73.97928827568471, 40.72818100811062], [-73.9792541417678, 40.728166594726304], [-73.97922807975256, 40.72815558491035], [-73.97916789570345, 40.72813016168072], [-73.97911575992339, 40.72810807176191], [-73.97911433373491, 40.72810746816237], [-73.97911167664573, 40.72810634204443], [-73.97911050493079, 40.72810581953683], [-73.97910935689866, 40.728105270018204], [-73.97910823255216, 40.728104684483505], [-73.9791071318857, 40.72810408094293], [-73.97910606674195, 40.72810344138844], [-73.97910502528102, 40.728102774822965], [-73.97910401934006, 40.72810208124867], [-73.97910304891906, 40.72810136066558], [-73.97910210218087, 40.728100613071504], [-73.97910119095987, 40.72809984747368], [-73.97910031525878, 40.728099054867], [-73.97909948691199, 40.72809824425878], [-73.9790992526125, 40.72809800107888], [-73.979098682248, 40.72809740663956], [-73.97909792493832, 40.728096551018794], [-73.97909720314576, 40.728095677394265], [-73.97909651687316, 40.728094776760926], [-73.97909587795203, 40.728093867131065], [-73.9790952745481, 40.72809293949751], [-73.97909471849839, 40.72809199386239], [-73.979094197963, 40.72809103922859], [-73.97909372477906, 40.728090075598296], [-73.97909329894942, 40.72808909396643], [-73.97909292047405, 40.728088094333025], [-73.97909257750987, 40.72808709560651], [-73.97909228189772, 40.72808608608251], [-73.97909203363675, 40.72808506846253], [-73.9790918327244, 40.72808405085115], [-73.97909167916349, 40.728083024243304], [-73.979091572954, 40.72808198863894], [-73.97909151409034, 40.72808096204826], [-73.9790915025781, 40.728079926461085], [-73.97909150858514, 40.72807964460297], [-73.97909152657732, 40.728078890880404], [-73.97909160976232, 40.72807785531042], [-73.9790917402931, 40.72807682875413], [-73.97909190633533, 40.72807580220429], [-73.97909211972335, 40.72807478466816], [-73.9790923922971, 40.728073767142746], [-73.9790927003795, 40.72807275862886], [-73.97909305580484, 40.72807176813374], [-73.9790934467416, 40.728070777645094], [-73.97909389686131, 40.72806979617229], [-73.97909433510854, 40.72806892726089], [-73.9790943824868, 40.72806883271609], [-73.97909491545525, 40.72806788727863], [-73.97909548393513, 40.72806694184766], [-73.97909609975505, 40.72806602344055], [-73.97912501909303, 40.728024479212614], [-73.97912828755209, 40.72801998626636], [-73.97913176905098, 40.728015583409515], [-73.97913542808122, 40.728011261630506], [-73.97913927647416, 40.72800703894165], [-73.97914331422984, 40.728002915342934], [-73.97914752950837, 40.72799889983728], [-73.97915191047245, 40.72799499242251], [-73.97915646895648, 40.72799120210581], [-73.97916045911941, 40.727987852935414], [-73.97916430726453, 40.72798441368828], [-73.97916801339171, 40.7279808843645], [-73.97917156566389, 40.72797726496186], [-73.9791749640783, 40.72797356448545], [-73.97917820863486, 40.72796978293537], [-73.97918128749657, 40.72796592030945], [-73.97918420066051, 40.72796198561278], [-73.97921667219026, 40.72791674091229], [-73.97924895418946, 40.72787179333612], [-73.97925422990653, 40.727864465045755], [-73.97928123614518, 40.72782684575062], [-73.97931352989717, 40.72778188915287], [-73.97934581176578, 40.72773694154873], [-73.97937809359077, 40.72769199393525], [-73.97941037537228, 40.72764704631244], [-73.97944266895003, 40.72760208967731], [-73.97946758479648, 40.727567514584294], [-73.97947273611828, 40.72756037446776], [-73.97947361241862, 40.72755921296763], [-73.97947453606163, 40.72755806948607], [-73.97947551887876, 40.727556962035386], [-73.9794765490386, 40.72755587260334], [-73.97947762653834, 40.727554810194995], [-73.9794787513752, 40.72755378381539], [-73.97947992355469, 40.727552775454406], [-73.97948114307131, 40.72755180312219], [-73.97948189489732, 40.72755124223921], [-73.97948239808794, 40.72755086681669], [-73.97948370044172, 40.727549966539904], [-73.97948503829834, 40.72754909328469], [-73.97948642349205, 40.72754825605828], [-73.97948783234594, 40.72754746386149], [-73.97948928853977, 40.72754669868839], [-73.97949076839384, 40.72754597854495], [-73.97949228374796, 40.72754529442814], [-73.979493010637, 40.72754499018559], [-73.97949383460208, 40.72754464633798], [-73.9794954091165, 40.72754404327746], [-73.97949700729114, 40.727543485246585], [-73.9794986291288, 40.727542963240225], [-73.97950027462664, 40.727542486263495], [-73.97950194378728, 40.72754204621187], [-73.97950362476887, 40.72754165839181], [-73.97950532941316, 40.72754130749678], [-73.97950704587794, 40.72754101063437], [-73.97950877416866, 40.72754074979439], [-73.97951051427978, 40.72754054298701], [-73.97951226621691, 40.727540372202064], [-73.97951279889558, 40.72754033627649], [-73.97951401813744, 40.727540255447636], [-73.97951578188393, 40.72754017471561], [-73.97951754561377, 40.72754014801411], [-73.97951930932982, 40.727540166338], [-73.97952106119499, 40.72754022968521], [-73.9795228248833, 40.72754033805992], [-73.9795245767208, 40.72754049145797], [-73.9795263167074, 40.72754068987931], [-73.9795280448431, 40.72754093332395], [-73.97952976112518, 40.727541230796994], [-73.97953043934821, 40.72754136239182], [-73.97953147739622, 40.72754156429036], [-73.97953315814229, 40.72754194280282], [-73.97953483887449, 40.72754236634068], [-73.97953648408452, 40.72754282589256], [-73.97953811744092, 40.72754333947288], [-73.97953972711213, 40.72754388906931], [-73.97954130125842, 40.72754448368482], [-73.97954286355663, 40.72754511431858], [-73.97959724777641, 40.72756819500389], [-73.97965019992755, 40.72759069007961], [-73.97970315211711, 40.72761317612578], [-73.97975610434248, 40.72763566214757], [-73.97980905660084, 40.727658157150024], [-73.97987135904503, 40.72768444490501], [-73.97993364969851, 40.72771074162925], [-73.97999595223826, 40.72773703832173], [-73.98005825482991, 40.7277633259753], [-73.98012055746797, 40.72778962260018], [-73.98018286015522, 40.72781591919124], [-73.98024516289435, 40.72784220674341], [-73.98025874191109, 40.72784795071625], [-73.98030471979638, 40.727867395171394], [-73.98036427674613, 40.72789257456345], [-73.98042384557539, 40.72791776293168], [-73.98048340261516, 40.72794294226189], [-73.98054295969732, 40.72796813056636], [-73.9806025286642, 40.727993309836805], [-73.98060480229879, 40.72799427106265], [-73.98064689354756, 40.72801206589445], [-73.98066208583903, 40.72801848907433], [-73.98072164305624, 40.728043677286124], [-73.98078120032108, 40.72806885646189], [-73.98084076946549, 40.72809404461381], [-73.9809003268203, 40.72811922372783], [-73.98095988421758, 40.728144411816], [-73.98101944166247, 40.728169590868205], [-73.98107901098697, 40.72819477889656], [-73.9811366393422, 40.72821896701132], [-73.98119426773671, 40.72824316410226], [-73.9812518961756, 40.72826735215918], [-73.98130952465382, 40.72829154919229], [-73.98134006220222, 40.728304368384265], [-73.98136716501112, 40.728315746198376], [-73.98138108628837, 40.72832158914985], [-73.98142479357554, 40.72833993416857], [-73.9814824221793, 40.72836413111488], [-73.9815400508274, 40.72838831902719], [-73.98155650500269, 40.72839522856578], [-73.98159767951485, 40.7284125159157], [-73.98164460862795, 40.728432253552], [-73.9816463662509, 40.728432993149816], [-73.98165159177711, 40.728435190323374], [-73.98165271617633, 40.728435685782316], [-73.98165381689115, 40.72843621725783], [-73.98165488208946, 40.728436766737865], [-73.98165593544064, 40.72843735223634], [-73.98165695327522, 40.728437955739324], [-73.98165794742549, 40.72843859525889], [-73.98165891789391, 40.728439261789916], [-73.98165985284567, 40.72843994632546], [-73.98166075227842, 40.72844065787057], [-73.9816616161921, 40.7284413964253], [-73.98166194163385, 40.728441693645], [-73.98166244458919, 40.72844215298457], [-73.98166324930692, 40.728442927550205], [-73.98166400666834, 40.72844372912357], [-73.98166472851318, 40.728444548701404], [-73.98166541484137, 40.7284453862838], [-73.98166606565303, 40.72844624187071], [-73.98166668094808, 40.728447115462124], [-73.98166724888932, 40.728448007056166], [-73.98166776947923, 40.728448907647724], [-73.98166825455255, 40.728449826243846], [-73.98166870411173, 40.728450753839404], [-73.98166909448234, 40.728451690430624], [-73.9816694611736, 40.72845264502822], [-73.98166976867874, 40.72845359961639], [-73.98167004066728, 40.72845457220909], [-73.98167026530696, 40.728455544794265], [-73.9816704425975, 40.72845651827239], [-73.98167058437443, 40.72845749894897], [-73.98167066814275, 40.728458502128994], [-73.98167071403893, 40.72845948008874], [-73.98167071376895, 40.72846046164319], [-73.98167066614762, 40.72846145219519], [-73.98167057117986, 40.72846243373452], [-73.98167044070044, 40.72846341526826], [-73.98167026287213, 40.728464396794465], [-73.9816700376974, 40.72846536930803], [-73.98166976517625, 40.72846633280897], [-73.98166944530621, 40.72846729630232], [-73.98166908992944, 40.72846824177991], [-73.98166868720376, 40.72846918724995], [-73.98166824897139, 40.72847011470414], [-73.98166776339257, 40.728471033145745], [-73.98166761654262, 40.72847128166273], [-73.9816672304698, 40.72847193356956], [-73.9816666620403, 40.7284728159776], [-73.98166605810158, 40.72847368937488], [-73.98166541865118, 40.728474562766515], [-73.98163341047207, 40.72851869159698], [-73.98160204169763, 40.72856196503717], [-73.98157066104523, 40.72860523846667], [-73.98153928035204, 40.72864851188741], [-73.98150789961808, 40.72869178529929], [-73.98147653067795, 40.728735068609865], [-73.98144571823008, 40.72877770183405], [-73.98141490574254, 40.728820335950296], [-73.98138409321562, 40.728862970057996], [-73.98135328064923, 40.728905604157255], [-73.9813224680434, 40.72894823824797], [-73.98129497117097, 40.72898615420362], [-73.9812930219911, 40.72898885361185], [-73.98129192779798, 40.72899036808964], [-73.98129125282078, 40.728991259483514], [-73.9812905304993, 40.728992132859524], [-73.9812897726709, 40.72899298821962], [-73.98128897933813, 40.72899381655867], [-73.98128815049844, 40.72899462688174], [-73.98128727431454, 40.728995419186944], [-73.98128637446355, 40.728996184473054], [-73.98128542726839, 40.72899693174131], [-73.98128445640864, 40.72899764298534], [-73.98128386561221, 40.72899804991919], [-73.98128345004199, 40.72899833621342], [-73.98128242000827, 40.728999002422405], [-73.98128135447269, 40.728999632605216], [-73.9812802534302, 40.729000244772095], [-73.98127914056055, 40.72900082091669], [-73.98127799218645, 40.72900137004026], [-73.98127682014783, 40.72900188313963], [-73.98127562444215, 40.72900236921986], [-73.98127440506914, 40.72900282918148], [-73.98127317387203, 40.72900324231475], [-73.98127191900754, 40.729003629329384], [-73.98127065231331, 40.72900398932679], [-73.9812693619571, 40.7290043042949], [-73.98126805977115, 40.72900459224582], [-73.98126674575805, 40.729004844174504], [-73.98126541991516, 40.72900506908593], [-73.98126409408492, 40.72900524897195], [-73.98126384194244, 40.72900527594618], [-73.98126274459015, 40.72900539283375], [-73.9812614069429, 40.72900550067712], [-73.98126005746586, 40.72900558150328], [-73.98125869616416, 40.72900561730207], [-73.98125734670738, 40.72900562608751], [-73.98125599726332, 40.729005589847496], [-73.98125463598947, 40.729005526590285], [-73.98125329840296, 40.729005418311516], [-73.98125194898671, 40.7290052830155], [-73.98125062325778, 40.72900510269792], [-73.98124929753651, 40.72900489536505], [-73.98124797182533, 40.729004652011845], [-73.98124728056779, 40.72900450331535], [-73.98124666979892, 40.729004372642116], [-73.98124537961999, 40.72900405725399], [-73.98124411312591, 40.72900370584934], [-73.98124284663938, 40.7290033274294], [-73.98124161567495, 40.729002912994886], [-73.98124039655801, 40.72900246254194], [-73.98123918928599, 40.72900198507568], [-73.98122260716347, 40.72899503044612], [-73.98118150103238, 40.72897778800005]], [[-73.9812479327776, 40.72896673789011], [-73.98125187402393, 40.728964586316245], [-73.98125220779684, 40.72896472594939], [-73.98125274186778, 40.72896398581826], [-73.98125581548682, 40.72896166390681], [-73.9812588656737, 40.72895847930422], [-73.98139728653561, 40.72876732916508], [-73.98148849706858, 40.72863672147886], [-73.98161937220722, 40.72846039132399], [-73.98141294703211, 40.72837343208179], [-73.98131042871232, 40.72833061520861], [-73.98131054594604, 40.72833045313606], [-73.98123132060324, 40.72829738797746], [-73.9811531818647, 40.728264775897955], [-73.98115309068245, 40.72826490285474], [-73.98110605172094, 40.72824525685146], [-73.98097238985137, 40.72818702955904], [-73.98082185053744, 40.72812144934871], [-73.98047325528746, 40.72797306346046], [-73.98024378201717, 40.72787640873063], [-73.97999554792464, 40.727774755161924], [-73.98000284001903, 40.72776539654013], [-73.98000457126952, 40.727763174385075], [-73.97979959323753, 40.72768032871862], [-73.9797923235251, 40.727689981797944], [-73.97978919727555, 40.72769413349537], [-73.97977446913728, 40.7276877715161], [-73.97951109702939, 40.72757400149603], [-73.9793958688274, 40.72772811292338], [-73.97939391714507, 40.727727291310124], [-73.97934246660179, 40.727798043172065], [-73.97929080752736, 40.72786908043412], [-73.97925515662664, 40.72791810491887], [-73.97925789301162, 40.727919256262034], [-73.97920642056401, 40.727990985109415], [-73.97917283867312, 40.72803242225466], [-73.97914903445276, 40.728061794343475], [-73.9791472036792, 40.728064191166254], [-73.97914596576392, 40.72806717252659], [-73.97914528359526, 40.728072069369674], [-73.97914615579651, 40.72807648112007], [-73.97914958042514, 40.72807981632416], [-73.97916007964659, 40.72808467016608], [-73.97919509363264, 40.72810085503814], [-73.97934732792486, 40.72816527782444], [-73.97935623185988, 40.72816904624919], [-73.97942038212055, 40.728196193662924], [-73.97969745508313, 40.728315933968304], [-73.97971183183336, 40.728322147311026], [-73.97971230999501, 40.72832234820868], [-73.97978386621864, 40.72835235313761], [-73.97992021356299, 40.7284095259801], [-73.9799255360853, 40.72841175746819], [-73.97994927972243, 40.72842171402753], [-73.9800021214432, 40.7284440675395], [-73.98007892344295, 40.728476556798434], [-73.98015789974271, 40.72850996670061], [-73.98021828926005, 40.72853551281634], [-73.98027623118888, 40.72856002379659], [-73.98062461125969, 40.72871249944264], [-73.98093912049062, 40.72884020984433], [-73.98114427360505, 40.72892850607686], [-73.98123937245829, 40.728969435320145], [-73.98124329797463, 40.72896849853012], [-73.9812479327776, 40.72896673789011]]]]}, "properties": {"shape_area": "21249.5201971", "shape_leng": "3610.94555628", "feat_code": "3800", "status": "Unchanged", "sub_code": "380000", "source_id": "12380001372.0"}}, {"type": "Feature", "geometry": {"type": "MultiPolygon", "coordinates": [[[[-73.98069539531704, 40.72560848067407], [-73.98063549704501, 40.725583211336804], [-73.9805735039867, 40.72555703210074], [-73.98053739701703, 40.72554178578776], [-73.98051151097705, 40.72553085283123], [-73.98044950618211, 40.725504664521125], [-73.98038751326987, 40.72547848518463], [-73.98034648412134, 40.72546115329455], [-73.98033977592223, 40.72545831914778], [-73.98033011602172, 40.725454238191844], [-73.98032552040908, 40.72545229680961], [-73.98030038242338, 40.725441680912475], [-73.98029225755361, 40.725438249483005], [-73.98026352759432, 40.72542611740621], [-73.9802498591201, 40.72542034550075], [-73.98020153482821, 40.72539993796931], [-73.98013954211356, 40.72537374949386], [-73.98007754944493, 40.725347569989985], [-73.98001554499074, 40.72532138234609], [-73.97997527700576, 40.72530447369472], [-73.97995377724318, 40.725295445051394], [-73.97989199770944, 40.72526949961683], [-73.97983023006053, 40.72524355415109], [-73.979768450623, 40.72521760865008], [-73.97970668307028, 40.72519166311784], [-73.97964490372627, 40.72516572655544], [-73.97958312443303, 40.7251397809547], [-73.9795213570246, 40.72511383532283], [-73.97945957782757, 40.72508788965561], [-73.97939781051532, 40.72506194395727], [-73.97933603141452, 40.72503599822354], [-73.9793298925693, 40.72503339915285], [-73.97927496253034, 40.72501014263536], [-73.9792707551699, 40.725008361571454], [-73.97925512698738, 40.72500174721871], [-73.9792138936935, 40.72498428701471], [-73.9791528249041, 40.72495843136158], [-73.97910616175301, 40.72493867563838], [-73.97909175616203, 40.72493257567595], [-73.97903068746741, 40.724906719957836], [-73.97896961882013, 40.72488086420722], [-73.97890855022027, 40.72485500842416], [-73.97884748166776, 40.724829152608606], [-73.97878641316267, 40.724803296760584], [-73.97872534470493, 40.724777440880075], [-73.97866427629462, 40.724751584967045], [-73.97860320793164, 40.72472572902159], [-73.97854822278397, 40.724702422618144], [-73.97854691620647, 40.72470186946203], [-73.97854528771882, 40.72470117936861], [-73.97854409239798, 40.72470064784545], [-73.97854292076188, 40.72470008030633], [-73.97854177280469, 40.72469949476142], [-73.97854066036884, 40.72469887320276], [-73.97853957161766, 40.72469821562813], [-73.9785385065454, 40.72469754004777], [-73.97853748883098, 40.724696828455805], [-73.97853649479549, 40.724696098858075], [-73.97853553628133, 40.7246953332466], [-73.97853461328259, 40.724694549631536], [-73.97853372580224, 40.724693739007805], [-73.97853287383737, 40.72469291038056], [-73.97853239935439, 40.72469240510642], [-73.97853206922741, 40.72469205474682], [-73.97853130013296, 40.724691181109506], [-73.97853056655686, 40.72469028046354], [-73.97852988032994, 40.72468937082131], [-73.97852922962136, 40.724688434170446], [-73.97852862626189, 40.72468748852331], [-73.9785280584179, 40.724686524872574], [-73.97852754975958, 40.7246855522278], [-73.97852707661671, 40.7246845615795], [-73.97852665082588, 40.7246835529298], [-73.97852627238126, 40.72468254428893], [-73.97852594128865, 40.7246815176467], [-73.97852576867669, 40.72468089176065], [-73.97852565754225, 40.72468049101331], [-73.97852542114758, 40.7246794472791], [-73.97852523209677, 40.7246784107578], [-73.97852509039768, 40.724677357135604], [-73.97852498420536, 40.72467631252515], [-73.97852494903522, 40.72467525892288], [-73.97852494937474, 40.72467420532719], [-73.97852499706045, 40.72467315174033], [-73.97852509209234, 40.72467209816231], [-73.97852523446753, 40.72467105359826], [-73.97852543602544, 40.72467000904519], [-73.97852567309009, 40.72466897350385], [-73.97852595750092, 40.724667937971304], [-73.97852613403438, 40.7246674139079], [-73.97852630108869, 40.72466692046006], [-73.97852668018608, 40.724665902955365], [-73.97852710662384, 40.724664903469694], [-73.97852758040487, 40.72466391299794], [-73.97852810152628, 40.72466294054521], [-73.9785286581544, 40.72466197710421], [-73.97852927396235, 40.724661022679314], [-73.9785299252712, 40.72466009527629], [-73.97853661590393, 40.72465083028421], [-73.9785669783168, 40.724608818181586], [-73.97860165115135, 40.72456069241439], [-73.97863632393582, 40.72451256663648], [-73.97867099667022, 40.724464440847825], [-73.97870568119103, 40.72441631505059], [-73.97874035382532, 40.72436818924042], [-73.97877502640948, 40.72432006341948], [-73.97880969894355, 40.72427193758776], [-73.97884438326402, 40.72422381174748], [-73.97887681759944, 40.7241788642813], [-73.97887765834206, 40.72417774780413], [-73.97887854642192, 40.72417665835087], [-73.97887949367549, 40.72417559592371], [-73.9788804764327, 40.72417455151325], [-73.97888150652426, 40.72417354313186], [-73.97888258395596, 40.72417255276931], [-73.97888370872492, 40.7241715894307], [-73.97888422847703, 40.724171174391266], [-73.9788848689918, 40.724170662118965], [-73.97888607659307, 40.72416977083626], [-73.97888731969509, 40.724168906575365], [-73.97888861013439, 40.72416806933838], [-73.97888992423518, 40.7241672681261], [-73.97889127383104, 40.72416651194578], [-73.97889267076408, 40.72416578278936], [-73.97889409135867, 40.72416508965766], [-73.97889553561473, 40.72416443255068], [-73.97889687922891, 40.724163876282205], [-73.97889701536589, 40.72416382047561], [-73.97889851877848, 40.72416324442522], [-73.97890005768906, 40.72416270440171], [-73.97890160842152, 40.7241622103063], [-73.97890318281605, 40.724161750434554], [-73.97890478086889, 40.7241613364931], [-73.97890639074397, 40.724160967579266], [-73.97890802428053, 40.72416063469009], [-73.97890966963931, 40.72416034682855], [-73.9789113268202, 40.72416010399459], [-73.9789129839869, 40.724159906186074], [-73.97891466481511, 40.724159744402236], [-73.97891634562902, 40.72415962764382], [-73.97891802642872, 40.72415955591084], [-73.978919608971, 40.72415953098632], [-73.97891970721417, 40.724159529203305], [-73.97892139982184, 40.72415954752337], [-73.97892308057878, 40.72415961086671], [-73.97892476132151, 40.72415971923547], [-73.97892643021642, 40.72415986362241], [-73.97892809909419, 40.724160062039886], [-73.97892975612417, 40.72416029647554], [-73.97893140130348, 40.72416057593446], [-73.97893303463212, 40.72416090041659], [-73.97893465611286, 40.72416126091696], [-73.97893625390654, 40.72416166643845], [-73.97893638764629, 40.7241617051848], [-73.97893782801309, 40.724162116981034], [-73.97893939027176, 40.72416260354179], [-73.97894092884337, 40.72416313512366], [-73.9789424437307, 40.72416370272155], [-73.97894392309732, 40.7241643063333], [-73.97895879598539, 40.7241706072138], [-73.97900579584679, 40.72419051344538], [-73.97906337260427, 40.72421481966852], [-73.97912094940094, 40.72423913486789], [-73.97917852624242, 40.72426344103328], [-73.97923610312316, 40.72428775617493], [-73.97925534671062, 40.724295883137344], [-73.97929368004866, 40.72431206228258], [-73.97935124517687, 40.72433637736438], [-73.97940882218637, 40.72436068341426], [-73.97946639923508, 40.72438499844043], [-73.97952673386827, 40.72441049359513], [-73.97958706854487, 40.724435997723226], [-73.97964740327033, 40.724461492814505], [-73.97970773803928, 40.72448699687918], [-73.97976807285714, 40.72451249190704], [-73.97982840771837, 40.72453799590833], [-73.97988874262857, 40.72456349087279], [-73.9799490775822, 40.724588994810645], [-73.98000941258468, 40.72461448971169], [-73.98006771081894, 40.724639133247294], [-73.98006974763068, 40.724639993586166], [-73.98013008272555, 40.724665488423796], [-73.9801907019732, 40.72469088422261], [-73.98025133310632, 40.72471627098635], [-73.98031196428295, 40.72474166672321], [-73.98037259550847, 40.72476705342292], [-73.98043322677755, 40.724792449095716], [-73.98049384625884, 40.72481783572943], [-73.98055447762033, 40.724843231338184], [-73.9806151090306, 40.72486861790985], [-73.98067574048447, 40.72489401345463], [-73.98073636015059, 40.72491939996028], [-73.9807762754125, 40.724936145295295], [-73.98079702719107, 40.724944849477446], [-73.98085768244133, 40.724970298960606], [-73.9809183377379, 40.72499574841177], [-73.98097899308077, 40.72502119783084], [-73.98103966030662, 40.72504664721983], [-73.9810857702598, 40.72506602475487], [-73.98109532363964, 40.72507003899246], [-73.98109668232152, 40.72507061013831], [-73.98109783033053, 40.72507111461191], [-73.98109895465612, 40.72507165510195], [-73.98110005530076, 40.72507222260333], [-73.98110113226456, 40.72507281711614], [-73.98110217371088, 40.72507343863837], [-73.98110319147631, 40.725074087171976], [-73.98110417372423, 40.72507476271504], [-73.98110513229129, 40.72507546526947], [-73.98110605534079, 40.725076194833335], [-73.9811069428754, 40.72507694240151], [-73.9811077948925, 40.72507771697917], [-73.9811086113921, 40.72507851856626], [-73.98110918411402, 40.725079120200306], [-73.98110939237678, 40.72507933815771], [-73.98111013784649, 40.7250801757535], [-73.98111083596463, 40.72508103135166], [-73.98111149856777, 40.72508190495423], [-73.98111212565601, 40.725082796561125], [-73.98111270539268, 40.72508370617045], [-73.9811132496144, 40.72508463378413], [-73.98111374648708, 40.72508557039508], [-73.98111419601076, 40.725086516003394], [-73.98111461001947, 40.72508747961607], [-73.98111497667915, 40.72508845222608], [-73.98111529598955, 40.7250894347339], [-73.98111556795143, 40.725090424438015], [-73.98111580440319, 40.725091415036836], [-73.98111599350591, 40.72509241463298], [-73.98111612342298, 40.7250934232245], [-73.98111621783018, 40.72509443181017], [-73.98111626489087, 40.725095440388124], [-73.98111626460509, 40.72509644895831], [-73.98111621697025, 40.72509746652581], [-73.9811161338281, 40.72509847508239], [-73.98111599150538, 40.725099474624145], [-73.98111594882869, 40.72509970334645], [-73.98111580301953, 40.72510047505886], [-73.98111557784043, 40.72510147458707], [-73.98111530531736, 40.72510246510242], [-73.98111498545035, 40.7251034466049], [-73.98111461823937, 40.725104419094485], [-73.98111420368699, 40.72510537356615], [-73.98111375244132, 40.72510632713133], [-73.98111325503764, 40.72510726357922], [-73.98111272212662, 40.72510819101617], [-73.9811121300401, 40.72510909142819], [-73.98111151428033, 40.725109991836305], [-73.98111019397892, 40.725111817852195], [-73.98109752855764, 40.72512932347192], [-73.98107543390928, 40.72515989212704], [-73.98104104676979, 40.72520752340197], [-73.98100665958107, 40.72525515466634], [-73.98097226050403, 40.72530279492331], [-73.98095225691358, 40.72533050298221], [-73.98093787321706, 40.72535042616652], [-73.98093652567043, 40.72535229179825], [-73.98090348588066, 40.725398058299646], [-73.98087398943993, 40.725437350719645], [-73.98084449296672, 40.72547663502731], [-73.98081500829286, 40.7255159283343], [-73.98078551175011, 40.725555212626425], [-73.98076484874908, 40.72558275574868], [-73.98075515074676, 40.72559569444336], [-73.98075436923514, 40.72559669387776], [-73.9807535522185, 40.725597675296086], [-73.98075267602609, 40.725598629689244], [-73.9807517643287, 40.725599566066265], [-73.98075081712895, 40.72560047542209], [-73.98074982259013, 40.725601357754655], [-73.98074878071228, 40.725602213064086], [-73.98074861022481, 40.725602347211435], [-73.98074771516613, 40.72560305035937], [-73.98074660228612, 40.72560384262125], [-73.98074545390114, 40.72560461686702], [-73.9807442818531, 40.72560535508841], [-73.98074306246605, 40.72560606628665], [-73.9807418194159, 40.72560674146053], [-73.98074054086338, 40.72560738961321], [-73.98073923865041, 40.72560799273647], [-73.98073791277181, 40.72560856884047], [-73.9807368698378, 40.725608981999635], [-73.98073655139352, 40.725609108918164], [-73.98073517818884, 40.72560961297345], [-73.98073378132112, 40.72561008100443], [-73.9807323489534, 40.72561051390964], [-73.98073211220087, 40.72561057690567], [-73.98073091659924, 40.72561089998831], [-73.98072946057916, 40.72561125994826], [-73.98072798089862, 40.72561157487878], [-73.9807265012311, 40.725611844783835], [-73.98072499789802, 40.72561208766964], [-73.98072349457789, 40.72561228552995], [-73.98072197943405, 40.72561243836284], [-73.98072045246391, 40.72561255517335], [-73.98071892550425, 40.725612635963465], [-73.98071739855754, 40.72561267172814], [-73.98071673451784, 40.725612671616915], [-73.98071587162129, 40.725612671472405], [-73.98071434469803, 40.72561262619121], [-73.98071281778529, 40.72561254488963], [-73.9807112908855, 40.725612418562584], [-73.98070977583286, 40.72561225621716], [-73.98070827262998, 40.72561204884821], [-73.98070678127432, 40.72561180546087], [-73.98070528992903, 40.72561152605317], [-73.98070434778674, 40.7256113178777], [-73.98070382227024, 40.72561120162396], [-73.98070236645864, 40.72561084117634], [-73.98070093433088, 40.725610444712316], [-73.98069951405027, 40.72561001222989], [-73.98069811745617, 40.72560953472598], [-73.98069674454334, 40.725609030210805], [-73.98069539531704, 40.72560848067407]], [[-73.98051903208307, 40.72487465851897], [-73.98045528454209, 40.72484787467809], [-73.98045519217924, 40.724848002534735], [-73.98035491562476, 40.72480586955667], [-73.98026481264243, 40.72476801115122], [-73.9802633095856, 40.72476737963666], [-73.98016238352793, 40.72472497352483], [-73.98013614753181, 40.72471394947089], [-73.97982553109537, 40.72458215367347], [-73.97979589267888, 40.72456957826874], [-73.97961206208043, 40.724491577076975], [-73.97935189752813, 40.72437788195111], [-73.97917849285795, 40.72430210168931], [-73.97911492307935, 40.72427432027254], [-73.97896795599975, 40.72421256631429], [-73.97892749841222, 40.724195566307685], [-73.9788557345246, 40.72429442096024], [-73.978857781963, 40.724295281322505], [-73.97880777766645, 40.724365674841096], [-73.97869799449471, 40.72452022248523], [-73.97858608895616, 40.72467341436056], [-73.97859322874471, 40.72467715460232], [-73.97862396287027, 40.72469028073099], [-73.97915229445998, 40.7249097686518], [-73.97923621331343, 40.724944630818236], [-73.97930319945883, 40.72497359244651], [-73.97934940099704, 40.72499356773124], [-73.97937551260682, 40.725004856691406], [-73.97941689150075, 40.72502246364646], [-73.97941681689838, 40.725022566291166], [-73.97944211674239, 40.72503319681891], [-73.97978407969606, 40.72517870039645], [-73.9799960991951, 40.725271864476504], [-73.98017782136705, 40.72535171522967], [-73.98027304836552, 40.72539234634502], [-73.98031907658448, 40.725411986220315], [-73.98032182353187, 40.72541315825213], [-73.98035027533179, 40.725425298371555], [-73.9803603553668, 40.7254295991217], [-73.98036673453701, 40.725432321548055], [-73.98045872720292, 40.72547157237796], [-73.98062603459309, 40.72554720559161], [-73.98070976358403, 40.7255850554384], [-73.98071386240328, 40.725585862981156], [-73.98071809279983, 40.72558601497516], [-73.98072227367288, 40.72558550778812], [-73.98072623101721, 40.725584360301575], [-73.98072979555346, 40.72558262201519], [-73.98073281930156, 40.72558036584551], [-73.98086456411566, 40.72540770169316], [-73.98087787236392, 40.725390261043124], [-73.98088246450972, 40.72538369799495], [-73.98086760491144, 40.72537488224435], [-73.98099036567959, 40.72520383826708], [-73.98102194535323, 40.72515983829777], [-73.9810582603279, 40.72510924016784], [-73.98080792229668, 40.72499995524911], [-73.98075613064991, 40.72497734562638], [-73.9807577434369, 40.72497512343936], [-73.98072410671668, 40.72496099062577], [-73.98067274331515, 40.72493940941853], [-73.98062901361652, 40.724921036185904], [-73.98057916399102, 40.72490009095089], [-73.9805189397203, 40.724874786375615], [-73.98051903208307, 40.72487465851897]]]]}, "properties": {"shape_area": "24917.869833", "shape_leng": "3599.60379975", "feat_code": "3800", "status": "Unchanged", "sub_code": "380000", "source_id": "12380001459.0"}}, {"type": "Feature", "geometry": {"type": "MultiPolygon", "coordinates": [[[[-73.9833884504793, 40.72593574044939], [-73.98332855112176, 40.72590955399509], [-73.98326865181133, 40.72588336750953], [-73.98320623130704, 40.72585722565046], [-73.98314381085167, 40.72583108375748], [-73.98308139044532, 40.725804941830546], [-73.98301897009024, 40.72577879086455], [-73.9829565616186, 40.725752648871534], [-73.98289414135911, 40.72572650684281], [-73.98283172114867, 40.72570036478016], [-73.98276930098952, 40.725674213678495], [-73.98272560927269, 40.725655915091565], [-73.98270688087696, 40.725648071548], [-73.98264446081345, 40.72562192938356], [-73.98258204079889, 40.72559578718519], [-73.98251962083324, 40.725569644952884], [-73.98245720091901, 40.72554349368151], [-73.98239478105138, 40.72551735138135], [-73.98233236123266, 40.72549120904724], [-73.98226994146299, 40.72546506667921], [-73.98220752174468, 40.725438915272164], [-73.98214503105288, 40.72541277282527], [-73.98208254041245, 40.725386621339254], [-73.98202003798447, 40.725360469817396], [-73.98195754744219, 40.72533431826333], [-73.98189505694891, 40.72530816667529], [-73.98183256650229, 40.72528202405832], [-73.98177007610714, 40.72525587240227], [-73.98176148013071, 40.72525227620864], [-73.98170757392435, 40.72522972071033], [-73.9816450836273, 40.72520356898626], [-73.98158259337929, 40.725177417228174], [-73.98152010317784, 40.725151274441146], [-73.98145760119124, 40.725125122613164], [-73.98139511109036, 40.725098970753], [-73.98133675153447, 40.725074548506], [-73.98133262103829, 40.725072819759426], [-73.98133252399236, 40.72507276841462], [-73.98133142571656, 40.7250721883087], [-73.98133026591202, 40.725071530749005], [-73.98132914162747, 40.72507083717468], [-73.98132804102373, 40.72507011658891], [-73.98132697594004, 40.7250693599885], [-73.98132594637121, 40.72506858538366], [-73.98132495231984, 40.72506778376932], [-73.9813239937859, 40.7250669551455], [-73.98132307076942, 40.72506609951209], [-73.98132219510701, 40.7250652168711], [-73.98132135495958, 40.72506431622568], [-73.98132055032703, 40.72506339757581], [-73.98131980488515, 40.72506245192034], [-73.98131919197783, 40.72506163325809], [-73.98131908312156, 40.725061488258476], [-73.98131842054615, 40.72506050659601], [-73.98131779348564, 40.72505950692913], [-73.98131721377415, 40.72505849826487], [-73.98131669325082, 40.725057471599996], [-73.98131620824238, 40.7250564269307], [-73.98131577058302, 40.72505537326401], [-73.9813153802726, 40.7250543105999], [-73.98131514374201, 40.725053591054746], [-73.98131503731119, 40.725053238938415], [-73.9813147535354, 40.72505215828141], [-73.98131450527197, 40.72505106862503], [-73.98131431619416, 40.72504996997323], [-73.98131417446282, 40.72504887132912], [-73.98131408007794, 40.72504777269267], [-73.98131404487867, 40.7250466650607], [-73.98131405702333, 40.72504556644153], [-73.98131410468035, 40.725044458823064], [-73.9813141687657, 40.72504386089542], [-73.98131422335453, 40.72504336022117], [-73.98131437753855, 40.72504226162508], [-73.98131459090311, 40.725041172043625], [-73.98131483977751, 40.725040082468], [-73.98131514783243, 40.72503900190703], [-73.98131550323129, 40.72503793035883], [-73.98131591781062, 40.725036867825324], [-73.98131636789476, 40.72503582330781], [-73.98131686532282, 40.725034787803025], [-73.9813174100948, 40.72503376131099], [-73.98131800220817, 40.72503275283683], [-73.9813186416629, 40.72503176238058], [-73.98131883704473, 40.72503148505545], [-73.98131932845902, 40.725030789942146], [-73.981351891582, 40.72498633708482], [-73.98138533088662, 40.72494074971815], [-73.98141877014295, 40.72489517134659], [-73.98145220935602, 40.72484958395998], [-73.98148564852336, 40.72480399656333], [-73.981519087645, 40.7247584091567], [-73.98155252671835, 40.72471283074517], [-73.98158596574845, 40.724667243318585], [-73.98161940473284, 40.72462165588196], [-73.98164978867355, 40.72458032735694], [-73.98165045175489, 40.72457947197888], [-73.98165115034085, 40.724578634616705], [-73.98165188443143, 40.72457781527033], [-73.98165234026654, 40.72457734797866], [-73.98165266586315, 40.72457701394167], [-73.98165347096048, 40.72457623963206], [-73.98165432339897, 40.72457548334015], [-73.981655199503, 40.7245747540673], [-73.98165611110923, 40.7245740518154], [-73.98165705822007, 40.724573367579296], [-73.98165802899652, 40.72457271036225], [-73.98165903527757, 40.72457207116103], [-73.98166006522177, 40.72457146798392], [-73.98166113066803, 40.72457089182773], [-73.98166221977998, 40.72457034269059], [-73.98166332071851, 40.72456982957573], [-73.98166445716167, 40.724569334476655], [-73.98166472824765, 40.72456922735922], [-73.98166561726795, 40.7245688754017], [-73.98166678920327, 40.72456844334389], [-73.98166798480177, 40.724568047310214], [-73.9816691922269, 40.72456768729876], [-73.98167042331738, 40.72456735520685], [-73.98167166623743, 40.72456704833109], [-73.98167292098381, 40.72456677837807], [-73.98167418755686, 40.72456654444727], [-73.98167546595653, 40.7245663465387], [-73.98167674434627, 40.724566184650485], [-73.98167803456512, 40.72456604977943], [-73.98167933661054, 40.724565950930604], [-73.9816806386461, 40.72456588810214], [-73.98168193238865, 40.724565852287604], [-73.98168196671456, 40.72456585229307], [-73.98168324269, 40.72456586150114], [-73.98168454469827, 40.724565897728645], [-73.9816858466967, 40.72456596997646], [-73.98168713684872, 40.724566078242795], [-73.98168842699084, 40.724566222529425], [-73.98168971712306, 40.72456640283644], [-73.98169098357477, 40.72456661015496], [-73.98169225001662, 40.72456685349381], [-73.98169350461208, 40.724567132851135], [-73.98169473552706, 40.72456743921997], [-73.9816959664321, 40.724567781609146], [-73.98169717365427, 40.724568160014925], [-73.98169835719595, 40.72456856543218], [-73.98169885664709, 40.72456874921544], [-73.98169952889371, 40.72456899786283], [-73.98170067690855, 40.72456946631008], [-73.98176465781935, 40.7245964106905], [-73.98182330113382, 40.72462103988414], [-73.98188194448916, 40.72464567805293], [-73.98194057605133, 40.72467031618997], [-73.98199921949339, 40.72469495429886], [-73.9820578558798, 40.72471958157062], [-73.98211649467343, 40.724744221419925], [-73.98217513824558, 40.72476885943901], [-73.98223378186348, 40.72479348842301], [-73.98229328947743, 40.72481855875946], [-73.98235279713612, 40.72484362906505], [-73.98241229300301, 40.724868699337975], [-73.98247180075126, 40.724893769581904], [-73.98253130854422, 40.72491883979496], [-73.98259081638436, 40.72494390097209], [-73.98265032426691, 40.7249689711235], [-73.98270983219423, 40.72499404124404], [-73.98273565684948, 40.725004921468404], [-73.98276934016634, 40.72501911133373], [-73.98283132176412, 40.72504523535718], [-73.98289331524482, 40.725071368353966], [-73.98295530877648, 40.72509749231218], [-73.98301730235671, 40.725123616236964], [-73.98307929598558, 40.72514974012826], [-73.98314128966072, 40.725175872991166], [-73.98320328338676, 40.725201996815514], [-73.98326527716145, 40.72522812060637], [-73.98332727098469, 40.725254244363825], [-73.98337304797279, 40.72527354168918], [-73.98338926485428, 40.725280377092844], [-73.9834512587748, 40.72530650078331], [-73.9835132409072, 40.72533262443859], [-73.98357523492491, 40.72535874806213], [-73.98363722898895, 40.72538488065726], [-73.98369922310383, 40.72541100421384], [-73.98376121726736, 40.72543712773696], [-73.98380453153929, 40.72545540696768], [-73.98382119943915, 40.72546244048577], [-73.98382226462739, 40.725462908900155], [-73.98382250251711, 40.72546302329823], [-73.98382331797029, 40.725463413333195], [-73.98382434763545, 40.72546393577311], [-73.9838253536185, 40.72546449423006], [-73.98382632408713, 40.72546507069219], [-73.98382728271248, 40.72546567416793], [-73.98382820582128, 40.72546630465392], [-73.98382909341346, 40.725466962150236], [-73.98382995732791, 40.725467637653374], [-73.98383079756465, 40.725468331163306], [-73.98383159044808, 40.72546905168191], [-73.98383235965377, 40.72546979020736], [-73.98383309334281, 40.7254705557431], [-73.98383379151966, 40.72547133027893], [-73.98383445417991, 40.72547213182506], [-73.98383501270003, 40.72547283970358], [-73.9838350931646, 40.725472942372896], [-73.98383567296149, 40.72547377092264], [-73.98383622908065, 40.72547461747924], [-73.98383674968755, 40.72547547303595], [-73.98383722294335, 40.72547634659619], [-73.98383766068689, 40.72547722915649], [-73.9838380510815, 40.72547812071529], [-73.98383840596387, 40.72547902127417], [-73.98383872533178, 40.725479939838245], [-73.98383899735289, 40.725480858395684], [-73.98383922202511, 40.72548178595154], [-73.98383941118726, 40.725482713502444], [-73.98383956483696, 40.72548365095393], [-73.98383967114029, 40.725484586597794], [-73.98383973009446, 40.72548553214057], [-73.98383974170187, 40.72548647767672], [-73.98383973085127, 40.72548729263595], [-73.98383972963808, 40.72548741420448], [-73.98383965838863, 40.72548835972901], [-73.98383955163129, 40.725489296243445], [-73.98383939752716, 40.725490232751206], [-73.98383920791295, 40.72549116925404], [-73.98383897095634, 40.72549208774005], [-73.98383869848749, 40.72549301522615], [-73.98383837867618, 40.72549392469542], [-73.98383802335697, 40.7254948251546], [-73.98383762069314, 40.72549571660205], [-73.98383718252141, 40.725496599039445], [-73.98383670884176, 40.72549747246675], [-73.98383618781969, 40.72549832787724], [-73.98383563128971, 40.72549917427758], [-73.98383503925399, 40.72550000266281], [-73.98383441171254, 40.72550081303288], [-73.98383374866535, 40.72550160538776], [-73.98383303827575, 40.725502379725825], [-73.98383230421496, 40.72550314505549], [-73.98383153465035, 40.72550388426536], [-73.98383143992642, 40.72550400942278], [-73.98379866512623, 40.725548534988945], [-73.98376579674132, 40.72559318750414], [-73.983735834008, 40.72563388808585], [-73.98373292594552, 40.72563783820824], [-73.98370543786943, 40.725675179332185], [-73.98370005628901, 40.72568248980342], [-73.9836898887115, 40.72569629676925], [-73.98366717475182, 40.72572714138725], [-73.98363430500721, 40.725771792963116], [-73.98360143521863, 40.725816444529286], [-73.98356856538601, 40.725861096085836], [-73.98353569550929, 40.72590574763273], [-73.98351503340926, 40.72593380453731], [-73.98350305056978, 40.72595006601386], [-73.98350235197265, 40.725950984432956], [-73.98350182744564, 40.72595162191818], [-73.98350161787187, 40.72595187583171], [-73.98350083643064, 40.72595274020836], [-73.9835000194813, 40.725953595574865], [-73.98349916702836, 40.72595442392099], [-73.98349826723268, 40.72595523425017], [-73.98349734377013, 40.72595601756067], [-73.98349637296714, 40.72595677384906], [-73.98349537849727, 40.72595750311881], [-73.98349434852373, 40.725958205368215], [-73.98349329488114, 40.72595888960402], [-73.98349219390029, 40.72595953781268], [-73.98349108108933, 40.725960159004345], [-73.9834901884819, 40.725960620837455], [-73.9834899327747, 40.72596075317565], [-73.98348876079544, 40.72596131132315], [-73.98348756514935, 40.725961842452016], [-73.98348634583854, 40.72596233755711], [-73.98348510286087, 40.72596280564352], [-73.98348383621831, 40.725963238606674], [-73.98348255774611, 40.725963642751815], [-73.9834812556091, 40.725964011773726], [-73.98347994164641, 40.72596433576846], [-73.9834786158514, 40.72596464175131], [-73.98347726639396, 40.725964902705286], [-73.98347591694551, 40.72596512763888], [-73.98347455566915, 40.72596531655037], [-73.9834731825627, 40.72596547844492], [-73.98347180946742, 40.725965595313994], [-73.9834704245421, 40.72596568516609], [-73.98346903962789, 40.72596572999273], [-73.9834676547204, 40.72596574780406], [-73.98346626982406, 40.725965720589926], [-73.98346488493667, 40.72596565735545], [-73.98346483167208, 40.72596565374576], [-73.98346351189282, 40.72596556710735], [-73.9834621270233, 40.72596543183211], [-73.9834607658363, 40.725965260539915], [-73.983459404656, 40.72596506223239], [-73.98345805532371, 40.72596481890112], [-73.98345671783487, 40.72596454855625], [-73.98345588575611, 40.7259643602303], [-73.983455392194, 40.72596423318763], [-73.98345407839662, 40.725963890805424], [-73.98345278828181, 40.72596351240624], [-73.98345151001045, 40.72596310699346], [-73.98345025542162, 40.72596266556373], [-73.98344902451528, 40.725962188117016], [-73.98344780545469, 40.725961674651636], [-73.98344578276915, 40.725960790061], [-73.98344185220236, 40.72595907132466], [-73.9833884504793, 40.72593574044939]], [[-73.98315299680762, 40.72521987988309], [-73.9830797878702, 40.725189081642476], [-73.98307629720891, 40.72519388444502], [-73.9829072456004, 40.72512276427914], [-73.98291025316551, 40.725118625085166], [-73.98283058353998, 40.725085107089456], [-73.98282757478775, 40.725089246281186], [-73.98278364912015, 40.725070766677526], [-73.982749591773, 40.725056438081985], [-73.98275259934472, 40.725052299792615], [-73.98267597510451, 40.725020062669756], [-73.98259599917996, 40.724986416592856], [-73.98259481983038, 40.72498803913207], [-73.98251554463458, 40.72495468757153], [-73.9824358138599, 40.72492114407834], [-73.9823564666279, 40.72488776268018], [-73.98227910898242, 40.724855217205906], [-73.98227728074527, 40.72485773294703], [-73.98219343272469, 40.724822456972596], [-73.98211825410098, 40.724790828445244], [-73.98209867389268, 40.724782591146955], [-73.98204174882012, 40.72475864224652], [-73.98195307583413, 40.72472133559628], [-73.98195793063066, 40.724714657280614], [-73.98189943040167, 40.724690045288], [-73.9818267137863, 40.724659451641735], [-73.98182335094552, 40.72466407702652], [-73.98167478868945, 40.72460157435014], [-73.98163587316044, 40.724655112425616], [-73.98160083788247, 40.72470331018782], [-73.98156731820984, 40.724749425304005], [-73.98153603290389, 40.72479246462918], [-73.98149309354517, 40.72485153743948], [-73.98145735469771, 40.72490070399148], [-73.98144987839989, 40.724897558209285], [-73.98139818118507, 40.724968680185334], [-73.9813452511943, 40.725041495795466], [-73.98153455222118, 40.7251211385202], [-73.98156104862922, 40.72512499964701], [-73.98165009356032, 40.72516246244442], [-73.98182370643252, 40.72523550326044], [-73.98186583179358, 40.725253226518745], [-73.98191135035857, 40.72527237760163], [-73.98190914081349, 40.72527541737321], [-73.9819706477294, 40.725301294144415], [-73.98203515376403, 40.725328432063414], [-73.98211242189116, 40.725360939864125], [-73.98235235762387, 40.72546188343386], [-73.98235088105102, 40.72546391385549], [-73.98243174152795, 40.72549793214557], [-73.98243682368042, 40.72549093956748], [-73.98259286742595, 40.725556587862094], [-73.98273035589617, 40.7256144302521], [-73.98290840113914, 40.72568933414614], [-73.98322353606979, 40.72582191020913], [-73.98324413072974, 40.7258364564287], [-73.98339178469129, 40.72589857422175], [-73.9834617338619, 40.72592800121802], [-73.98352743489947, 40.72583761213769], [-73.98370941894805, 40.725576750654206], [-73.98370949117663, 40.72557664980739], [-73.98374150009636, 40.72553261313507], [-73.98377508022958, 40.725486413652206], [-73.98361742822873, 40.72542009044818], [-73.98362011488001, 40.72541639514117], [-73.98354156890852, 40.7253833514665], [-73.98346385859661, 40.72535065905662], [-73.98339575754059, 40.72532200946512], [-73.98338455294599, 40.72531729548473], [-73.98330890570028, 40.7252854704579], [-73.98322912560519, 40.72525190769733], [-73.98315299680762, 40.72521987988309]]]]}, "properties": {"shape_area": "22659.8911471", "shape_leng": "3510.13170765", "feat_code": "3800", "status": "Updated", "sub_code": "380000", "source_id": "12380001469.0"}}, {"type": "Feature", "geometry": {"type": "MultiPolygon", "coordinates": [[[[-73.98071303341267, 40.72961179461556], [-73.98065816183573, 40.729588606321165], [-73.98059894649964, 40.72956358023129], [-73.98053973120803, 40.72953855411086], [-73.98048050412349, 40.72951352795792], [-73.98042128892084, 40.72948850177638], [-73.9803620737627, 40.729463475564366], [-73.98030284681161, 40.72943844931977], [-73.98024363174241, 40.72941342304664], [-73.98018441672033, 40.729388387737906], [-73.98012518990271, 40.72936336140168], [-73.98009964805513, 40.72935256979775], [-73.98006597496665, 40.72933833593747], [-73.9800067612594, 40.72931330864187], [-73.9799475452286, 40.72928828311637], [-73.97988831858889, 40.72926325665795], [-73.97986701997156, 40.72925425505393], [-73.97982910501503, 40.72923822927076], [-73.97977083715115, 40.72921366037805], [-73.97971255631055, 40.729189086950946], [-73.97965428971634, 40.72916451799929], [-73.97959601724672, 40.72913994811656], [-73.97953774126943, 40.729115376402575], [-73.97953542381883, 40.72911439893885], [-73.97947947480384, 40.72909080826274], [-73.97942119417868, 40.729066232886744], [-73.97936292779931, 40.729041663787264], [-73.97930465672883, 40.729017091955825], [-73.97925387773829, 40.72899568132976], [-73.97924637978241, 40.728992520994275], [-73.97918811234767, 40.72896795360689], [-73.97912750152734, 40.728942242119146], [-73.97906690259109, 40.72891653060161], [-73.97900629186154, 40.72889082805502], [-73.9789456811815, 40.72886511647134], [-73.97888508238269, 40.728839413862886], [-73.97882447179626, 40.728813702215234], [-73.97876386125654, 40.72878799053557], [-73.97870326259803, 40.72876228783121], [-73.97868066832056, 40.72875265721238], [-73.97865069096623, 40.72873988424617], [-73.97864671181893, 40.728738188750995], [-73.97864568212646, 40.72873772029553], [-73.9786446642771, 40.72873723383207], [-73.97864367011378, 40.728736711352695], [-73.97864271146807, 40.728736170869674], [-73.9786417646683, 40.728735603373586], [-73.97864085338901, 40.7287350088688], [-73.97863996579294, 40.72873438735317], [-73.97863911371452, 40.728733747833935], [-73.97863828531925, 40.72873308130384], [-73.97863748060432, 40.72873239676798], [-73.97863671140699, 40.72873169422851], [-73.97863597772725, 40.728730973685444], [-73.97863527956801, 40.728730226133685], [-73.97863488079786, 40.728729771302824], [-73.97863461692346, 40.72872946958344], [-73.97863397796213, 40.728728686022315], [-73.97863338635285, 40.72872789346494], [-73.97863283026109, 40.728727082903916], [-73.97863230968403, 40.72872626334441], [-73.97863182462459, 40.72872542578132], [-73.97863137508271, 40.728724570214645], [-73.97863096105267, 40.728723714654585], [-73.97863068900024, 40.72872307614342], [-73.97863059437748, 40.728722841093116], [-73.97863027505423, 40.728721958535324], [-73.97862997940555, 40.72872107598195], [-73.97862973111172, 40.72872017542719], [-73.97862953016697, 40.72871927488122], [-73.97862936473402, 40.72871837434185], [-73.97862928796393, 40.7287178376244], [-73.97862923481576, 40.72871746480397], [-73.97862915224945, 40.72871654626975], [-73.97862911702934, 40.728715636749456], [-73.9786291173239, 40.72871471823069], [-73.97862915312737, 40.728713808723555], [-73.97862923628281, 40.728712890220116], [-73.9786293667844, 40.728711980730566], [-73.97862953279493, 40.72871108025267], [-73.97862973431721, 40.72871017978144], [-73.97862998318855, 40.72870927931892], [-73.97863026756593, 40.7287083968732], [-73.97863059929234, 40.72870751443624], [-73.97863096652766, 40.72870664101096], [-73.97863138110625, 40.72870578560468], [-73.97863181935936, 40.72870493020274], [-73.978632153355, 40.728704353939165], [-73.97863230495574, 40.72870409281977], [-73.97863282605813, 40.72870327345358], [-73.97863339450667, 40.72870246310122], [-73.97864771211815, 40.72868261854571], [-73.978668898377, 40.72865325688406], [-73.97870263761632, 40.72860664379434], [-73.9787363768113, 40.72856002168931], [-73.9787701159562, 40.728513408579225], [-73.9788038550539, 40.7284667954589], [-73.97883759410732, 40.72842017332337], [-73.97887134494782, 40.72837356018485], [-73.97890508390675, 40.72832693802892], [-73.97893882281565, 40.728280324867875], [-73.97897256168022, 40.72823370269161], [-73.97900309121648, 40.728191546443306], [-73.97900543600096, 40.728188296034304], [-73.97900608731497, 40.72818744066974], [-73.9790067741348, 40.72818660332181], [-73.97900707727645, 40.72818625397969], [-73.9790074846233, 40.728185783988415], [-73.97900824245473, 40.72818498267379], [-73.9790090357892, 40.72818420838089], [-73.9790098646295, 40.72818345210462], [-73.97901072897564, 40.728182713844994], [-73.97901161698758, 40.72818200260495], [-73.97901254050534, 40.72818130938158], [-73.97901349952608, 40.72818064317989], [-73.97901448221259, 40.72818000399777], [-73.97901548856498, 40.72817939183524], [-73.97901653042035, 40.72817880669441], [-73.97901759594153, 40.72817824857315], [-73.97901868512854, 40.728177717471446], [-73.97901979798131, 40.728177213389365], [-73.97902060538298, 40.72817687494516], [-73.97902093449996, 40.72817673632679], [-73.97902208284442, 40.728176295286715], [-73.97902326669187, 40.72817588126834], [-73.97902445053082, 40.72817549426525], [-73.97902565803267, 40.72817514328679], [-73.97902688919731, 40.728174829233474], [-73.979028120354, 40.72817454039441], [-73.97902937517622, 40.72817427947542], [-73.97903062998711, 40.728174054576755], [-73.97903190846094, 40.72817386570273], [-73.97903318692349, 40.728173712849035], [-73.97903446537752, 40.728173587010595], [-73.97903575565739, 40.72817349719466], [-73.97903704592592, 40.72817344339904], [-73.9790382118948, 40.72817341929757], [-73.97903833618592, 40.72817341661865], [-73.97903963827179, 40.728173425860774], [-73.97904092850918, 40.72817347112107], [-73.97904221873523, 40.72817355240169], [-73.97904350895273, 40.72817366069757], [-73.9790447873218, 40.72817380501163], [-73.97904605384237, 40.72817398534386], [-73.97904732035445, 40.72817419269134], [-73.97904857501806, 40.72817443605701], [-73.97904981783311, 40.728174715440865], [-73.97905104880259, 40.728175021837785], [-73.97905225608639, 40.72817536425077], [-73.97905346336172, 40.72817573367897], [-73.97905463511418, 40.72817613912106], [-73.9790554352141, 40.72817643463346], [-73.97905580685823, 40.728176571578395], [-73.97905694308227, 40.728177031044524], [-73.97906339348867, 40.72817974274889], [-73.97911743491485, 40.72820240035729], [-73.9791746365078, 40.72822632822915], [-73.97923182630745, 40.72825024706533], [-73.9792541128252, 40.7282595632437], [-73.97928902798535, 40.72827416587516], [-73.97934622970156, 40.728298093661536], [-73.9794034196244, 40.728322012412264], [-73.9794606214227, 40.72834594014171], [-73.97951781142766, 40.72836985883541], [-73.97957501330812, 40.728393786507866], [-73.97963221523244, 40.7284177051467], [-73.97968585449173, 40.728440650579174], [-73.979739493788, 40.7284635959866], [-73.97975200528933, 40.72846894810962], [-73.97979314495842, 40.72848654137106], [-73.97984678432859, 40.72850948672834], [-73.9799004355729, 40.728532432062664], [-73.97996161448714, 40.72855820627943], [-73.98002279344607, 40.7285839894687], [-73.98008397245228, 40.72860977262536], [-73.98014515150588, 40.72863555574943], [-73.98020634244403, 40.72866133884298], [-73.98026752159232, 40.72868712190187], [-73.9803287007879, 40.72871290492814], [-73.98038988003353, 40.72873867891673], [-73.98045105932377, 40.728764461877816], [-73.9805122504987, 40.72879024480834], [-73.98057342988365, 40.72881602770422], [-73.98063460931598, 40.728841810567516], [-73.98069578879561, 40.728867593398206], [-73.98075696832264, 40.72889337619628], [-73.98081856218957, 40.7289192040563], [-73.98088015610172, 40.72894504088827], [-73.98094175006158, 40.72897087768723], [-73.98100334406926, 40.72899671445316], [-73.98105008287531, 40.7290163172225], [-73.98106492628989, 40.729022542178974], [-73.98112652039308, 40.729048378878886], [-73.9811743256801, 40.729068459041976], [-73.98118172195042, 40.7290715643042], [-73.98118591305231, 40.72907332368244], [-73.98118708480301, 40.72907383716381], [-73.98118822103419, 40.72907437765463], [-73.98118933358055, 40.7290749541619], [-73.98119042244717, 40.72907554867545], [-73.98119148762899, 40.729076179205485], [-73.98119251729116, 40.72907683674497], [-73.98119351143377, 40.72907752129391], [-73.98119448189414, 40.72907823285424], [-73.98119468308455, 40.72907838957559], [-73.98119541683745, 40.72907896241893], [-73.98119631626116, 40.72907971899301], [-73.98119718016528, 40.72908050257659], [-73.98119800854974, 40.72908131316966], [-73.98119880141975, 40.72908213276198], [-73.98119955877016, 40.729082979363746], [-73.98120026876363, 40.72908385297305], [-73.98120094324258, 40.729084735581594], [-73.98120158220449, 40.72908563619457], [-73.981202173812, 40.72908655480993], [-73.98120271806512, 40.72908749142776], [-73.9812032268037, 40.72908843704489], [-73.98120368819043, 40.72908939165931], [-73.98120410222272, 40.72909036427623], [-73.98120448074053, 40.72909134589243], [-73.98120481190647, 40.72909233650599], [-73.98120509572054, 40.72909333611687], [-73.98120533218277, 40.72909434472514], [-73.9812055212954, 40.72909535422617], [-73.98120566305667, 40.72909637092357], [-73.98120575746582, 40.72909739751883], [-73.98120579045089, 40.72909796304362], [-73.98120581636549, 40.72909841510317], [-73.98120581607597, 40.72909944168296], [-73.98120576843962, 40.729100459249956], [-73.9812056852913, 40.72910147681114], [-73.98120554295629, 40.72910249436263], [-73.98120536510926, 40.729103511908356], [-73.98120513991543, 40.72910452044126], [-73.98120486737479, 40.729105519961365], [-73.98120454748734, 40.72910651046861], [-73.98120418025307, 40.729107491963084], [-73.98120376566945, 40.72910847344982], [-73.98120331558147, 40.72910942791551], [-73.9812028181441, 40.72911038237346], [-73.9812024237695, 40.72911106039205], [-73.98120227336243, 40.72911131881346], [-73.98120169307381, 40.72911223723755], [-73.98120106543838, 40.72911314664879], [-73.98120040229854, 40.72911402903899], [-73.98119969181188, 40.729114902416384], [-73.9811989458208, 40.72911574877265], [-73.98119816432276, 40.729116577113], [-73.98119733548026, 40.7291173883359], [-73.98119354132145, 40.7291226169699], [-73.98116400986605, 40.72916329802302], [-73.98113067828623, 40.72920921130128], [-73.98109734429353, 40.72925512276817], [-73.98106401854388, 40.729301024320925], [-73.98103068445907, 40.729346936668456], [-73.98102647935738, 40.72935272624589], [-73.9809973479614, 40.729392847204615], [-73.98096402443866, 40.72943875863354], [-73.98093068903515, 40.72948466104544], [-73.98089735358315, 40.72953057245252], [-73.98086401808521, 40.72957648384968], [-73.98084805491612, 40.72959849863025], [-73.98083673977284, 40.729614094456615], [-73.98082931594624, 40.72962432750073], [-73.98082920226189, 40.72962448417027], [-73.98082850358422, 40.729625420582856], [-73.98082775756197, 40.729626338977354], [-73.98082696419519, 40.729627239353846], [-73.98082613532128, 40.72962812171423], [-73.98082527094283, 40.72962897705344], [-73.98082437105727, 40.72962981437656], [-73.98082342383238, 40.72963061567144], [-73.98082245293514, 40.72963140795724], [-73.98082143469854, 40.72963216421487], [-73.98082039279481, 40.729632893453264], [-73.98081931538657, 40.729633595670485], [-73.98081820247378, 40.729634270866526], [-73.98081706589394, 40.72963491904338], [-73.98081589380952, 40.72963554019898], [-73.98081470989803, 40.7296361253323], [-73.98081349048456, 40.72963667443934], [-73.98081223556402, 40.7296372055303], [-73.980810968819, 40.72963769159383], [-73.98080969024403, 40.729638151540634], [-73.98080837616763, 40.72963857366017], [-73.98080705026389, 40.72963896065785], [-73.98080599546897, 40.72963923783866], [-73.98080571253314, 40.729639311633214], [-73.98080435113525, 40.72963963558932], [-73.98080297791287, 40.729639914518046], [-73.98080160469829, 40.729640166431494], [-73.98080020782184, 40.72964037331557], [-73.98079879911569, 40.72964055318238], [-73.98079739042251, 40.729640688023764], [-73.9807959817371, 40.729640795849875], [-73.9807945612273, 40.72964085864856], [-73.98079314072781, 40.729640885426875], [-73.98079172023871, 40.729640876184845], [-73.98079029975999, 40.729640830922456], [-73.98078942853967, 40.72964078034862], [-73.9807888911291, 40.729640749641675], [-73.9807874706712, 40.72964063233857], [-73.98078606206107, 40.729640479017085], [-73.98078466530139, 40.72964028067212], [-73.9807832803869, 40.72964005531387], [-73.98078190732032, 40.729639793937224], [-73.98078053426667, 40.729639487535174], [-73.9807791848957, 40.729639154121784], [-73.98077784737255, 40.729638784689996], [-73.98077653353472, 40.72963837924181], [-73.98077523154467, 40.729637937775244], [-73.9807739532373, 40.729637469297366], [-73.98077370231286, 40.729637368398485], [-73.98077269861521, 40.72963696480307], [-73.98071737721631, 40.72961363238049], [-73.98071303341267, 40.72961179461556]], [[-73.98102839356599, 40.7292650440386], [-73.98105666353385, 40.72922765867479], [-73.98105743050377, 40.729227978481546], [-73.98107646181546, 40.729201589504214], [-73.98115736893189, 40.729096962769646], [-73.9809988523443, 40.72902804330811], [-73.98077720241896, 40.728932324774206], [-73.98075963087007, 40.72892500070413], [-73.98052095597944, 40.7288255111012], [-73.9802318097275, 40.72870318265236], [-73.97996110295865, 40.72859022918016], [-73.97990428068061, 40.728566519689586], [-73.97968725015356, 40.728479307863374], [-73.97966535063749, 40.72846980002914], [-73.9796593984868, 40.728467215418355], [-73.97965569511044, 40.728465608256556], [-73.97962513072368, 40.728452340160054], [-73.97960805898582, 40.72844492685179], [-73.97959520074096, 40.72843934322091], [-73.97958971492025, 40.728436960403116], [-73.97958159330231, 40.72843343347163], [-73.97948670820037, 40.7283922363434], [-73.97920651321017, 40.728274490495764], [-73.9790703924277, 40.72821110603933], [-73.97906628874392, 40.72821026061614], [-73.97906204518432, 40.728210042822006], [-73.97905782865045, 40.72821046079174], [-73.97905380131634, 40.72821149924631], [-73.97905012181249, 40.72821311859211], [-73.97904795988902, 40.72821456531632], [-73.97904030105906, 40.72821136081288], [-73.9790081704297, 40.72825580317068], [-73.97901478891158, 40.72825857254095], [-73.97901123032658, 40.7282633689024], [-73.97897959857019, 40.72830599951928], [-73.97894894375824, 40.72834731376216], [-73.97888413226019, 40.72843466114667], [-73.97887949505362, 40.72843272060047], [-73.9788625201396, 40.72845620005136], [-73.97886032573975, 40.7284592352634], [-73.9788452230994, 40.72848012609288], [-73.97883660536498, 40.728492046344115], [-73.97882678206771, 40.72850563411514], [-73.97880981540668, 40.728529100952485], [-73.97876552344654, 40.728590365206095], [-73.97867512974695, 40.72871539583914], [-73.97887782671538, 40.72880020438474], [-73.97888023192176, 40.7287968774464], [-73.97899107537872, 40.72884461747872], [-73.97922080622736, 40.72895145949132], [-73.97945673970366, 40.72904959963518], [-73.97966572682517, 40.729133927940524], [-73.97969699252698, 40.72914646223409], [-73.97976995021658, 40.72917571098797], [-73.97979039319972, 40.72918390650464], [-73.97985084868826, 40.72920814348268], [-73.97985443494336, 40.72920967587534], [-73.97992846807169, 40.72924130025833], [-73.98076365302636, 40.729598064924296], [-73.98076734954066, 40.72959914975408], [-73.98076906118266, 40.729599321136604], [-73.98077127826788, 40.729599543932444], [-73.98077522022209, 40.72959922491013], [-73.9807789528541, 40.7295982115606], [-73.98078226899287, 40.72959655968087], [-73.98078498276402, 40.72959436199233], [-73.98094008024617, 40.729383240119056], [-73.98102839356599, 40.7292650440386]]]]}, "properties": {"shape_area": "21197.3787242", "shape_leng": "3605.50180846", "feat_code": "3800", "status": "Unchanged", "sub_code": "380000", "source_id": "12380001571.0"}}, {"type": "Feature", "geometry": {"type": "MultiPolygon", "coordinates": [[[[-73.98336851029264, 40.72990066867931], [-73.98330857164322, 40.72987537372712], [-73.98324863303705, 40.72985008774867], [-73.98318869447642, 40.72982480173898], [-73.983128755961, 40.72979951659848], [-73.98306836764996, 40.72977430160022], [-73.98300797938671, 40.729749078465645], [-73.9829475793294, 40.72972386430266], [-73.98288719115523, 40.7296986501096], [-73.98282680302913, 40.729673426879764], [-73.98276413074352, 40.72964658236084], [-73.98273425519608, 40.729633787061545], [-73.98270145850847, 40.72961973780773], [-73.98263878632392, 40.7295928932204], [-73.98257612602963, 40.72956603959557], [-73.98251345394601, 40.72953919493983], [-73.98245078191295, 40.72951235024987], [-73.98238812177016, 40.729485496522436], [-73.98232544983803, 40.72945865176408], [-73.98226277795642, 40.729431806971505], [-73.98220573987119, 40.7294081508159], [-73.98214868998906, 40.729384494630075], [-73.98209165198477, 40.72936083841775], [-73.9820724775641, 40.72935289384878], [-73.98203460218365, 40.729337182175314], [-73.98197756425796, 40.729313534911405], [-73.98192051453783, 40.729289878612235], [-73.98186347669558, 40.729266222286626], [-73.98180839538668, 40.72924338210254], [-73.98180642705641, 40.72924256593077], [-73.98174938929515, 40.72921890954847], [-73.98169233973704, 40.72919525313597], [-73.98163442630899, 40.72917081311483], [-73.9815765129259, 40.72914636405941], [-73.98151861142014, 40.72912192398173], [-73.98147033259276, 40.72910150169224], [-73.98146605745106, 40.72909969008135], [-73.98146378731805, 40.729098727072184], [-73.98146259189507, 40.729098195579645], [-73.98146142015428, 40.72909763707565], [-73.98146027209826, 40.72909704255516], [-73.98145915956172, 40.72909642102506], [-73.98145807070739, 40.72909577248351], [-73.98145701737509, 40.72909508792734], [-73.98145598772251, 40.72909438536477], [-73.98145499359198, 40.72909364678758], [-73.98145403497853, 40.72909289020598], [-73.98145311188456, 40.72909210661479], [-73.98145222431015, 40.72909129601405], [-73.98145137225525, 40.729090458403775], [-73.98145127640095, 40.72909035753139], [-73.98145056755223, 40.72908961179603], [-73.98144979836874, 40.72908873817873], [-73.9814490647048, 40.729087837551944], [-73.98144837839277, 40.729086927927646], [-73.98144772760021, 40.7290859912938], [-73.98144712415952, 40.72908504566251], [-73.98144655623584, 40.7290840820268], [-73.98144604750136, 40.72908310939551], [-73.9814455742839, 40.72908211875974], [-73.98144514842079, 40.729081110121456], [-73.98144476990701, 40.72908010149078], [-73.9814444387476, 40.729079074857616], [-73.9814441549375, 40.729078048232026], [-73.98144391847926, 40.729077012608975], [-73.98144371753527, 40.72907596888711], [-73.98144369745293, 40.729075821200425], [-73.98144357578094, 40.72907491436866], [-73.98144348137318, 40.72907386976344], [-73.98144343431724, 40.729072816160745], [-73.98144343461064, 40.729071762565674], [-73.98144349409068, 40.72907070898021], [-73.9814435890827, 40.7290696554004], [-73.98144373142154, 40.729068610833316], [-73.98144392110967, 40.72906756627386], [-73.98144416998194, 40.72906653072903], [-73.9814444543637, 40.72906550419505], [-73.98144478609474, 40.72906447766864], [-73.9814451770074, 40.72906346916197], [-73.98144560342953, 40.729062469666076], [-73.98144607719846, 40.72906147918297], [-73.98144622287407, 40.72906120455128], [-73.98144659831418, 40.72906049771251], [-73.98144715493684, 40.729059534257956], [-73.98144775890378, 40.729058588821175], [-73.981448410215, 40.72905766140221], [-73.98145192724711, 40.72905282623747], [-73.98148303578645, 40.72901006608906], [-73.98151721130336, 40.72896314607444], [-73.9815513749373, 40.72891621704237], [-73.98158553852313, 40.72886928799988], [-73.98161971389565, 40.7288223679539], [-73.98165387738524, 40.72877543889053], [-73.98168805266158, 40.728728518823715], [-73.98172221605492, 40.728681589739416], [-73.9817563793977, 40.72863466964984], [-73.98177686198493, 40.728606542802886], [-73.98179055453205, 40.728587740546565], [-73.98179947131949, 40.72857550224218], [-73.98182401911154, 40.728541810885375], [-73.98182467039528, 40.728540946499834], [-73.98182536902549, 40.72854009112683], [-73.98182611499725, 40.72853926277655], [-73.98182688463856, 40.7285384524402], [-73.98182770162387, 40.72853766012151], [-73.98182854227628, 40.7285368948218], [-73.98182891168267, 40.72853658420455], [-73.98182943027263, 40.72853614753969], [-73.98183034193612, 40.72853542727658], [-73.98183130094115, 40.72853473403621], [-73.98183227177604, 40.72853406781295], [-73.98183328995493, 40.72853341960731], [-73.9818343199637, 40.728532798418854], [-73.98183539731147, 40.72853221325815], [-73.98183648648919, 40.728531655114566], [-73.98183759933396, 40.72853112398997], [-73.98183874768307, 40.72853061988622], [-73.98183990785958, 40.72853015180467], [-73.98184109170286, 40.72852971164264], [-73.98184229921134, 40.72852930570362], [-73.98184351854941, 40.72852892768223], [-73.98184476155214, 40.72852858568495], [-73.98184492373304, 40.7285285460881], [-73.98184601638229, 40.72852827970983], [-73.98184728304223, 40.728528000751815], [-73.98184856152963, 40.728527757816025], [-73.98184985184446, 40.72852755090243], [-73.98185115398914, 40.72852737100592], [-73.98185245612152, 40.72852723613483], [-73.9818537700838, 40.728527128280874], [-73.98185508403628, 40.72852705644723], [-73.98185639797894, 40.72852702063393], [-73.9818577119118, 40.72852702084096], [-73.98185903767204, 40.728527057070195], [-73.9818603515853, 40.72852712931789], [-73.98186060134525, 40.72852715006893], [-73.98186166548875, 40.72852723758589], [-73.98186296754761, 40.72852737286728], [-73.98186426959663, 40.72852754416904], [-73.98186555979868, 40.72852775148923], [-73.98186683815369, 40.72852799482791], [-73.98186810466169, 40.72852827418507], [-73.9818693593251, 40.72852858055556], [-73.98187059030421, 40.728528922942644], [-73.98187182127357, 40.72852930135011], [-73.98187301672392, 40.728529706767226], [-73.98187363456552, 40.7285299346932], [-73.98187421216448, 40.7285301482047], [-73.98187537208602, 40.72853061665179], [-73.9819393687225, 40.728557506891924], [-73.98200216999011, 40.7285838746145], [-73.98206497130501, 40.72861025130781], [-73.98212777267204, 40.72863661896169], [-73.98219057408882, 40.728662986581234], [-73.9822084238462, 40.7286705175932], [-73.98225040470234, 40.72868822807268], [-73.98231023536364, 40.728713460527835], [-73.98237007790514, 40.72873870195871], [-73.98242990865707, 40.72876393435155], [-73.98248973945188, 40.728789175718276], [-73.98254957029444, 40.72881440804873], [-73.98260941301959, 40.72883964034982], [-73.98266924395043, 40.728864881623004], [-73.98272907492886, 40.728890113859926], [-73.98278716607629, 40.728914544352925], [-73.98284524542669, 40.72893898381982], [-73.98290332482206, 40.72896341425231], [-73.98296141609725, 40.72898784465712], [-73.98301949557774, 40.72901227503083], [-73.98307757510081, 40.72903670537513], [-73.98313565466646, 40.7290611356901], [-73.98319374611204, 40.729085565977385], [-73.9832513404832, 40.72910979264803], [-73.98325182576285, 40.72910999623359], [-73.98330720680646, 40.729133372474074], [-73.98336257604939, 40.72915675769129], [-73.98341795716847, 40.72918014288352], [-73.98343260553415, 40.7291863287847], [-73.98347333832648, 40.72920352804902], [-73.98347472315187, 40.729204112677834], [-73.98352870768817, 40.729226904181004], [-73.98359048047371, 40.7292528296384], [-73.98361428768659, 40.72926282417159], [-73.98365224146991, 40.729278755060854], [-73.98371400251422, 40.72930468045008], [-73.98377576360654, 40.729330605806084], [-73.9838293577738, 40.72935315397554], [-73.98383397388021, 40.7293550988218], [-73.98383531136217, 40.72935568434012], [-73.98383653402136, 40.72935627074286], [-73.98383662515847, 40.72935631488056], [-73.98383791527344, 40.72935697243291], [-73.98383916986762, 40.72935766600063], [-73.98384038894093, 40.729358395583674], [-73.98384157249559, 40.72935915217699], [-73.98384273236678, 40.729359944787305], [-73.98384384488186, 40.72936076440619], [-73.98384492187833, 40.72936161103539], [-73.98384595151657, 40.729362493678266], [-73.98384695747572, 40.72936339432799], [-73.9838477752445, 40.72936419589536], [-73.98384790424141, 40.72936432198465], [-73.98384881548846, 40.729365276651556], [-73.98384969121679, 40.72936625832875], [-73.98385050775391, 40.72936725800781], [-73.98385128877455, 40.72936827569207], [-73.98385201060175, 40.72936932038323], [-73.98385269691246, 40.72937038307961], [-73.9838533240341, 40.72937145477279], [-73.98385390379967, 40.72937255347457], [-73.98385443621356, 40.729373661174776], [-73.98385492127356, 40.729374786878516], [-73.98385534714447, 40.72937592157906], [-73.98385572566363, 40.72937706527805], [-73.98385605683114, 40.729378217975444], [-73.98385631697218, 40.72937937966801], [-73.98385654159888, 40.72938055036069], [-73.98385670703867, 40.729381721045044], [-73.98385681328935, 40.72938290072617], [-73.98385687219029, 40.729384081301184], [-73.98385687190472, 40.729385260066906], [-73.98385684570283, 40.729385919235504], [-73.98385682426942, 40.72938643972648], [-73.98385671744934, 40.729387610372655], [-73.98385656327756, 40.72938879001729], [-73.98385634992317, 40.72938995164347], [-73.98385607738186, 40.72939111326135], [-73.983855757491, 40.729392274872545], [-73.98385539025493, 40.72939341846699], [-73.98385496383416, 40.729394553048], [-73.98385449006595, 40.7293956786173], [-73.98385395711514, 40.72939678616814], [-73.98385338865434, 40.729397884708916], [-73.98385333417987, 40.729397977453665], [-73.98385276101094, 40.72939896523121], [-73.98385208602234, 40.72940002773671], [-73.98385135185333, 40.72940106321859], [-73.9838505821743, 40.729402089690424], [-73.98384976515224, 40.72940308914039], [-73.98384890078502, 40.72940407057353], [-73.98384800090992, 40.72940503399146], [-73.98384732601919, 40.72940569216859], [-73.98381343604439, 40.72945248594015], [-73.98377954601949, 40.729499289607034], [-73.98374565594926, 40.72954608425859], [-73.98371176583144, 40.729592878899794], [-73.98367787566382, 40.72963968253589], [-73.9836439854508, 40.72968647715658], [-73.9836100951879, 40.729733280772074], [-73.98357620487967, 40.72978007537225], [-73.98354231452161, 40.7298268789672], [-73.9835084241182, 40.72987367354682], [-73.98349288805242, 40.7298950764084], [-73.98347943608144, 40.729913622253314], [-73.98347673621332, 40.729917343667644], [-73.98347616782894, 40.72991809100817], [-73.98347555209692, 40.72991882933681], [-73.98347492453182, 40.72991954965355], [-73.98347424962124, 40.72992025195333], [-73.98347355104016, 40.72992093623954], [-73.98347281695108, 40.7299216025105], [-73.98347205919374, 40.72992224176277], [-73.98347126592617, 40.7299228720049], [-73.98347044899033, 40.729923475228354], [-73.98346960838403, 40.72992406043823], [-73.98346874410939, 40.7299246186294], [-73.98346784432675, 40.72992515880533], [-73.98346692087587, 40.72992567196261], [-73.98346665212975, 40.72992581420439], [-73.98346598559193, 40.729926167108005], [-73.98346502663952, 40.72992663613525], [-73.98346404401927, 40.729927076342825], [-73.98346303773059, 40.72992749043223], [-73.98346201961105, 40.729927877504686], [-73.98346098966073, 40.72992823756018], [-73.98345993603989, 40.729928579602074], [-73.98345887059052, 40.72992888562188], [-73.98345779331041, 40.729929164624764], [-73.98345669236198, 40.729929416609004], [-73.98345559142248, 40.72992963257287], [-73.98345447864996, 40.72992983052485], [-73.98345336588639, 40.7299299924565], [-73.9834522412898, 40.72993013637626], [-73.98345110486696, 40.72993023526888], [-73.98344996844853, 40.729930316151325], [-73.98344883203904, 40.729930361013416], [-73.98344789805815, 40.729930375287296], [-73.98344769563627, 40.72993037886024], [-73.98344654740272, 40.72993036969008], [-73.98344541101342, 40.729930333506374], [-73.98344427463302, 40.72993026130231], [-73.98344313825933, 40.72993016208297], [-73.98344201373209, 40.72993002684501], [-73.9834408892093, 40.72992987359685], [-73.98343977653302, 40.72992968433004], [-73.9834386757009, 40.729929468049676], [-73.98343758671297, 40.729929224755736], [-73.98343733577421, 40.729929160783556], [-73.983436497734, 40.72992894544147], [-73.98343543243449, 40.72992864812044], [-73.98343437898147, 40.72992831478075], [-73.98343333737037, 40.72992796343256], [-73.9834323194432, 40.729927576067446], [-73.983431313358, 40.729927170693855], [-73.98341957654331, 40.729922217108076], [-73.98337660627543, 40.72990408277566], [-73.98336851029264, 40.72990066867931]], [[-73.98343620823104, 40.7298792490359], [-73.98343722022888, 40.72987967602251], [-73.98343991062053, 40.729875983423966], [-73.98344012611, 40.72987579254716], [-73.98360960117655, 40.72964342435653], [-73.98379549895171, 40.72938872560853], [-73.9837963327449, 40.729386911201075], [-73.98379935583803, 40.72938276298338], [-73.98379833674363, 40.729382333297394], [-73.98379848975374, 40.72938106720388], [-73.98379424074038, 40.729378567694624], [-73.9836481480954, 40.72931740070668], [-73.98354086086151, 40.72927101643235], [-73.98339361473923, 40.729209061010614], [-73.98312446552809, 40.729095813538535], [-73.98283861080877, 40.72897500857998], [-73.98264050204268, 40.72889128470973], [-73.9822588635782, 40.72872836324689], [-73.98218304505343, 40.72869599626364], [-73.98196759556433, 40.72861087906284], [-73.98186318875904, 40.72856704841477], [-73.98186173341568, 40.728569056319884], [-73.98186093330425, 40.72856874011532], [-73.98184779528124, 40.72858564329461], [-73.98184124335994, 40.72859435648414], [-73.9818388075557, 40.72859759613026], [-73.98181938742638, 40.72862342235634], [-73.98176852082652, 40.72869106682954], [-73.98164293117945, 40.72885808312951], [-73.98159297738162, 40.72892390233757], [-73.98155102250959, 40.728979182351516], [-73.98148754890663, 40.72906281680963], [-73.98162724917651, 40.729119830574724], [-73.98166544042883, 40.72913541726231], [-73.98168454492483, 40.72914326463328], [-73.98172095822139, 40.72915889964705], [-73.98172419772145, 40.72916029054657], [-73.98173052640541, 40.72916300748485], [-73.98172567363143, 40.72916967858315], [-73.98189930293069, 40.729242772376175], [-73.98190562644199, 40.72923407805887], [-73.98190666564622, 40.72923450506325], [-73.9822615845264, 40.72938371962903], [-73.98242333142018, 40.729452274036234], [-73.98246710008978, 40.72947068260176], [-73.98256687008573, 40.72951276140598], [-73.9825669553459, 40.72951264345229], [-73.98257242481115, 40.729514942378096], [-73.98258641035719, 40.72952082121288], [-73.98275364884731, 40.7295911166681], [-73.9830709188802, 40.72972668758604], [-73.98312100705706, 40.72974851606214], [-73.98326133177187, 40.72980967026977], [-73.98330465350168, 40.72982787853813], [-73.9834296416954, 40.72988041154816], [-73.98343434105185, 40.729880896697885], [-73.98343620823104, 40.7298792490359]]]]}, "properties": {"shape_area": "23489.7826272", "shape_leng": "3394.55951992", "feat_code": "3800", "status": "Updated", "sub_code": "380000", "source_id": "12380001580.0"}}, {"type": "Feature", "geometry": {"type": "MultiPolygon", "coordinates": [[[[-73.98297945059689, 40.73056221091006], [-73.98297879361847, 40.73056217929516], [-73.98297837102366, 40.73056215041641], [-73.98297747966849, 40.73056208905009], [-73.9829761657277, 40.73056196278466], [-73.98297486363371, 40.73056180050064], [-73.98297405515753, 40.730561677011444], [-73.98297356154896, 40.73056160219625], [-73.98297227131103, 40.73056136787327], [-73.98297100475519, 40.7305611065385], [-73.98296973820852, 40.73056080918342], [-73.9829684835064, 40.7305604848148], [-73.9829672524887, 40.73056012442934], [-73.9829660333178, 40.73055972802528], [-73.9829648378313, 40.73055929560441], [-73.9829636660246, 40.730558845176816], [-73.98295873144136, 40.73055685162142], [-73.98290814162321, 40.73053641428839], [-73.98290350176852, 40.730534540542], [-73.98285468861891, 40.730514830159485], [-73.98280123564923, 40.73049324600566], [-73.98274779455409, 40.730471652823695], [-73.98269434165367, 40.73045006862019], [-73.98264090062521, 40.73042848529407], [-73.98258000301941, 40.73040286473636], [-73.98255864566545, 40.730393881633], [-73.98251911729534, 40.73037725405374], [-73.98245823162048, 40.73035163433373], [-73.98239734599241, 40.73032601458146], [-73.98233644857126, 40.73030040380019], [-73.98227556303682, 40.730274783983354], [-73.98221467754918, 40.7302491641342], [-73.982153792106, 40.730223553257886], [-73.98209289487447, 40.730197933342325], [-73.98203200952733, 40.730172313396366], [-73.98197112422454, 40.73014670242315], [-73.98191023897097, 40.7301210824126], [-73.98184934192678, 40.730095462367906], [-73.98178845676439, 40.73006985129789], [-73.98172757165133, 40.73004423119045], [-73.98166668658504, 40.73001861105075], [-73.98164505369499, 40.730009514269526], [-73.98160578972563, 40.72999299988199], [-73.98154490475297, 40.72996737967774], [-73.98148401982712, 40.72994175944117], [-73.98142313494564, 40.72991614817743], [-73.98136223827593, 40.7298905278744], [-73.9813013534906, 40.72986490754102], [-73.981240468752, 40.729839287175345], [-73.98117958405774, 40.72981367578243], [-73.98111868757533, 40.72978805535024], [-73.98106974553913, 40.72976746168937], [-73.98105780297719, 40.72976243488772], [-73.98102814779872, 40.72974993184743], [-73.98100135695022, 40.729738634152575], [-73.98100006683012, 40.729738066619305], [-73.98099881223273, 40.72973746307156], [-73.980997569483, 40.729736823505434], [-73.98099636225336, 40.729736156929874], [-73.98099519054635, 40.729735454339824], [-73.98099405436199, 40.72973471573527], [-73.98099295369518, 40.729733959126406], [-73.98099187671352, 40.729733166501106], [-73.98099088732742, 40.72973237929328], [-73.98099084708937, 40.72973234686839], [-73.98098985298529, 40.72973150022622], [-73.98098889440129, 40.72973062657467], [-73.98098798317224, 40.72972973492074], [-73.98098710746588, 40.729728807252336], [-73.98098627911185, 40.72972787058669], [-73.98098548627789, 40.72972690691161], [-73.98098474080145, 40.7297259162291], [-73.98098404267738, 40.729724916549316], [-73.98098339191083, 40.72972388986212], [-73.98098278849663, 40.72972285417762], [-73.98098229396462, 40.72972189685535], [-73.98098224427483, 40.729721800492726], [-73.98098198992142, 40.72972126915068], [-73.98098173556795, 40.72972073780861], [-73.98098127421605, 40.72971965712214], [-73.98098111453491, 40.729719221249624], [-73.98098087205649, 40.72971855843531], [-73.98098050540928, 40.7297174597543], [-73.98098019795185, 40.729716352078], [-73.98097994968681, 40.729715226401275], [-73.98097974876872, 40.72971411063802], [-73.98097959520607, 40.72971297507136], [-73.98097948899294, 40.729711840413025], [-73.98097944196704, 40.72971070576449], [-73.98097944229089, 40.72970957112377], [-73.98097950180197, 40.72970843649283], [-73.98097960866282, 40.7297073018697], [-73.98097976287086, 40.729706176259505], [-73.9809799762661, 40.72970505065904], [-73.98098023582347, 40.729703938573856], [-73.98098024293341, 40.729703912460266], [-73.98098055693562, 40.7297028264988], [-73.98098092420986, 40.729701727939066], [-73.9809813388313, 40.729700638392174], [-73.98098180079987, 40.729699557858204], [-73.98098231011566, 40.72969848633713], [-73.98098287861094, 40.7296974418411], [-73.98098348261595, 40.729696406356034], [-73.98098414580558, 40.72969537988579], [-73.9809848444998, 40.72969438043666], [-73.98098657462735, 40.72969200608131], [-73.98100552075586, 40.72966601782966], [-73.9810206075447, 40.72964531762549], [-73.98105464161272, 40.729598577830544], [-73.98108867563296, 40.7295518380252], [-73.98112270960546, 40.72950509820952], [-73.98115674352773, 40.72945836738855], [-73.98119077740476, 40.72941162755219], [-73.98122481123404, 40.7293648877054], [-73.98123364533646, 40.72935276019519], [-73.98125884501559, 40.72931814784831], [-73.98129287874686, 40.7292714169859], [-73.98132691243292, 40.72922467710807], [-73.98135789084631, 40.72918218712595], [-73.98135920530092, 40.72918036831137], [-73.9813598565919, 40.72917952193868], [-73.98136054339237, 40.72917868457684], [-73.9813612775372, 40.72917786523283], [-73.9813620353491, 40.72917707290794], [-73.98136282866804, 40.72917629859891], [-73.98136359355591, 40.72917560082851], [-73.98136362789306, 40.7291755693163], [-73.98136365749396, 40.729175542305825], [-73.98136452182688, 40.72917480402863], [-73.98136542166425, 40.72917409277245], [-73.98136634516877, 40.729173408535345], [-73.9813673041777, 40.72917275131927], [-73.98136829869365, 40.729172112119066], [-73.98136930503941, 40.729171499936015], [-73.98137034688962, 40.72917091477398], [-73.9813714242443, 40.72917035663292], [-73.98137251342875, 40.729169825509054], [-73.98137362627777, 40.72916933040932], [-73.98137476279398, 40.729168862328656], [-73.98137592297704, 40.729168422167625], [-73.98137600821453, 40.72916839156413], [-73.98137709499039, 40.72916800722273], [-73.98137829066813, 40.729167629202465], [-73.98137951001291, 40.72916727820129], [-73.98138072934769, 40.729166963220436], [-73.98138197234961, 40.72916667525866], [-73.98138322717878, 40.72916642331913], [-73.98138448199789, 40.72916620739993], [-73.98138576048409, 40.72916601849979], [-73.98138703896026, 40.72916586562], [-73.98138831742637, 40.72916574876052], [-73.98138960772228, 40.7291656589182], [-73.98139089800807, 40.72916560509622], [-73.98139155261585, 40.72916559619691], [-73.9813922001212, 40.729165587296464], [-73.98139349038945, 40.72916559651004], [-73.98139478064763, 40.72916564174396], [-73.98139607089576, 40.72916572299821], [-73.9813973611338, 40.729165840272785], [-73.98139863952449, 40.72916599356578], [-73.98139991790762, 40.72916617387401], [-73.98140117260854, 40.72916638119365], [-73.98140242729686, 40.729166633538725], [-73.98140367014034, 40.729166912897135], [-73.98140490113896, 40.729167219268845], [-73.98140610845284, 40.72916756165709], [-73.98140731575668, 40.72916794006566], [-73.98140848754092, 40.72916834548376], [-73.98140856092495, 40.72916837251088], [-73.98140964748033, 40.72916877791513], [-73.98141079557236, 40.72916924636496], [-73.98141486713999, 40.72917096699367], [-73.98147545542125, 40.7291965151812], [-73.98153605560377, 40.72922200030304], [-73.9815966558301, 40.72924749439802], [-73.98165725610532, 40.7292729794559], [-73.98171785642687, 40.729298464481815], [-73.98175266019304, 40.72931315099413], [-73.98177977056856, 40.72932458904473], [-73.98184167292139, 40.72935071357244], [-73.98184676241033, 40.72935285848584], [-73.98190358716016, 40.72937683806859], [-73.98196550144745, 40.72940296253137], [-73.98202741578326, 40.72942908696076], [-73.98208931833028, 40.72945521135491], [-73.98215123276319, 40.72948133571754], [-73.98221314724469, 40.729507460046776], [-73.98227504993729, 40.72953358434079], [-73.98233271537758, 40.729557843898704], [-73.98239038085985, 40.72958210342761], [-73.98244804638414, 40.72960636292757], [-73.98245856868982, 40.72961078963006], [-73.98250369862603, 40.72962977561465], [-73.98250571195045, 40.729630622398595], [-73.98256337755868, 40.72965488184061], [-73.98262103137148, 40.72967914125192], [-73.98267869706368, 40.729703400636026], [-73.9826894726934, 40.729707934515986], [-73.98273636279788, 40.72972765999122], [-73.98279402857406, 40.7297519193174], [-73.98285169439222, 40.72977617861467], [-73.98290936025008, 40.72980044688802], [-73.98296689593327, 40.729824733123365], [-73.98302444349811, 40.72984901032651], [-73.98308197926512, 40.72987329650419], [-73.98313952691156, 40.729897582654715], [-73.98319706276246, 40.72992186877474], [-73.98325461049278, 40.72994615486763], [-73.98331215826505, 40.729970440931666], [-73.98332434959006, 40.72997559360655], [-73.98336939833369, 40.72999460985633], [-73.98337065297089, 40.72999515934774], [-73.98337188392418, 40.72999574485599], [-73.98337307935829, 40.72999635737441], [-73.98337425110843, 40.72999700590971], [-73.98337538733938, 40.72999768145515], [-73.9833764998863, 40.72999839301752], [-73.98337757691411, 40.72999913158997], [-73.98337861842495, 40.729999888167434], [-73.98337962441435, 40.730000680760156], [-73.98338058304705, 40.73000150036127], [-73.98338151799805, 40.730002346974224], [-73.98338240559455, 40.73000321159048], [-73.9833832576719, 40.73000410321689], [-73.9833840742323, 40.73000501284828], [-73.98338483752131, 40.73000593327815], [-73.98338485527194, 40.7300059557934], [-73.98338556528749, 40.730006895126216], [-73.98338625161978, 40.73000786777445], [-73.98338687876013, 40.73000885842426], [-73.98338747038575, 40.73000985807409], [-73.98338801465687, 40.730010875727224], [-73.98338851157358, 40.73001191138373], [-73.98338896113806, 40.73001295603845], [-73.98338936334808, 40.73001401869648], [-73.98338971820813, 40.73001508134772], [-73.9833899535685, 40.730015907148], [-73.9833900257137, 40.7300161620023], [-73.9833902858693, 40.73001724265006], [-73.98339029414456, 40.73001728677614], [-73.98339048683518, 40.73001833229432], [-73.98339064045106, 40.730019421931786], [-73.98339074671472, 40.730020520567514], [-73.98339080562816, 40.73002162009689], [-73.98339080535231, 40.73002272682179], [-73.98339075772849, 40.73002382543532], [-73.98339066275467, 40.73002492404199], [-73.98339052043309, 40.73002601363677], [-73.98339033076151, 40.73002710322469], [-73.98339008190243, 40.730028192804085], [-73.98338978569782, 40.73002926436652], [-73.9833894421432, 40.73003033592209], [-73.98338905124083, 40.7300313984657], [-73.98338861299293, 40.730032442992375], [-73.98338811555975, 40.730033478505405], [-73.98338758261634, 40.73003450500822], [-73.98338700232736, 40.730035513493995], [-73.98338637469286, 40.73003650396282], [-73.98338569971281, 40.73003747641463], [-73.98338498922473, 40.730038430851145], [-73.98338423139111, 40.73003936727064], [-73.98338342621196, 40.73004028567311], [-73.98338258552702, 40.730041177055234], [-73.98338169749636, 40.730042051320815], [-73.98337346759938, 40.73005340464455], [-73.9833481976595, 40.73008824166711], [-73.98331468593625, 40.73013444190717], [-73.98328118600632, 40.73018063313386], [-73.98324768602994, 40.7302268243505], [-73.98321417416727, 40.73027302456047], [-73.983180674098, 40.73031921575705], [-73.98314716214472, 40.730365406941814], [-73.98311366198021, 40.730411607123386], [-73.98308016177161, 40.73045779828979], [-73.98304664967897, 40.73050398944446], [-73.98303882229224, 40.730514767377976], [-73.98301517434248, 40.73054729025742], [-73.98301451121469, 40.7305481636528], [-73.98301381257875, 40.73054901903278], [-73.98301306659924, 40.730549847390506], [-73.98301229694914, 40.73055065773459], [-73.98301147995322, 40.730551450061455], [-73.9830106274491, 40.73055222437293], [-73.98300973943907, 40.730552971663926], [-73.98300969444706, 40.73055300767763], [-73.98300882776073, 40.730553691936166], [-73.98300788057423, 40.730554394193], [-73.98300689788178, 40.730555069429315], [-73.98300589152099, 40.730555717646865], [-73.98300484965431, 40.73055633884393], [-73.9830037841193, 40.73055693302224], [-73.9830026830784, 40.73055750018005], [-73.98300157020911, 40.730558031315745], [-73.98300042183133, 40.730558545336564], [-73.98299926162561, 40.73055902153425], [-73.98299807775362, 40.730559462608596], [-73.9829969294066, 40.730559855961225], [-73.98299687021334, 40.73055987666414], [-73.98299565084238, 40.730560263702706], [-73.98299440780538, 40.73056061471743], [-73.98299315293994, 40.730560929710066], [-73.9829918862461, 40.73056120868061], [-73.9829906077216, 40.73056146063412], [-73.98298931736863, 40.730561676565536], [-73.98298801518497, 40.73056186547994], [-73.98298670117521, 40.73056200936717], [-73.9829853990099, 40.730562126240855], [-73.98298407317868, 40.730562207090706], [-73.98298275919419, 40.730562251921945], [-73.98298143338131, 40.730562260731105], [-73.98298010757532, 40.730562242524975], [-73.98297945059689, 40.73056221091006]], [[-73.9829680673276, 40.730521459418696], [-73.98297035496832, 40.730519038289835], [-73.98297064627349, 40.730518644810715], [-73.98297541393991, 40.730520655450555], [-73.98299679537409, 40.73049131644236], [-73.98299299473517, 40.730489714777065], [-73.98300068475275, 40.73047916285401], [-73.98302319230955, 40.73044827873449], [-73.9830269917628, 40.7304498812991], [-73.98304766383347, 40.73042151562631], [-73.98306924769689, 40.73039189927747], [-73.98306567668638, 40.73039039310221], [-73.98307389003644, 40.73037930905056], [-73.98308691463292, 40.73036173033751], [-73.9830902181421, 40.7303631239093], [-73.98311191801584, 40.730333349079764], [-73.98314995817407, 40.73028115037516], [-73.98314696122756, 40.73027988562268], [-73.98316238974547, 40.73025858995367], [-73.98330182028198, 40.7300661310694], [-73.9833258646439, 40.730032942710594], [-73.98332637185963, 40.73003066179595], [-73.9833259604881, 40.73002836994222], [-73.98332552977776, 40.73002767198576], [-73.98333266313598, 40.7300178835905], [-73.98311813968786, 40.729927411567566], [-73.98311146694617, 40.729936567860285], [-73.98309572593969, 40.729930011649486], [-73.98310244486508, 40.72992079232887], [-73.98302017847826, 40.7298860971415], [-73.98301632758506, 40.72989137985709], [-73.98287349551248, 40.729831141696394], [-73.98281627977835, 40.72980565688527], [-73.98267381800706, 40.72974307901017], [-73.98249403499997, 40.72966410603469], [-73.98226100203827, 40.72956637239615], [-73.9818342867938, 40.729392679709925], [-73.98150984855351, 40.72924877182085], [-73.98146174126762, 40.72922838917802], [-73.98140185013452, 40.72920301399368], [-73.98139790019482, 40.729202350581275], [-73.98139385301144, 40.72920232291213], [-73.98138988851197, 40.72920293101531], [-73.98138618308019, 40.729204148804484], [-73.9813829012703, 40.72920592227594], [-73.98138018870357, 40.729208173108844], [-73.98137816614948, 40.729210799565436], [-73.98131261477192, 40.72930244361254], [-73.98132386739971, 40.729306585976715], [-73.981290388999, 40.72935276942901], [-73.98103319314129, 40.729707565552246], [-73.98150818252319, 40.729907553005084], [-73.98155819241052, 40.729928609511624], [-73.98165438447967, 40.72996910993928], [-73.98180957980611, 40.7300344511446], [-73.98181981096681, 40.73003875899208], [-73.98190637227403, 40.73007520359833], [-73.9819397608915, 40.730089261275154], [-73.98199730477293, 40.730113488561685], [-73.9820645875036, 40.730141816451436], [-73.98217251814238, 40.73018725756186], [-73.98221741284296, 40.730206159873326], [-73.98238164859903, 40.73027530634941], [-73.98238840116649, 40.73027814938715], [-73.9825534409588, 40.73034763433165], [-73.98257081539495, 40.73035494999202], [-73.98269934775618, 40.73040906381915], [-73.98273539158559, 40.73042423919444], [-73.98289268879213, 40.73049046264946], [-73.98290177670604, 40.73049428845863], [-73.98296424282607, 40.730520587160775], [-73.98296741259054, 40.73052192308371], [-73.9829680673276, 40.730521459418696]]]]}, "properties": {"shape_area": "23122.5181815", "shape_leng": "3404.93938967", "feat_code": "3800", "status": "Unchanged", "sub_code": "380000", "source_id": "12380001655.0"}}, {"type": "Feature", "geometry": {"type": "MultiPolygon", "coordinates": [[[[-73.98236834319167, 40.731179061772224], [-73.98232788651427, 40.73116172978948], [-73.9823123453794, 40.731155072646466], [-73.9822563476098, 40.73113107448838], [-73.98220034987794, 40.731107086208546], [-73.9821423280727, 40.731082609511944], [-73.98208429447457, 40.73105812467961], [-73.98202627275437, 40.731033648824926], [-73.98196825107678, 40.73100917294087], [-73.98191683055467, 40.730987481535756], [-73.98191022944175, 40.730984697027544], [-73.98185220785187, 40.73096021207977], [-73.98179418630215, 40.7309357361078], [-73.98177607558608, 40.73092809603124], [-73.98176269228914, 40.73092245042626], [-73.98176226263166, 40.730922269356036], [-73.98173616479505, 40.730911260106495], [-73.9816939755416, 40.730893456659615], [-73.98167814333307, 40.73088677507081], [-73.98162012191123, 40.73086229901083], [-73.98156156783557, 40.73083783184138], [-73.98150301380541, 40.73081335563693], [-73.98144447165589, 40.73078887940461], [-73.98138591770925, 40.730764412145554], [-73.9813273638081, 40.7307399358516], [-73.98126882178508, 40.73071546853476], [-73.98121026796998, 40.73069099218109], [-73.98115171419533, 40.730666524802615], [-73.98110710706908, 40.73064787516689], [-73.98109317230386, 40.73064204839118], [-73.98103461861521, 40.730617580953], [-73.98097606497214, 40.73059310447991], [-73.98091752320708, 40.73056863698398], [-73.9808592656519, 40.730543944378354], [-73.98080101997746, 40.73051925174516], [-73.9807427743462, 40.73049455908237], [-73.98068452875809, 40.73046986639007], [-73.98062627137558, 40.7304451736662], [-73.98056852299396, 40.73042067911055], [-73.98056802587645, 40.730420471909724], [-73.98051438349015, 40.73039768358267], [-73.98051246722643, 40.73039686919873], [-73.98051140198517, 40.730396391748954], [-73.98051036042695, 40.73039588728792], [-73.98050934254911, 40.730395364820716], [-73.98050834835698, 40.73039480633723], [-73.98050737784794, 40.730394220842435], [-73.98050644285684, 40.730393617343466], [-73.98050551971122, 40.73039298683125], [-73.98050464392378, 40.73039232931178], [-73.98050379181674, 40.73039165378617], [-73.98050296339277, 40.73039095124929], [-73.98050217048682, 40.7303902307083], [-73.98050142493899, 40.73038948316], [-73.98050070307158, 40.73038871760558], [-73.98050055396754, 40.730388549185236], [-73.98050001671952, 40.730387943052044], [-73.98049936588805, 40.730387141489274], [-73.98049875057194, 40.73038633092745], [-73.98049817077617, 40.730385494256915], [-73.98049763833119, 40.73038465579334], [-73.98049714140657, 40.73038379122105], [-73.98049667999726, 40.73038291764966], [-73.98049625410336, 40.73038203507923], [-73.98049587556231, 40.73038114351176], [-73.98049554437414, 40.73038024294717], [-73.98049524870393, 40.730379324378454], [-73.98049498854641, 40.73037840581573], [-73.98049478757673, 40.73037748726302], [-73.98049461028744, 40.73037655070422], [-73.98049448034577, 40.73037562315848], [-73.9804943977596, 40.730374677610584], [-73.98049436252104, 40.7303737410758], [-73.98049436279518, 40.730372804547], [-73.98049441041957, 40.7303718680263], [-73.98049449355663, 40.73037093151155], [-73.98049462404393, 40.730369995004864], [-73.98049480187882, 40.73036906751123], [-73.98049501522638, 40.73036814002369], [-73.98049514675957, 40.73036767448308], [-73.98049527592157, 40.73036722154919], [-73.98049557212677, 40.730366312085806], [-73.98049591567957, 40.73036541163551], [-73.98049629474504, 40.73036451119122], [-73.98049670931786, 40.73036362876318], [-73.98049717123568, 40.730362764353266], [-73.98049768050372, 40.73036189995136], [-73.98049821343896, 40.73036106256875], [-73.98049879372442, 40.73036022519413], [-73.98050145587709, 40.73035657048105], [-73.98051237685796, 40.73034157796316], [-73.98053175087502, 40.730314962209704], [-73.98056453033108, 40.73026999635341], [-73.98059732158299, 40.73022502148439], [-73.98063010095056, 40.730180055608834], [-73.98066288027385, 40.730135089723674], [-73.98069567139301, 40.73009011482583], [-73.98072845062785, 40.730045148921434], [-73.98076122982101, 40.730000174002356], [-73.98079402080486, 40.729955208080725], [-73.98082679990694, 40.729910242147554], [-73.98082693964433, 40.72991005036252], [-73.98085959080481, 40.729865267201625], [-73.98087018951597, 40.72985072575001], [-73.98089175165757, 40.729821156629754], [-73.98089189613144, 40.72982095854184], [-73.98089259480254, 40.72982004914414], [-73.98089332898341, 40.72981914875741], [-73.98089411050891, 40.7298182663887], [-73.98089492753908, 40.72981741104115], [-73.98089578007645, 40.729816573709684], [-73.98089666811843, 40.729815763399316], [-73.98089759166763, 40.72981497110501], [-73.98089856255889, 40.729814205833804], [-73.98089955711733, 40.72981346758176], [-73.98090058718032, 40.72981275635091], [-73.98090164091053, 40.72981207213919], [-73.98090222933403, 40.72981171743643], [-73.98090273014536, 40.72981141494861], [-73.98090385488479, 40.72981078477915], [-73.9809050032914, 40.729810181628864], [-73.98090617536252, 40.72980961450283], [-73.98090737110087, 40.72980907439596], [-73.9809085905038, 40.72980857031336], [-73.98090983357363, 40.72980809415047], [-73.98091110030857, 40.72980765221077], [-73.98091237887031, 40.729807247193875], [-73.98091368109928, 40.72980686919615], [-73.98091499515537, 40.72980652722068], [-73.98091633287606, 40.72980622126949], [-73.98091767058636, 40.729805951338626], [-73.98091903196391, 40.729805708426916], [-73.98092039332855, 40.72980551054061], [-73.9809217665229, 40.72980533967149], [-73.9809231515418, 40.729805213829756], [-73.98092441817602, 40.729805123088255], [-73.98092453655293, 40.729805115003266], [-73.98092592155122, 40.729805061202185], [-73.98092731837923, 40.729805034418284], [-73.98092871519434, 40.729805052659835], [-73.98093010016423, 40.72980509791463], [-73.98093148512127, 40.729805188194845], [-73.9809328700706, 40.729805305490274], [-73.98093424316959, 40.72980546780917], [-73.9809356162608, 40.72980565714332], [-73.98093696566427, 40.72980589149895], [-73.98093831506002, 40.72980615286982], [-73.98093965260803, 40.72980645025905], [-73.98094045276285, 40.729806651204896], [-73.98094097830823, 40.72980678366664], [-73.98094228032326, 40.72980715309064], [-73.9809435586531, 40.72980755853105], [-73.98094483697523, 40.72980799098671], [-73.98094607977468, 40.72980845945675], [-73.98094731072635, 40.72980896394523], [-73.98098219506092, 40.72982373174846], [-73.98100864505066, 40.72983492673347], [-73.98101246809004, 40.72983654827929], [-73.98106851175815, 40.72986024988658], [-73.98112839034602, 40.72988558201548], [-73.981188268982, 40.72991090510806], [-73.98124814766348, 40.72993622816949], [-73.981308014553, 40.72996155119771], [-73.98136789332544, 40.72998687419663], [-73.98142777214095, 40.73001220616945], [-73.98148765100447, 40.73003752910592], [-73.981547518076, 40.73006285200928], [-73.9816073970305, 40.73008817488334], [-73.98163267782255, 40.73009886705405], [-73.98166727603054, 40.73011349772614], [-73.98172715507363, 40.730138829542796], [-73.98177611181809, 40.730159322969044], [-73.98178693954574, 40.730163855140425], [-73.98182111767812, 40.73017815971563], [-73.98184673590023, 40.730188880708745], [-73.98190652046215, 40.73021390624406], [-73.98196631690408, 40.730238940755235], [-73.98202610155582, 40.73026396622832], [-73.98208589808996, 40.73028899167209], [-73.98214853524453, 40.73031564744549], [-73.9822111606116, 40.730342303182894], [-73.98227379786871, 40.73036894988286], [-73.98233642333604, 40.73039560555196], [-73.98239906069098, 40.7304222611887], [-73.9824616980984, 40.730448907786176], [-73.98248952275685, 40.73046075190595], [-73.98252432371598, 40.73047556335276], [-73.9825869612213, 40.730502218887004], [-73.98264958694142, 40.7305288653802], [-73.9827122245469, 40.730555520846096], [-73.98277485036489, 40.73058217627605], [-73.98283748807295, 40.73060882266852], [-73.98284302746356, 40.73061118282615], [-73.98289470715274, 40.730633215149936], [-73.98289771120871, 40.73063449611917], [-73.98289903687052, 40.730635081646525], [-73.98290032701028, 40.73063570318892], [-73.98290158162803, 40.73063636074636], [-73.98290281256364, 40.730637045315554], [-73.98290401981475, 40.73063776590156], [-73.9829051797086, 40.73063851349577], [-73.982906315918, 40.730639297106784], [-73.98290741660767, 40.73064010772772], [-73.98290846994001, 40.730640945356924], [-73.98290895754322, 40.730641359663196], [-73.98290948775258, 40.7306418099961], [-73.98291047004547, 40.73064270164524], [-73.98291140498333, 40.730643611297516], [-73.98291230439915, 40.73064455696482], [-73.98291315645994, 40.730645520635285], [-73.9829139730033, 40.730646502310655], [-73.98291473035168, 40.73064751099248], [-73.98291545218267, 40.73064853767918], [-73.98291612666092, 40.73064957336394], [-73.98291622960357, 40.73064974717735], [-73.98291675378185, 40.73065063605694], [-73.98291732171013, 40.73065171675133], [-73.98291785412327, 40.730652806445526], [-73.98291809073467, 40.73065335579072], [-73.98291832734607, 40.73065390513599], [-73.98291876505145, 40.73065502183137], [-73.9829188750549, 40.73065535863784], [-73.98291913172886, 40.730656147521316], [-73.98291946289115, 40.73065728221108], [-73.98291973486307, 40.7306584258971], [-73.98291995948225, 40.730659578581225], [-73.98292012491336, 40.73066073125656], [-73.98292024299174, 40.7306618929299], [-73.98292030188183, 40.73066305549508], [-73.98292031342193, 40.73066421625213], [-73.98292027761134, 40.73066537790271], [-73.982920182615, 40.73066653053939], [-73.9829200402659, 40.73066769217416], [-73.98292002366897, 40.73066778672511], [-73.98291983873102, 40.73066884479506], [-73.98291958984801, 40.73066998840387], [-73.98291929361683, 40.73067112300052], [-73.98291893819757, 40.730672257588445], [-73.98291853543245, 40.730673374159146], [-73.98291807348157, 40.73067448171601], [-73.98291757602013, 40.73067558026246], [-73.98291701937521, 40.73067666079002], [-73.98291641538212, 40.730677732305445], [-73.98291576404318, 40.73067878580369], [-73.98291506535837, 40.73067982128468], [-73.98291431933005, 40.73068082974344], [-73.98291353779112, 40.73068182919184], [-73.98291269707079, 40.730682802516704], [-73.9829029867118, 40.730696496908074], [-73.9828808897024, 40.73072768723696], [-73.982849082291, 40.730772572848664], [-73.98281727483437, 40.73081746745634], [-73.98278546733727, 40.73086235304991], [-73.98275365979725, 40.73090723863442], [-73.98272185221438, 40.73095212420987], [-73.98269004458639, 40.73099701878133], [-73.98268446344473, 40.731004895589635], [-73.98265823691781, 40.731041904338646], [-73.98262642920646, 40.73108678988691], [-73.98260841981732, 40.73111220491781], [-73.98259462145218, 40.7311316754261], [-73.98256281365276, 40.731176569961306], [-73.98255509261986, 40.73118745593801], [-73.98253236766188, 40.731219501585805], [-73.982531787411, 40.73122027593497], [-73.98253118348941, 40.73122103227039], [-73.98253099639741, 40.73122124656298], [-73.98253053221933, 40.7312217795935], [-73.9825298572809, 40.7312224998978], [-73.98252914683167, 40.731223211191626], [-73.98252840087643, 40.731223895464794], [-73.98252763125042, 40.731224561724225], [-73.98252682611599, 40.73122520996809], [-73.98252599731082, 40.73122584019818], [-73.98252513299958, 40.73122644340758], [-73.98252424502, 40.73122701959818], [-73.9825233333697, 40.731227577775016], [-73.9825223980511, 40.731228108933], [-73.98252142722637, 40.731228613070336], [-73.98252044456865, 40.73122909919569], [-73.98251943824494, 40.73122954929711], [-73.98251880367286, 40.73122981845275], [-73.98251842008821, 40.731229981386555], [-73.9825173782655, 40.73123037745208], [-73.98251684551884, 40.73123056647791], [-73.98251631277213, 40.73123075550378], [-73.98251523545044, 40.73123109753338], [-73.98251413446039, 40.73123141254415], [-73.98251303347742, 40.731231700539624], [-73.98251190882587, 40.731231962416764], [-73.98251078418429, 40.731232186472546], [-73.9825096477118, 40.73123238441178], [-73.98250848757095, 40.731232555332134], [-73.9825073392749, 40.731232699239044], [-73.98250617915296, 40.73123279811872], [-73.98250500719809, 40.731232878986425], [-73.98250384709033, 40.731232923835606], [-73.98250267515193, 40.7312329416677], [-73.98250150322302, 40.731232923479446], [-73.98250033130118, 40.73123287827594], [-73.98249917122422, 40.731232806058955], [-73.98249801115666, 40.73123269782166], [-73.98249685109859, 40.731232553563984], [-73.98249570288294, 40.73123239129795], [-73.98249456651448, 40.73123219301335], [-73.98249343015554, 40.73123195870843], [-73.98249231747671, 40.73123170639691], [-73.98249120480737, 40.73123141806505], [-73.98249011582055, 40.73123110272154], [-73.98248903868092, 40.731230751359476], [-73.98248797338381, 40.73123038198909], [-73.98248693177156, 40.73122997660191], [-73.98248590200176, 40.73122955320634], [-73.98244461437234, 40.73121177898874], [-73.98242434104426, 40.73120305087067], [-73.98236834319167, 40.731179061772224]], [[-73.9814479141026, 40.73006582839464], [-73.98124894027134, 40.72998008576513], [-73.98124720779157, 40.729982412396986], [-73.98095712966986, 40.729859478695424], [-73.98095914519891, 40.729856708163986], [-73.98095754851632, 40.72985603612057], [-73.98094822999796, 40.72985211376502], [-73.9809373183495, 40.729847520266105], [-73.9809307679975, 40.729849900126105], [-73.98092889419617, 40.72984965577797], [-73.980924311924, 40.729849614496054], [-73.98092163325644, 40.72985321968844], [-73.98092139648259, 40.72985330519754], [-73.98091343383325, 40.72986425136025], [-73.98066345669339, 40.73020059370914], [-73.98055679299677, 40.73034410689519], [-73.98057312326206, 40.730351004844785], [-73.98075801046089, 40.730429100067305], [-73.98129259097712, 40.730654902400566], [-73.98163948850353, 40.730801425930636], [-73.98169204743321, 40.73082362552792], [-73.98172878129871, 40.73083914171931], [-73.98172888664166, 40.73083918586096], [-73.98181106720052, 40.730873579381885], [-73.98250879399065, 40.731165582770494], [-73.98253752835421, 40.73112673829987], [-73.98268924973785, 40.73092163440254], [-73.98272865098501, 40.73086837074442], [-73.98275101672239, 40.73083758391334], [-73.98281739382654, 40.730746217447134], [-73.98287626008862, 40.73066287965855], [-73.98263067744247, 40.73056117097153], [-73.98255099186211, 40.730528104861094], [-73.98220554182816, 40.73038474417946], [-73.98203051617702, 40.730310763641505], [-73.981726387943, 40.730182213218896], [-73.98171014637221, 40.73017534786511], [-73.98163474064452, 40.73014347497221], [-73.98157949773157, 40.7301205157886], [-73.98155844476257, 40.73011176577976], [-73.98144795671261, 40.730065846411684], [-73.9814479141026, 40.73006582839464]]]]}, "properties": {"shape_area": "28676.6013098", "shape_leng": "3414.00051126", "feat_code": "3800", "status": "Updated", "sub_code": "380000", "source_id": "12380001673.0"}}, {"type": "Feature", "geometry": {"type": "MultiPolygon", "coordinates": [[[[-73.98307742892898, 40.73075433801856], [-73.9830784615585, 40.730752809107045], [-73.9830931670493, 40.73073103877445], [-73.98309441757218, 40.73072918751274], [-73.98312191116463, 40.73074040737826], [-73.98312062042429, 40.73074214066777], [-73.98310475142006, 40.73076344076771], [-73.98310324279221, 40.730765466690286], [-73.98307742892898, 40.73075433801856]]]]}, "properties": {"shape_area": "87.6830936144", "shape_leng": "37.6666454661", "feat_code": "3800", "status": "New", "sub_code": "380000", "source_id": "0.0"}}, {"type": "Feature", "geometry": {"type": "MultiPolygon", "coordinates": [[[[-73.98255525252318, 40.7314629268697], [-73.98256271186075, 40.73145247219721], [-73.98257069106357, 40.73144128999222], [-73.98257097764244, 40.73144088750836], [-73.98259792640829, 40.73145400478643], [-73.98259781390351, 40.731454181269086], [-73.9825901699098, 40.73146460709965], [-73.9825871454695, 40.731468730970505], [-73.98258189355225, 40.731475894620495], [-73.98255525252318, 40.7314629268697]]]]}, "properties": {"shape_area": "80.3575684177", "shape_leng": "35.8984599764", "feat_code": "3800", "status": "New", "sub_code": "380000", "source_id": "0.0"}}, {"type": "Feature", "geometry": {"type": "MultiPolygon", "coordinates": [[[[-73.98221429388111, 40.72711401519634], [-73.98178034239214, 40.72693441649462], [-73.98158335001214, 40.72684688000401], [-73.98152693684557, 40.72682379182446], [-73.98152049502939, 40.72683290033887], [-73.98137081993893, 40.72677164071373], [-73.98137889354206, 40.726760224467135], [-73.98132051700088, 40.726736331714115], [-73.98132040693018, 40.726736286670814], [-73.9812162616151, 40.72669216100039], [-73.98071161518146, 40.726483610651165], [-73.98040328904429, 40.726352542639546], [-73.9804243471854, 40.72632300772633], [-73.9804474930013, 40.72629054470851], [-73.98061564887932, 40.726353592559256], [-73.98064253706232, 40.72635496765737], [-73.98066806382532, 40.726352895372344], [-73.9807227427531, 40.72634541770808], [-73.98081940997511, 40.726323338963404], [-73.98083714407714, 40.72631871690215], [-73.9808546084616, 40.72631352116905], [-73.9808717699823, 40.72630776076385], [-73.98088859549267, 40.726301446487334], [-73.98090505539699, 40.726294590041334], [-73.98092111773153, 40.72628720492827], [-73.9809367529002, 40.72627930465114], [-73.98095193249048, 40.72627090271302], [-73.98096662690524, 40.72626201621887], [-73.98098081009869, 40.72625266137368], [-73.98099445484125, 40.72624285528289], [-73.98100753508638, 40.726232616853046], [-73.98101124564906, 40.726229453076435], [-73.98105503157511, 40.72619499781022], [-73.9810641146914, 40.726184114852195], [-73.9810725563331, 40.726172937321614], [-73.98108033755575, 40.72616148502662], [-73.98108744533248, 40.72614978137844], [-73.98109386426911, 40.7261378497879], [-73.98109958133854, 40.72612571456676], [-73.98110458824921, 40.72611339732598], [-73.98110887197359, 40.726100924178255], [-73.98111242540335, 40.726088318535716], [-73.98111524024573, 40.726075606511856], [-73.98111731412716, 40.72606281151957], [-73.98111863993853, 40.726049959672466], [-73.9811192153058, 40.72603707618448], [-73.98111904140592, 40.726024186270074], [-73.98111845597731, 40.7260099149073], [-73.98111708102662, 40.72599567493284], [-73.98111491773084, 40.72598149156111], [-73.98111197200173, 40.7259673900073], [-73.98110824856707, 40.72595339638685], [-73.98110375333903, 40.7259395341139], [-73.98109849341309, 40.725925828403845], [-73.98109248061944, 40.72591230357215], [-73.98108572323717, 40.725898984834416], [-73.98107823546455, 40.72588589380501], [-73.98107002913162, 40.72587305569994], [-73.98106111843633, 40.72586049303421], [-73.98105152112805, 40.725848227422766], [-73.981044166917, 40.725840022575035], [-73.98103612843555, 40.725832196728405], [-73.98102743881685, 40.72582478410759], [-73.98101813474626, 40.72581781533578], [-73.98100825646027, 40.725811320136216], [-73.98099784537996, 40.72580532463037], [-73.98098694410979, 40.72579985584045], [-73.9809643611403, 40.725790294106275], [-73.98094122399635, 40.72578150581322], [-73.9809175835695, 40.72577351168102], [-73.9809065130491, 40.72576803114881], [-73.9808914835104, 40.72576125952908], [-73.98087609044593, 40.72575497862446], [-73.98086036344435, 40.72574919924582], [-73.98084432972688, 40.7257439313031], [-73.9808582091204, 40.72572460328415], [-73.98087240940923, 40.72570482956485], [-73.98093722804681, 40.72573137471392], [-73.98101464310105, 40.72575895658893], [-73.981058896541, 40.72578600706417], [-73.98108616883613, 40.72581368238889], [-73.98108882187212, 40.725816373545655], [-73.98113511251462, 40.72587677467778], [-73.98114723698959, 40.725889047900075], [-73.98115346243975, 40.72589148119409], [-73.98115670309818, 40.72589235791978], [-73.98116211599857, 40.72589254340983], [-73.9811686275635, 40.725891976253756], [-73.981172451097, 40.72589106196184], [-73.98118123482776, 40.72588804849361], [-73.98120258479834, 40.72586707282227], [-73.98126147993099, 40.72581604157028], [-73.98129375120678, 40.72579232380767], [-73.98138833667768, 40.725748551883385], [-73.98144694892933, 40.72571783147154], [-73.98148601978177, 40.725691693281334], [-73.98149096720083, 40.72568437203766], [-73.98149221074877, 40.72568188233003], [-73.98149287186241, 40.725679634765726], [-73.98149254277435, 40.72567546985845], [-73.98149090388102, 40.72566943168182], [-73.98148856161899, 40.7256643569368], [-73.98148237267125, 40.725654125258316], [-73.98138713402983, 40.7255367753728], [-73.98138438397753, 40.725533921214996], [-73.98138103252394, 40.725531414556336], [-73.98137716014253, 40.72552931304245], [-73.98137285914493, 40.725527668917685], [-73.98136823249985, 40.72552652002002], [-73.98136339028072, 40.72552589428309], [-73.98135844966643, 40.72552580703446], [-73.98135352547256, 40.72552625919317], [-73.9813487384362, 40.72552724087326], [-73.98134420101236, 40.72552872867965], [-73.98129429507387, 40.72553308985285], [-73.9812745130067, 40.72553933617028], [-73.98126594930304, 40.72554301065528], [-73.98125510135651, 40.72555003286046], [-73.98125061419603, 40.72555376293896], [-73.98124840000254, 40.72555635604448], [-73.98124615891403, 40.725561983861134], [-73.98124431407118, 40.72557282568973], [-73.98122708205115, 40.725564917312425], [-73.98121527668312, 40.72554611996188], [-73.98121871845608, 40.725526328234544], [-73.98123285243351, 40.72552292931636], [-73.98132239869766, 40.725487549367834], [-73.98132811993321, 40.725472871097345], [-73.98132850014618, 40.725467735555746], [-73.98132750748134, 40.72546196403211], [-73.98131883937359, 40.725436987006816], [-73.98129489802902, 40.72539226023694], [-73.98127472081777, 40.72534738909201], [-73.98123689813835, 40.725241535294536], [-73.98125552299953, 40.72523770846285], [-73.9812589546425, 40.725237003022315], [-73.98128687535748, 40.72523126591743], [-73.98138333711042, 40.72543402847472], [-73.98138398466665, 40.725437944893436], [-73.9813853412681, 40.72544176237074], [-73.98138738207837, 40.72544540706088], [-73.981390066873, 40.725448806916624], [-73.98139334122168, 40.72545189619193], [-73.98139714359044, 40.72545461454272], [-73.98140139823963, 40.725456907926144], [-73.98140602232439, 40.72545873310437], [-73.98141092471278, 40.725460052241246], [-73.98141601190132, 40.725460841908365], [-73.98142118209923, 40.72546108497966], [-73.9814273122144, 40.725461465082944], [-73.98143111297279, 40.72546147380056], [-73.98143620995063, 40.72546111621983], [-73.98144162543363, 40.72546040569065], [-73.98144843779059, 40.72545917489204], [-73.98146022906398, 40.72545648607011], [-73.98148547497838, 40.72544997134716], [-73.98149440985334, 40.72544801327575], [-73.98150485974827, 40.72544632650027], [-73.9815176935187, 40.725444757172696], [-73.98153277976175, 40.72544336110271], [-73.98154854179535, 40.7254422668096], [-73.98156682380679, 40.72544136022367], [-73.98158436947742, 40.72544081011868], [-73.98160128652835, 40.725440591297925], [-73.98161606577203, 40.72544074134206], [-73.98162829169449, 40.72544142948135], [-73.98164422224878, 40.72544302862471], [-73.98170901394207, 40.725451494715735], [-73.98169945280506, 40.725466773935], [-73.98169047136001, 40.72546591792404], [-73.9816826115635, 40.72546677125701], [-73.98167812048891, 40.72546762422507], [-73.98167475153211, 40.72546847827205], [-73.9816713832893, 40.72547103968426], [-73.98166801409741, 40.72547274741358], [-73.98166576797216, 40.725475309904795], [-73.98166239996357, 40.72547701763415], [-73.98165565969764, 40.72548726615477], [-73.98164899758376, 40.72549739852173], [-73.98163317552854, 40.725497197886966], [-73.98161909677384, 40.7254850099516], [-73.98161016683794, 40.72548193328722], [-73.98158809400533, 40.72548109498784], [-73.98156599493633, 40.725480966281154], [-73.98154390750707, 40.72548154897427], [-73.98152187196234, 40.725482840372116], [-73.98149992973013, 40.7254848395809], [-73.98149331636145, 40.72548558954268], [-73.98148685079774, 40.72548689244045], [-73.98148061590035, 40.72548873117784], [-73.98147468506272, 40.725491084154456], [-73.98146913404783, 40.72549392166581], [-73.98146402915064, 40.72549720950325], [-73.98145943430072, 40.72550090625372], [-73.98145540514291, 40.72550496780128], [-73.98145199140558, 40.725509342824964], [-73.9814492345319, 40.72551397910205], [-73.98144717004821, 40.72551881810515], [-73.98144582282838, 40.725523800404744], [-73.98144520827704, 40.7255288656692], [-73.98144533588126, 40.725533950864474], [-73.98144620210718, 40.72553899475533], [-73.98144779631984, 40.72554393340392], [-73.98145010078085, 40.72554870737378], [-73.98145308591513, 40.72555325722645], [-73.98147100423799, 40.72557483630845], [-73.98148954408487, 40.72559610931449], [-73.9815086948056, 40.72561706723739], [-73.98152845048534, 40.725637698369255], [-73.98154879810674, 40.72565799280224], [-73.981554062984, 40.72566262136179], [-73.9815598724602, 40.72566685648589], [-73.98156617683186, 40.7256706594446], [-73.98157292165871, 40.72567399871126], [-73.98158004539809, 40.72567684365868], [-73.98158748887282, 40.72567917086407], [-73.9815951858027, 40.72568095960512], [-73.98160306753914, 40.725682193661605], [-73.98161106779915, 40.72568286221677], [-73.9816191155637, 40.725682959856236], [-73.98162713981228, 40.725682486568665], [-73.9816350718908, 40.72568144504459], [-73.98164309107717, 40.72568215952651], [-73.98165116368789, 40.72568229679015], [-73.98167356859355, 40.725681036043646], [-73.98169609415775, 40.72568004906674], [-73.98171871197196, 40.725679338556326], [-73.98172833173112, 40.7256791536779], [-73.98174139362845, 40.72567890360742], [-73.98176411071898, 40.725678746016385], [-73.98178683720296, 40.72567886577917], [-73.98180954230548, 40.7256792619904], [-73.98183219880204, 40.72567993554622], [-73.98185477946903, 40.725680884641434], [-73.98188661011817, 40.72568773892503], [-73.98191833773468, 40.72569481290784], [-73.98194993272902, 40.72570209938124], [-73.98195808534354, 40.725704043057], [-73.98204988950722, 40.72572290415925], [-73.98205120686308, 40.72572317451731], [-73.98216243701326, 40.72575282935607], [-73.98216950992949, 40.72575109607117], [-73.9821762977293, 40.72574880442612], [-73.98218272346747, 40.725745977822214], [-73.9821887137469, 40.72574265046758], [-73.9821941999046, 40.725738859272575], [-73.9822770186011, 40.725625366486696], [-73.98230028699744, 40.725635122578915], [-73.98231900113691, 40.72564296888801], [-73.98225801292027, 40.72572560822692], [-73.98224019900607, 40.72575974107681], [-73.98223827673671, 40.72576411635368], [-73.98223706462998, 40.72576864842867], [-73.98223658282662, 40.725773268866206], [-73.98223683607972, 40.72577790922834], [-73.9822378220411, 40.7257824983745], [-73.98223952652502, 40.72578696786376], [-73.98224192114145, 40.725791250153534], [-73.9822449727646, 40.725795281302574], [-73.98224863406394, 40.7257990000689], [-73.98225285060501, 40.72580235151301], [-73.98225755729942, 40.725805284295774], [-73.98226268550575, 40.72580775428164], [-73.98226815711119, 40.72580972453765], [-73.98228452103027, 40.72581563979879], [-73.98230053089131, 40.72582208990559], [-73.98231615710576, 40.725829063146946], [-73.9823313712688, 40.72583654781209], [-73.98234614260916, 40.7258445285878], [-73.98236044509014, 40.72585299016159], [-73.98237425030796, 40.725861916320135], [-73.98238753222584, 40.725871291750934], [-73.98240026599196, 40.72588109663927], [-73.98241242793698, 40.72589131477245], [-73.98242399557677, 40.72590192453504], [-73.9824349452424, 40.72591290791343], [-73.9824452580009, 40.72592424239217], [-73.98245491373498, 40.72593590725667], [-73.98246389351134, 40.725947880891994], [-73.98247218076418, 40.72596014078302], [-73.98247976011174, 40.72597266261383], [-73.98248661617217, 40.72598542296903], [-73.98249273829802, 40.72599839843383], [-73.98249811347516, 40.72601156379218], [-73.98250273105629, 40.72602489562927], [-73.98250658276218, 40.72603836692872], [-73.98251023905793, 40.72604321672511], [-73.9825145867119, 40.72604772713455], [-73.98251957247359, 40.72605184141666], [-73.982525132438, 40.726055507332234], [-73.98253119678006, 40.72605867894465], [-73.9825376921217, 40.72606131752077], [-73.98254453324665, 40.72606338972879], [-73.98255163848773, 40.72606486944147], [-73.98255891552245, 40.72606573863466], [-73.98256627557794, 40.72606598468774], [-73.98257362632724, 40.72606560668617], [-73.98258087425847, 40.72606460821792], [-73.98258793059225, 40.72606300187661], [-73.98260548475469, 40.72605772214408], [-73.9826233133807, 40.72605300706938], [-73.98264138805985, 40.72604886655378], [-73.98265967328074, 40.72604530599482], [-73.98267813826627, 40.726042332591945], [-73.98269675105642, 40.726039950842654], [-73.98271547613972, 40.72603816704522], [-73.9827342827407, 40.726036982095444], [-73.98275313534857, 40.72603639959002], [-73.98277200200427, 40.726036420424634], [-73.98279084838192, 40.7260370436936], [-73.98280964015545, 40.72603826849142], [-73.98282834655028, 40.726040093012415], [-73.98284693087354, 40.72604251454963], [-73.98286536235136, 40.72604552769552], [-73.98288360784238, 40.72604912794269], [-73.98290163538967, 40.72605330808237], [-73.9829194118523, 40.72605806090575], [-73.98292388221175, 40.72605961404633], [-73.98292860719691, 40.72606064222773], [-73.98293348028223, 40.72606112382192], [-73.98293839375536, 40.72606104800681], [-73.98294323871754, 40.726060415666836], [-73.98294790508251, 40.72605924209426], [-73.98295229104706, 40.72605755338881], [-73.9829562971728, 40.72605538555621], [-73.98295983585456, 40.72605278901203], [-73.98296282658764, 40.726049820476376], [-73.98296520306889, 40.72604654657727], [-73.98296691201453, 40.72604303934755], [-73.98296791671024, 40.72603937802658], [-73.98296819464534, 40.72603564455736], [-73.98296861848152, 40.72603070352717], [-73.98296980340822, 40.72602582114258], [-73.98297173165278, 40.726021064939246], [-73.98297437715738, 40.72601650065029], [-73.98297770202758, 40.72601219310682], [-73.98298166126852, 40.72600820083511], [-73.9829861980494, 40.72600457965838], [-73.98299125080581, 40.72600138089635], [-73.98299674850597, 40.72599864776298], [-73.98300261538449, 40.72599641986942], [-73.98300876857613, 40.725994727820684], [-73.98301512166681, 40.725993594116645], [-73.98302158824379, 40.72599303585428], [-73.98302807716213, 40.72599306022416], [-73.98303449727884, 40.72599366721283], [-73.98304076100418, 40.7259948478024], [-73.98304677956646, 40.72599658577058], [-73.98305247011464, 40.72599885679148], [-73.9830583557128, 40.72600214001297], [-73.98306370734595, 40.72600592113705], [-73.98306845163869, 40.72601015062508], [-73.98307252468719, 40.72601476993464], [-73.9830758708738, 40.726019718723485], [-73.9830784464197, 40.726024928546636], [-73.98308021583212, 40.72603032915917], [-73.98308115545565, 40.72603584851689], [-73.98308125110495, 40.72604141187555], [-73.9830805039826, 40.726046943592564], [-73.9830800947182, 40.72605046902518], [-73.98308034473588, 40.72605410171521], [-73.9830812446055, 40.72605768767427], [-73.98308275530415, 40.726061075611106], [-73.98309262123294, 40.726065899285906], [-73.98311062667861, 40.726077957942856], [-73.98312695273877, 40.72608435395028], [-73.98313823711108, 40.72608764336171], [-73.98315216273632, 40.72608910692627], [-73.98316969039283, 40.72609020540904], [-73.98318411669142, 40.726091766297884], [-73.98325243491864, 40.72608328445524], [-73.98328226233009, 40.726079120333615], [-73.98327345858006, 40.72605842085576], [-73.98329228027069, 40.726053686911115], [-73.98330107832781, 40.72608767880002], [-73.98330376031785, 40.726098041345914], [-73.98330453842654, 40.726101046457295], [-73.98330535201097, 40.72610419025212], [-73.98329751542073, 40.726106690729594], [-73.98328744149467, 40.72610990588598], [-73.98326923874276, 40.726115077567144], [-73.98325077453386, 40.72611969539437], [-73.98323207964584, 40.72612375216795], [-73.98321318485637, 40.726127241588664], [-73.98319412331043, 40.72613015825822], [-73.98317492460197, 40.7261324958773], [-73.98315562305902, 40.726134251749336], [-73.9831362506425, 40.726135421376384], [-73.9831168381287, 40.726136004762964], [-73.98309741984531, 40.72613600011306], [-73.98307802775247, 40.72613540653084], [-73.98305869380934, 40.726134226722536], [-73.98305263206325, 40.726134685090074], [-73.98304669800383, 40.726135736011], [-73.98304099106426, 40.726137363290846], [-73.98303560712974, 40.72613953902798], [-73.98303063498535, 40.726142227215156], [-73.98302616105119, 40.726145382839725], [-73.98302225754554, 40.72614895188182], [-73.98301899076954, 40.726152875818286], [-73.9830164151893, 40.72615708891998], [-73.98301457343558, 40.72616152005302], [-73.9830134986704, 40.72616609538061], [-73.98301320630151, 40.72617073746134], [-73.983013702267, 40.72617536975271], [-73.98301497830148, 40.726179913008764], [-73.98301370134607, 40.726202202218765], [-73.98301164316791, 40.72622445799453], [-73.98300880613775, 40.7262466641273], [-73.98300519262627, 40.726268804408164], [-73.98300080500424, 40.72629086262828], [-73.9829956468261, 40.72631282257887], [-73.98298972046288, 40.72633466715054], [-73.98298303183608, 40.72635638103537], [-73.98297558568372, 40.726377948925325], [-73.98296738792816, 40.726399352810915], [-73.98295687076921, 40.72641830786871], [-73.98294579850247, 40.72643707913947], [-73.98293417941657, 40.72645565401712], [-73.98292202180095, 40.72647401719409], [-73.98290933512774, 40.72649215696498], [-73.98290662229273, 40.7264960854828], [-73.98290470719498, 40.72650027796811], [-73.9829036324713, 40.726504640774394], [-73.98290342182062, 40.72650907665019], [-73.98290407881929, 40.72651348744052], [-73.98290559165615, 40.72651777408771], [-73.98290792366139, 40.72652184113228], [-73.98291102514332, 40.726525598515956], [-73.98291482628606, 40.72652896248093], [-73.9829192418832, 40.72653185827225], [-73.98296123049705, 40.72657025138838], [-73.98297843967745, 40.72658598582482], [-73.98295988829878, 40.72661150530507], [-73.98293994084398, 40.72663894536096], [-73.98293558328392, 40.726635876681286], [-73.98292799700121, 40.726631315379535], [-73.98291996553428, 40.72662721417131], [-73.98291988386873, 40.726627179039376], [-73.98291153740773, 40.72662359917845], [-73.98290276469808, 40.72662049202087], [-73.98289370184999, 40.72661791251774], [-73.98288440449261, 40.726615875985914], [-73.9828749294396, 40.72661439504097], [-73.98286064113977, 40.72661433888445], [-73.98284634204909, 40.726614817626896], [-73.9828320700459, 40.72661582857234], [-73.9828178618248, 40.726617369925336], [-73.9828037540809, 40.72661943718879], [-73.98278978469338, 40.72662202496536], [-73.98277598917423, 40.72662512695686], [-73.98276240303593, 40.72662873506401], [-73.9827490629752, 40.7266328393869], [-73.9827360033215, 40.72663742912457], [-73.98272325840475, 40.7266424925757], [-73.98271086018754, 40.72664801713801], [-73.98269884300075, 40.72665398750821], [-73.98268723644041, 40.72666038838209], [-73.98267761636784, 40.726665798093386], [-73.98266844716495, 40.72667164912111], [-73.98265976671543, 40.72667791985883], [-73.98265160698497, 40.7266845868983], [-73.98264399875636, 40.72669162412945], [-73.98263697162886, 40.72669900454168], [-73.9826305516512, 40.72670670022314], [-73.98262476605578, 40.726714682361816], [-73.9826196337901, 40.72672291944282], [-73.98261517498501, 40.726731380852044], [-73.98261140858851, 40.72674003327348], [-73.98260834644633, 40.72674884429075], [-73.9826060027718, 40.7267577796867], [-73.98260438467608, 40.726766806143594], [-73.98260349927064, 40.72677588944323], [-73.98260338498953, 40.726782900788336], [-73.98260335011611, 40.72678499356579], [-73.98260393603816, 40.726794084291754], [-73.98260525704603, 40.72680312740181], [-73.98260339825659, 40.72681369729454], [-73.98256687507627, 40.72682403051338], [-73.98255978851641, 40.726827748542014], [-73.9825531824093, 40.72683194751476], [-73.98254711476486, 40.72683659322117], [-73.98254163649243, 40.72684164514618], [-73.98253679495137, 40.726847059171995], [-73.9825326315826, 40.7268527911802], [-73.9825291807268, 40.72685878984693], [-73.9825264731732, 40.726865005649024], [-73.9825245326102, 40.726871383659066], [-73.9825233732563, 40.72687787074925], [-73.98251911382924, 40.72687524872126], [-73.98251436184195, 40.72687317502824], [-73.98250923920085, 40.726871702818656], [-73.98250387610281, 40.7268708681326], [-73.98249841103362, 40.72687069440438], [-73.98249512620508, 40.726870991072985], [-73.98249298248437, 40.72687118525695], [-73.98248552087159, 40.72687419092148], [-73.98247846394467, 40.72687771714118], [-73.9824718720804, 40.72688173150708], [-73.98246580328868, 40.72688619980877], [-73.98246031321412, 40.72689108063134], [-73.98245544803164, 40.726896332558496], [-73.98245125155016, 40.72690190967111], [-73.98244776166148, 40.72690776064598], [-73.9824450067875, 40.726913835959515], [-73.98244203099938, 40.726922744240305], [-73.98243967307049, 40.72693176157678], [-73.98243794366388, 40.726940851950324], [-73.98243684870864, 40.72694997573938], [-73.98243639294961, 40.726959096023926], [-73.9824365787644, 40.72696817498287], [-73.98243280532122, 40.72699443954993], [-73.98243191470087, 40.72700524371965], [-73.98243179821178, 40.727016070520214], [-73.98243245704684, 40.72702688663292], [-73.98243389003123, 40.727037659639265], [-73.98243609125512, 40.727048358020554], [-73.98243905599242, 40.727058950258176], [-73.98244277359855, 40.72706940483265], [-73.98244723461245, 40.72707969022462], [-73.98245242483823, 40.727089775814626], [-73.98245833007938, 40.72709963278402], [-73.98246493022125, 40.72710923051237], [-73.98247220869972, 40.72711854108125], [-73.98248014184833, 40.727127536571224], [-73.98248870718379, 40.72713619086385], [-73.98249787748802, 40.72714447784023], [-73.98250762791005, 40.72715237228212], [-73.98252892395747, 40.72716545900864], [-73.98254874536109, 40.727177639595816], [-73.982526076419, 40.727208917134185], [-73.9825061925278, 40.72723635261985], [-73.98248414380171, 40.72722711184808], [-73.98221429388111, 40.72711401519634]], [[-73.98243081785783, 40.72687335772147], [-73.98243724539127, 40.72685959802552], [-73.98244425288152, 40.72684602932548], [-73.9824518249322, 40.72683268223622], [-73.98245994614682, 40.72681958827314], [-73.9824694078992, 40.726804210822955], [-73.9824795549381, 40.7267890883202], [-73.9824903730546, 40.72677423697183], [-73.98250185040654, 40.72675967568643], [-73.98251397396872, 40.726745420671044], [-73.98252672953244, 40.72673148813246], [-73.98253381344551, 40.7267242878374], [-73.98254010170496, 40.72671789517779], [-73.98255407509433, 40.72670465621264], [-73.98256863430804, 40.726691788344134], [-73.98258376158675, 40.72667930597748], [-73.98259944035533, 40.72666722261768], [-73.98261174120796, 40.72665836797062], [-73.98261565048699, 40.72665555357002], [-73.98263237422314, 40.72664431143879], [-73.98264959143734, 40.72663351062881], [-73.98266728318782, 40.726623161943195], [-73.9826704093083, 40.726618623848736], [-73.98267280989134, 40.726613837104495], [-73.98267445059317, 40.72660886744261], [-73.98267530772148, 40.72660378599966], [-73.98267537060518, 40.72659866301379], [-73.98267463804189, 40.72659357052555], [-73.98267311948308, 40.72658857877602], [-73.98267083740056, 40.72658375890879], [-73.98266782255321, 40.726579176665524], [-73.98266411872058, 40.72657489778999], [-73.98265977560236, 40.726570980822636], [-73.98265485591968, 40.72656748160442], [-73.98264942594659, 40.72656444787225], [-73.9826435637952, 40.72656192286217], [-73.982637351131, 40.72655994080588], [-73.98263087435548, 40.726558531433064], [-73.98262422342397, 40.7265577127675], [-73.98261749184469, 40.72655749652981], [-73.98260208770901, 40.7265560236722], [-73.98258660885784, 40.726555101012224], [-73.98257108843296, 40.72655473305736], [-73.98255556312853, 40.726554918912676], [-73.9825400637201, 40.72655565858282], [-73.98252462808566, 40.72655695027254], [-73.98250928700132, 40.72655879218549], [-73.98249407597869, 40.72656117892408], [-73.9824790281622, 40.72656410509037], [-73.98246417787959, 40.726567566187086], [-73.98244955590908, 40.72657155231339], [-73.98243519539577, 40.72657605536986], [-73.98242112830135, 40.726581066356346], [-73.98240738422085, 40.72658657357087], [-73.98239399511705, 40.726592564411355], [-73.98238099058494, 40.72659902717581], [-73.98236839666994, 40.726605945659195], [-73.98235624415162, 40.726613305458194], [-73.98234455907507, 40.72662109126832], [-73.98233129102702, 40.72663029423541], [-73.98231854960422, 40.726639923222564], [-73.98230635730185, 40.726649959322664], [-73.98229473898236, 40.72666038362913], [-73.98228371358977, 40.7266711781348], [-73.98227330362013, 40.72668232033056], [-73.9822635280178, 40.72669379130883], [-73.98225440454425, 40.72670556855983], [-73.98224731786648, 40.72671859783152], [-73.98224094252834, 40.72673183793155], [-73.98223528800544, 40.72674526724927], [-73.9822303661416, 40.72675886147292], [-73.98222618404515, 40.72677259899144], [-73.98222274882515, 40.726786455492245], [-73.98222006759015, 40.72680040846382], [-73.98221814271487, 40.72681443269231], [-73.98221697894044, 40.72682850566582], [-73.98221657864127, 40.726842603070885], [-73.98221694182432, 40.72685670059386], [-73.98221806731284, 40.72687077392083], [-73.98221995392962, 40.726884800538784], [-73.98222259813086, 40.72689875523296], [-73.98222599637191, 40.72691261549], [-73.98223014155744, 40.72692635699504], [-73.98223502659215, 40.7269399563336], [-73.98224064438008, 40.72695339099186], [-73.98224698545847, 40.72696663755497], [-73.98225403681299, 40.72697967350811], [-73.98226178898037, 40.72699247633692], [-73.98227022776211, 40.72700502532745], [-73.98227933895997, 40.72701729886509], [-73.98228910719155, 40.72702927623563], [-73.98229951589109, 40.727040935824135], [-73.98231054612437, 40.72705225961735], [-73.98231471659494, 40.7270555687276], [-73.98231940800636, 40.72705844927547], [-73.98232454461497, 40.727060852621754], [-73.98233004475512, 40.727062742733565], [-73.98233581965802, 40.72706408717886], [-73.98234177581718, 40.727064864331105], [-73.98234781617231, 40.7270650624687], [-73.98235384484482, 40.72706467797498], [-73.98235976358598, 40.727063717138414], [-73.98236547651184, 40.72706219615349], [-73.98237089247169, 40.72706013751904], [-73.98237592386246, 40.7270575763415], [-73.98238048899809, 40.72705455403182], [-73.98238451447668, 40.72705111830585], [-73.98238793518017, 40.727047324985215], [-73.98239069664261, 40.72704323439573], [-73.98239275386575, 40.72703891406874], [-73.98239407368789, 40.72703443333836], [-73.98239441976853, 40.727019321951744], [-73.98239546896023, 40.727004226881746], [-73.98239722125766, 40.726989167039044], [-73.98239967192, 40.72697416313459], [-73.98240281975787, 40.72695923497933], [-73.98240666003082, 40.726944402383715], [-73.98241118799837, 40.726929685158126], [-73.9824151594939, 40.72691547393337], [-73.98241976306343, 40.726901327641556], [-73.98242498567761, 40.72688727779848], [-73.98243081785783, 40.72687335772147]], [[-73.98207138794805, 40.72695275511754], [-73.9820773378663, 40.72695028144539], [-73.98208363919268, 40.726948361640595], [-73.98209020077556, 40.72694702270416], [-73.9820969290976, 40.72694628533321], [-73.9821037259098, 40.726946158517556], [-73.9821104953324, 40.72694664494377], [-73.9821171391205, 40.7269477382931], [-73.98212356021594, 40.726949421440764], [-73.98212966866421, 40.726951670959636], [-73.98213492727498, 40.72694046764401], [-73.98214742594294, 40.726913841534554], [-73.98214764700582, 40.72685747511479], [-73.98215455165675, 40.726764030375634], [-73.9821557937371, 40.72675816285203], [-73.98215626051652, 40.72675223037163], [-73.98215594724448, 40.72674629236729], [-73.98215485864031, 40.72674040737282], [-73.98215300415808, 40.726734633922725], [-73.98215040272152, 40.726729029652496], [-73.98214708035714, 40.72672365039764], [-73.98214307019396, 40.72671855019378], [-73.98213314400819, 40.72670879254032], [-73.98212256313528, 40.72669944091386], [-73.98211135716072, 40.72669052143358], [-73.98209955448647, 40.726682058417495], [-73.9820871882498, 40.726674074383226], [-73.9820774113089, 40.726668401456614], [-73.98207429158823, 40.726666590948014], [-73.98206090119017, 40.726659629729646], [-73.9820464661685, 40.72665493943032], [-73.98203172204768, 40.72665083531222], [-73.98201671262038, 40.726647330889804], [-73.98200147931301, 40.72664443427395], [-73.98198606473576, 40.726642154476366], [-73.9819705138666, 40.726640497807495], [-73.98195487050049, 40.72663946877675], [-73.98194780235083, 40.72664071577424], [-73.98186083366689, 40.726656056684185], [-73.98183338843195, 40.72665677636653], [-73.98180592680619, 40.72665683146412], [-73.98177847601552, 40.72665622108081], [-73.98175106446894, 40.726654947022055], [-73.98174642804483, 40.72665461850191], [-73.98172372057569, 40.726653009292455], [-73.98171433529981, 40.72665227118609], [-73.98170490133705, 40.72665210039185], [-73.98169547905573, 40.7266524960188], [-73.98168612764053, 40.72665345627535], [-73.98167690509374, 40.726654974867174], [-73.98166786941846, 40.72665704279848], [-73.98165907506764, 40.726659647470825], [-73.98165057886305, 40.726662771783644], [-73.9816424340757, 40.72666639683485], [-73.98163511188078, 40.72667028136326], [-73.98162825711408, 40.72667463242939], [-73.98162192186692, 40.72667941762332], [-73.98161615231338, 40.72668460003171], [-73.98161099107651, 40.726690142740516], [-73.9816064784139, 40.7266960025318], [-73.98160264511313, 40.72670213708666], [-73.98159952314685, 40.72670850048437], [-73.98159713265107, 40.72671504500118], [-73.98159549376216, 40.7267217220129], [-73.98159461714731, 40.726728481993206], [-73.98159450992299, 40.72673527361434], [-73.98159517328656, 40.726742048249], [-73.981597140906, 40.72674944804524], [-73.98159989808885, 40.72675670118472], [-73.98160342472579, 40.72676375993711], [-73.98160769715655, 40.72677057567112], [-73.98161268816892, 40.72677710335682], [-73.98161836344781, 40.72678329976429], [-73.98162468631033, 40.72678912346416], [-73.981631612971, 40.72679453392634], [-73.98163909727538, 40.72679949692414], [-73.981647088334, 40.72680397822997], [-73.98173773134255, 40.72684515130209], [-73.98180967968116, 40.72687587724859], [-73.98188193832212, 40.72690620607434], [-73.98195117671881, 40.726934763080266], [-73.98195449424549, 40.726936131473224], [-73.98202733443078, 40.72696564984066], [-73.98203113718081, 40.72696737040611], [-73.98203535081713, 40.72696855793429], [-73.98203980016558, 40.726969164670884], [-73.98204430057656, 40.72696916447228], [-73.98204866502577, 40.726968558209805], [-73.98205271121773, 40.7269673692683], [-73.98205646823142, 40.726963107745256], [-73.9820608773617, 40.72695921463179], [-73.9820658746734, 40.726955747550534], [-73.98207138794805, 40.72695275511754]], [[-73.98147097352067, 40.72665596038825], [-73.9814768141147, 40.726650741077705], [-73.98148205349241, 40.72664516506867], [-73.98148665494831, 40.726639272878145], [-73.98149058651161, 40.726633105024035], [-73.9814938185774, 40.726626707427585], [-73.98149632982701, 40.726620125110834], [-73.9814981001248, 40.72661340489716], [-73.98149911880468, 40.72660659451177], [-73.98149937756746, 40.72659974258089], [-73.98148929478194, 40.72657461225847], [-73.98149046604597, 40.72657246653394], [-73.98149088100777, 40.726570051435665], [-73.98149051239575, 40.72656753535447], [-73.98148938501878, 40.726565093893484], [-73.98148757695299, 40.726562897261516], [-73.98148521481028, 40.72656109946585], [-73.98142726829734, 40.72650246429983], [-73.9814182740654, 40.726491791817644], [-73.98140990372002, 40.72648083037209], [-73.98140217382709, 40.72646959977722], [-73.98139509858429, 40.72645812254811], [-73.98138869218954, 40.72644642029942], [-73.98138296528978, 40.72643451464522], [-73.98137793089812, 40.72642243080192], [-73.98137359847796, 40.726410189482884], [-73.98136903423753, 40.72639730246124], [-73.98136534478736, 40.72638425438984], [-73.98136253840336, 40.72637107858899], [-73.9813606257282, 40.726357811080796], [-73.98135960793536, 40.72634448608486], [-73.9813594909327, 40.72633113962251], [-73.98136027234256, 40.726317806813185], [-73.98136046775026, 40.726313217851086], [-73.98135984522716, 40.726308647667295], [-73.9813584177704, 40.72630418001117], [-73.98135621139778, 40.72629989863428], [-73.98135326633196, 40.72629588458889], [-73.98134963818562, 40.72629221172568], [-73.98134539559346, 40.726288947593886], [-73.98134061547731, 40.72628615524157], [-73.98133538896667, 40.72628388511181], [-73.98132981311151, 40.72628217954437], [-73.98125167389428, 40.72627211896859], [-73.98115139430753, 40.72625646075582], [-73.98111623765652, 40.72625257290122], [-73.98109884791836, 40.726253461551785], [-73.9810806828739, 40.726258496916266], [-73.98105863572567, 40.72626636103849], [-73.98103685721, 40.726278589967784], [-73.98103174051239, 40.72628146354959], [-73.98097768414557, 40.726310179067134], [-73.98092705092515, 40.72633483743284], [-73.98089484865646, 40.7263559508305], [-73.9808715538976, 40.72637602110884], [-73.98085121334292, 40.72639699868626], [-73.98084162486275, 40.7264156511344], [-73.98083956834702, 40.726429578964286], [-73.98084440092515, 40.72645572064282], [-73.98084968598421, 40.72646019254892], [-73.98085554762459, 40.72646422870429], [-73.9808619219396, 40.7264677858738], [-73.98086874383704, 40.72647082712568], [-73.98098967667934, 40.72652373584699], [-73.98114338909772, 40.72659098591605], [-73.98133890386418, 40.72667084428352], [-73.98134687157035, 40.72667405048584], [-73.98135516730586, 40.72667673354503], [-73.98136373070746, 40.72667887544108], [-73.98137250141122, 40.726680459955], [-73.98138141668466, 40.72668147536994], [-73.9813904126103, 40.72668191447159], [-73.98139942408535, 40.72668177544828], [-73.98140838837409, 40.72668105828991], [-73.98141724037191, 40.72667976748856], [-73.98142591734015, 40.72667791384018], [-73.98143435653964, 40.72667550904136], [-73.98144249878068, 40.7266725710928], [-73.98145028605632, 40.726669121597375], [-73.98145766154299, 40.72666518305877], [-73.98146457433346, 40.726660786086185], [-73.98147097352067, 40.72665596038825]], [[-73.98178382320967, 40.72656790991623], [-73.98180026221786, 40.72656812323488], [-73.98181669664173, 40.72656778543899], [-73.98183309688851, 40.726566897424355], [-73.98184942863001, 40.726565461887155], [-73.9818656622732, 40.72656348062384], [-73.98188176467313, 40.726560958131635], [-73.98189770505233, 40.72655789890841], [-73.98191345381679, 40.72655430835262], [-73.98192897900431, 40.726550194563835], [-73.98194425102025, 40.726545565642176], [-73.98195924026989, 40.726540429687695], [-73.9819764773768, 40.726530783433766], [-73.98199325059875, 40.726520672442135], [-73.9820095374418, 40.72651011021707], [-73.98202531896351, 40.72649910936294], [-73.982040571486, 40.726487685184914], [-73.98205527843366, 40.72647585208877], [-73.98206941849632, 40.72646362447951], [-73.9820829750981, 40.72645101856398], [-73.98209593047939, 40.726438050548715], [-73.9821082680642, 40.72642473754106], [-73.98211997127646, 40.726411096648285], [-73.98213102590786, 40.726397144077524], [-73.98214141656543, 40.72638289963782], [-73.98215113140796, 40.72636838043716], [-73.98216015622636, 40.72635360628471], [-73.98216848036293, 40.72633859518915], [-73.98217609315968, 40.7263233669602], [-73.98218298514234, 40.72630794050719], [-73.98218914683652, 40.7262923365405], [-73.98219456995147, 40.72627657487017], [-73.98219924856382, 40.72626067620711], [-73.98220317556668, 40.7262446603615], [-73.98220634740392, 40.7262285480445], [-73.98220875815217, 40.72621235996708], [-73.98221040543912, 40.726196116840555], [-73.98221128807589, 40.726179840277005], [-73.98221196476905, 40.72616793295123], [-73.98221189692917, 40.72615601560482], [-73.9822110857336, 40.72614411345215], [-73.98220953354287, 40.72613225350894], [-73.98220724271727, 40.72612046369124], [-73.98220421916866, 40.72610877011468], [-73.98220046999242, 40.726097198895104], [-73.98219600228435, 40.72608577524773], [-73.98219082669041, 40.72607452708996], [-73.98218495504143, 40.72606347783671], [-73.9821784015352, 40.726052652704375], [-73.98217117918561, 40.72604207690905], [-73.98216330455818, 40.72603177386648], [-73.98215479776938, 40.726021766992844], [-73.98214567420139, 40.72601207790256], [-73.98213595752166, 40.72600273001249], [-73.98212566903123, 40.72599374313689], [-73.98211483003075, 40.7259851379907], [-73.98210346773982, 40.72597693348866], [-73.98209160582658, 40.725969149445454], [-73.98207927032759, 40.725961802074245], [-73.98206649201376, 40.72595490848925], [-73.98205329692179, 40.72594848400303], [-73.98204027877648, 40.725944313517026], [-73.98202698942816, 40.72594067158596], [-73.98201346556812, 40.72593756722059], [-73.98199974388729, 40.72593501033226], [-73.98198586462856, 40.72593300813113], [-73.98197186566793, 40.7259315651257], [-73.98195778606528, 40.72593068582456], [-73.98194366369738, 40.72593037203467], [-73.98192953999188, 40.725930626464056], [-73.98191545282677, 40.72593144641706], [-73.98190144126332, 40.72593283099941], [-73.98188754554744, 40.72593477571488], [-73.98187380355792, 40.72593727516643], [-73.98186025435746, 40.72594032305673], [-73.98184693464252, 40.725943909485956], [-73.98183388229289, 40.72594802545516], [-73.98182113282186, 40.725952659263385], [-73.98171820665436, 40.72600685901277], [-73.98170016939797, 40.72601679956798], [-73.98168260429209, 40.72602722016674], [-73.98166553383048, 40.7260381064047], [-73.98164897932273, 40.726049445678406], [-73.98163296207896, 40.726061223583294], [-73.98161750222616, 40.72607342391361], [-73.98160261752328, 40.726086033164876], [-73.9815883292811, 40.72609903513146], [-73.98157465289228, 40.72611241270644], [-73.98156160730034, 40.72612614968385], [-73.98154920908172, 40.72614022895694], [-73.98153747244604, 40.72615463161742], [-73.98152641160227, 40.72616934145872], [-73.9815160431277, 40.72618433867241], [-73.98150637768082, 40.72619960525032], [-73.9814974271043, 40.726215121383184], [-73.98149022853715, 40.72622578765559], [-73.98148372708502, 40.72623671248573], [-73.98147794169445, 40.72624786886151], [-73.98147288539386, 40.726259229769795], [-73.98146857121182, 40.726270767297095], [-73.98146500862597, 40.72628245352918], [-73.98146220711409, 40.72629425965129], [-73.98146017260332, 40.72630615594777], [-73.98145891101994, 40.72631811540426], [-73.98145842592398, 40.72633010740414], [-73.98145871732412, 40.72634210223048], [-73.98145978404484, 40.72635407196745], [-73.98146162491139, 40.72636598599747], [-73.98146423519722, 40.72637781640397], [-73.98146760780888, 40.72638953346893], [-73.98147173446871, 40.72640110927526], [-73.98147660571559, 40.72641251500498], [-73.98148220972078, 40.726423722740364], [-73.98148853347159, 40.72643470546393], [-73.98149555922046, 40.72644543615743], [-73.981503271587, 40.726455888703555], [-73.98151165045601, 40.72646603698413], [-73.9815224537195, 40.72647545984292], [-73.98153379211536, 40.726484511776825], [-73.98154564315834, 40.72649317567243], [-73.98155798436312, 40.726501434416285], [-73.98157079206031, 40.72650927179526], [-73.98158404139645, 40.72651667339714], [-73.98159770633453, 40.7265236239089], [-73.98161176083693, 40.72653010981863], [-73.98162617768192, 40.726536119415236], [-73.98164092846399, 40.726541640987456], [-73.98165598359391, 40.72654666282378], [-73.98167131584937, 40.72655117501417], [-73.98168689445608, 40.726555170349606], [-73.98170268864006, 40.72655864072045], [-73.98171866999446, 40.72656157891803], [-73.98173480419372, 40.726563978633365], [-73.98175106282984, 40.72656583625971], [-73.98176741276043, 40.72656714728932], [-73.98178382320967, 40.72656790991623]], [[-73.98158670503074, 40.72594140077008], [-73.98156831755891, 40.725899424202225], [-73.9815071851726, 40.725802113499135], [-73.98150377029607, 40.725797756287896], [-73.98149972324745, 40.72579372405878], [-73.9814950972771, 40.72579007085077], [-73.98148995273951, 40.7257868435], [-73.981484357092, 40.72578408524165], [-73.981478382529, 40.72578183120714], [-73.98147210953171, 40.72578011202666], [-73.98146561858387, 40.72577894932534], [-73.98145899608907, 40.72577835932621], [-73.9814523284533, 40.72577834924726], [-73.98144570326863, 40.725778918202074], [-73.98143920694461, 40.725780060801526], [-73.98134300093254, 40.72582834045304], [-73.98132835057034, 40.725836831679445], [-73.98131416881247, 40.725845777737064], [-73.98130048170371, 40.725855164222125], [-73.981287310555, 40.72586497402872], [-73.98127467904435, 40.725875190951605], [-73.98126261085065, 40.72588579608414], [-73.98125112373395, 40.72589677231975], [-73.98124024018973, 40.72590809985107], [-73.98122997797866, 40.72591975977044], [-73.98122035486206, 40.72593173046874], [-73.98121138741709, 40.72594399303809], [-73.98120309222199, 40.725956524068195], [-73.98119548230284, 40.72596930465061], [-73.98118857187126, 40.72598230957351], [-73.98118237158626, 40.725995519027556], [-73.98117689447545, 40.726008908701296], [-73.9811737837903, 40.72602140005367], [-73.98117191660307, 40.72603582950469], [-73.98117186663606, 40.72604091286988], [-73.98117159723826, 40.726047589199574], [-73.98117059896217, 40.7260575054415], [-73.98117074152314, 40.726068235029565], [-73.98117015849047, 40.72607895729491], [-73.98116884987252, 40.726089641620185], [-73.98116682159463, 40.72610026189156], [-73.98116407603247, 40.72611078749213], [-73.98115403544375, 40.72613387760132], [-73.98115221329587, 40.72613969999424], [-73.98115152782354, 40.72614431318961], [-73.98115163388145, 40.726150171918476], [-73.98115228524868, 40.72615733107158], [-73.98115333192919, 40.72616461906216], [-73.98115462274265, 40.72617086610432], [-73.98115716741881, 40.726180084130746], [-73.98115890482799, 40.72618510385216], [-73.98115973745482, 40.726187527258105], [-73.98116205365191, 40.72619266323982], [-73.98116469800313, 40.726196830327495], [-73.9811687154008, 40.72620108588958], [-73.9811752063132, 40.72620669171889], [-73.9811823080776, 40.72621204640563], [-73.98118322052517, 40.72621265349781], [-73.98118873663678, 40.72621630686358], [-73.98120123436246, 40.72622325272946], [-73.98121523658345, 40.726230084474786], [-73.98122704476683, 40.72623511574328], [-73.98123759509413, 40.72623873750902], [-73.98125138999387, 40.72624201490721], [-73.98126780092723, 40.726244960441576], [-73.98128297874764, 40.72624689810357], [-73.98129498819732, 40.72624759794963], [-73.98130583199219, 40.72624732595593], [-73.98132213510944, 40.726246421789185], [-73.98133764875932, 40.72624111400321], [-73.98135393887458, 40.72623167570621], [-73.98137721430136, 40.72620807623209], [-73.98141756350655, 40.72614494626473], [-73.98145558522663, 40.72608712620952], [-73.98148817160899, 40.72604995664051], [-73.98156420132605, 40.725978571081775], [-73.98158669965063, 40.72596087247563], [-73.98158670503074, 40.72594140077008]], [[-73.98164347060047, 40.725924385710904], [-73.98164784415329, 40.72592487268294], [-73.9816521847484, 40.72592468696933], [-73.98171962158823, 40.725897384356486], [-73.98172194341029, 40.72589507942195], [-73.9817236379639, 40.72589248172241], [-73.98172463893532, 40.72588969300487], [-73.98172490723373, 40.72588682132419], [-73.9817244309915, 40.72588397924212], [-73.98172323148411, 40.72588127932567], [-73.98172135366293, 40.72587882514049], [-73.981593604558, 40.72575329994542], [-73.98158984119756, 40.72575068246446], [-73.98158558292906, 40.72574854487555], [-73.98158093863535, 40.72574694212713], [-73.98157602075456, 40.725745912959034], [-73.98157095238174, 40.7257454826051], [-73.98156585779957, 40.72574566189139], [-73.98156086366218, 40.72574644633559], [-73.98155609189315, 40.72574781704663], [-73.98155166205285, 40.72574973982424], [-73.98154768423612, 40.7257521669592], [-73.98154425433702, 40.725755039033345], [-73.98154145878365, 40.72575828401978], [-73.98153936743512, 40.72576182178451], [-73.9815380300294, 40.72576556678719], [-73.98153747973603, 40.72576942357914], [-73.98153773196859, 40.725773299410484], [-73.98153877965214, 40.72577709702508], [-73.98162718265715, 40.72591348695395], [-73.98162919525593, 40.72591651838844], [-73.98163195957835, 40.72591922846106], [-73.981635358472, 40.72592150278849], [-73.98163924992194, 40.725923245894045], [-73.98164347060047, 40.725924385710904]], [[-73.98180156657227, 40.72587485219326], [-73.98180945097317, 40.72587509567608], [-73.98181733079497, 40.7258747691354], [-73.98182513383242, 40.72587387526138], [-73.98183278906262, 40.725872422147376], [-73.98184023019608, 40.72587042239016], [-73.98184738739052, 40.725867894889376], [-73.9818541979052, 40.72586486124749], [-73.98187324754332, 40.72586214290976], [-73.9818924402248, 40.725860086465524], [-73.98191173688792, 40.725858695510546], [-73.98191915387629, 40.725858419318705], [-73.98193109610366, 40.72585797364039], [-73.98193499513496, 40.7258579634461], [-73.98195047762714, 40.72585792264968], [-73.98196984239762, 40.72585854253232], [-73.98198915135507, 40.725859830580674], [-73.98200836188805, 40.725861785887616], [-73.9820161730385, 40.72586151695516], [-73.98202389204413, 40.72586057352657], [-73.98203141947276, 40.7258589672929], [-73.98203865825691, 40.72585671985128], [-73.98204551369481, 40.72585385910276], [-73.98205189581654, 40.72585042375534], [-73.98205772175267, 40.725846458821586], [-73.98206291691812, 40.725842013817946], [-73.98206705024869, 40.725837855911045], [-73.98207051134482, 40.72583334940238], [-73.9820732492909, 40.72582856002115], [-73.98207522737498, 40.725823555299925], [-73.98207641480245, 40.72581840637416], [-73.98207679616591, 40.72581318708316], [-73.98207666166509, 40.72581155804139], [-73.98207649766954, 40.72580956789088], [-73.98207624019945, 40.725807444450496], [-73.98207513233685, 40.725802830970316], [-73.98207310841111, 40.725797841835174], [-73.98207032687424, 40.72579307410726], [-73.98206951396912, 40.72579203569373], [-73.98206682440191, 40.72578859623086], [-73.98206265305888, 40.72578447124973], [-73.98204688978308, 40.72577672621629], [-73.98202446418135, 40.725771244020514], [-73.98200736713339, 40.72576706388868], [-73.9819414388281, 40.72575400879367], [-73.98183969058047, 40.72573959635278], [-73.98182091582309, 40.7257371151892], [-73.98180202847546, 40.72573515630002], [-73.98178305576064, 40.72573372329146], [-73.98176402490229, 40.72573281796893], [-73.98174496194045, 40.725732441236964], [-73.98172589528237, 40.72573259490107], [-73.98170685215257, 40.72573327716453], [-73.98170249142682, 40.72573353851977], [-73.9816941237114, 40.72573472496118], [-73.98169255276689, 40.72573548744258], [-73.98169098309435, 40.725735928442376], [-73.98168617802476, 40.72573788538488], [-73.98168177172028, 40.725740325063484], [-73.98167784705038, 40.72574320246592], [-73.9816744786019, 40.725746461772566], [-73.98167173031005, 40.72575004175907], [-73.98166965427497, 40.72575387579611], [-73.98166828957841, 40.72575788914763], [-73.98166766109806, 40.7257620079759], [-73.98166778187625, 40.72576615303822], [-73.98166864956708, 40.725770246890455], [-73.98167024643737, 40.72577421028493], [-73.98167254409907, 40.72577797027592], [-73.98167549877644, 40.72578145391516], [-73.98167905367066, 40.72578459725739], [-73.9816900672616, 40.72579073057529], [-73.98170053029719, 40.72579740501062], [-73.981710397806, 40.72580459083951], [-73.98171962481679, 40.72581225743764], [-73.98172817227798, 40.72582036967923], [-73.98173600113772, 40.72582889243826], [-73.98174307826339, 40.7258377878883], [-73.98174937052246, 40.72584701730234], [-73.98175369766228, 40.72585272361337], [-73.98175885585644, 40.72585801672216], [-73.98176477883837, 40.72586282637855], [-73.98177073167838, 40.72586666619113], [-73.98177138613572, 40.725867088633485], [-73.9817785913553, 40.72587074764161], [-73.98178606692912, 40.725872667809135], [-73.98179374861253, 40.72587404049922], [-73.98180156657227, 40.72587485219326]], [[-73.98223430337005, 40.72587426510476], [-73.98222790886804, 40.72587532671861], [-73.98222172727422, 40.72587696288973], [-73.98221584855422, 40.72587915021878], [-73.98221035675697, 40.725881858101566], [-73.98220533119984, 40.72588504512698], [-73.9822008452825, 40.725888667181415], [-73.98219696293748, 40.72589267204532], [-73.98219373981344, 40.72589700029377], [-73.98219122327393, 40.725901590699586], [-73.9821894500308, 40.725906376630725], [-73.98218844495979, 40.725911289652466], [-73.98218822228459, 40.725916256825755], [-73.98218878675866, 40.725921208812174], [-73.98219410541083, 40.72593303511918], [-73.98219476719026, 40.725937076705975], [-73.98219615104162, 40.72594101124386], [-73.98219822976012, 40.725944764886854], [-73.98220096430373, 40.725948265588144], [-73.98221180032965, 40.725954730215896], [-73.98222214501061, 40.72596164772277], [-73.98223196520965, 40.7259689955911], [-73.98224123134084, 40.725976751303705], [-73.98224569979286, 40.72598094116072], [-73.982249912635, 40.72598489054227], [-73.98225798187426, 40.7259933880884], [-73.98226541539248, 40.726002215122385], [-73.98227218715587, 40.726011344624986], [-73.98227827704912, 40.726020748677485], [-73.98228366614123, 40.726030396659766], [-73.98228833550135, 40.72604025795172], [-73.98229227330069, 40.72605030103376], [-73.98229546415926, 40.72606049528635], [-73.98229789979982, 40.72607080738939], [-73.982302130218, 40.726075464571714], [-73.98230695020062, 40.726079777850074], [-73.98231231241202, 40.72608370399262], [-73.9823181624137, 40.726087202468065], [-73.98232444221415, 40.72609023994859], [-73.98233108908636, 40.726092785807175], [-73.98233803675122, 40.72609481301837], [-73.98234521656006, 40.72609630356132], [-73.98235255512877, 40.72609724121564], [-73.98235998143875, 40.72609761696539], [-73.98236741855176, 40.72609742629608], [-73.98237479426226, 40.7260966727988], [-73.9823820339965, 40.726095362765676], [-73.98238906554627, 40.72609350969334], [-73.9823958190695, 40.726091131581306], [-73.98240222708992, 40.72608825273308], [-73.9824082256811, 40.72608490195522], [-73.98241375446673, 40.72608111165692], [-73.98241875898707, 40.726076921452304], [-73.98242318833326, 40.72607237185657], [-73.98242699869698, 40.72606750878906], [-73.98243015218812, 40.726062379971026], [-73.98243261683334, 40.726057038527706], [-73.98243436894568, 40.72605153578452], [-73.98243145850707, 40.72604168737402], [-73.98242782953967, 40.726031977532195], [-73.98242349268847, 40.72602243777837], [-73.98241846096637, 40.72601309783128], [-73.9824127509379, 40.72600398560914], [-73.98240638035044, 40.72599513083131], [-73.98239936813592, 40.72598656051591], [-73.98239173796101, 40.7259783016817], [-73.98237278831539, 40.72595199401352], [-73.9823591638121, 40.72593999264431], [-73.98234488343779, 40.72592843962638], [-73.98232997441093, 40.725917358376954], [-73.98231446276772, 40.72590676600938], [-73.982306759909, 40.7259003874211], [-73.9822984520722, 40.72589446349635], [-73.98228958659536, 40.725889028461644], [-73.98228021081731, 40.7258841129414], [-73.98227037918012, 40.725879743058705], [-73.98226014612575, 40.72587594493651], [-73.98225383392806, 40.72587463912625], [-73.9822473605947, 40.725873918621666], [-73.98224081844967, 40.72587379334257], [-73.98223430337005, 40.72587426510476]], [[-73.98276889074178, 40.72608434144598], [-73.98259209062557, 40.726101551494786], [-73.98258624638173, 40.72610313730792], [-73.98258071921761, 40.72610528328533], [-73.98257560028597, 40.72610795251996], [-73.98257097600703, 40.72611110090002], [-73.98256692333415, 40.726114674406716], [-73.98256350856828, 40.72611861631805], [-73.98256078972763, 40.726122858204135], [-73.98255881181046, 40.726127330732716], [-73.98255760679552, 40.726131960066894], [-73.98255719600996, 40.72613666696519], [-73.98255758657609, 40.726141374885344], [-73.98256202596426, 40.72615723532206], [-73.98256573499451, 40.726173204609594], [-73.98256870775296, 40.72618926383639], [-73.98257094069345, 40.726205392290325], [-73.98257243263664, 40.7262215710605], [-73.98257318121986, 40.72623778033541], [-73.98257318408065, 40.72625399940304], [-73.98257244240727, 40.72627020845234], [-73.98257095738809, 40.72628638767229], [-73.98256873021141, 40.726302517251845], [-73.98256576324928, 40.72631857738013], [-73.98256206124101, 40.72633454824655], [-73.98255762892637, 40.726350409140096], [-73.98255246986051, 40.72636614205112], [-73.98254659233405, 40.72638172716942], [-73.98254000226974, 40.726397145585246], [-73.98253270914198, 40.72641237748863], [-73.98252472005738, 40.72642740396987], [-73.98251604685684, 40.726442207920904], [-73.98250669901475, 40.7264567695319], [-73.98250386897575, 40.72646068541532], [-73.9825017561841, 40.72646485445071], [-73.98250039972147, 40.7264692010013], [-73.9824998232822, 40.72647364672636], [-73.98250003872494, 40.72647810968142], [-73.98250104133606, 40.72648250972051], [-73.98250281219806, 40.72648676579492], [-73.98250532055532, 40.726490801356704], [-73.98250852026341, 40.72649454255695], [-73.98251235215615, 40.72649792094804], [-73.98251674759571, 40.726500875284884], [-73.98252162492155, 40.726503352424935], [-73.98252689892024, 40.7265053064293], [-73.9825324701711, 40.72650670216298], [-73.98253823806722, 40.72650751439639], [-73.98254409963167, 40.726507727805284], [-73.98255956492797, 40.72650612454134], [-73.98257511411332, 40.7265051030168], [-73.98259071049297, 40.72650466592763], [-73.98260631618933, 40.726504813268015], [-73.98262189214098, 40.726505545932625], [-73.98263740165467, 40.72650686121442], [-73.9826528056701, 40.726508755505456], [-73.98266806749425, 40.72651122519827], [-73.98268314925087, 40.726514264884145], [-73.98269801543208, 40.72651786555268], [-73.98271262816228, 40.72652201909375], [-73.98272695430116, 40.72652671559688], [-73.9827329799856, 40.72652853012568], [-73.9827392425428, 40.72652982419547], [-73.98274565911882, 40.72653058068421], [-73.9827521504088, 40.72653079057478], [-73.9827586311877, 40.726530451153025], [-73.98276501978008, 40.726529566008665], [-73.982771234508, 40.726528147736666], [-73.98277719487636, 40.72652621253411], [-73.98278282512209, 40.72652378740502], [-73.98278805303238, 40.72652090205545], [-73.98280144532369, 40.7265115405646], [-73.98281428612574, 40.7265017413425], [-73.9828265493929, 40.72649152239566], [-73.98283821144625, 40.72648090353195], [-73.98284924742289, 40.726469906359995], [-73.98285963837849, 40.726458552489404], [-73.9828693630012, 40.72644686352944], [-73.98287840116267, 40.72643486289041], [-73.98288673628514, 40.72642257488382], [-73.98289523770163, 40.72640802302181], [-73.98290307275478, 40.72639325583858], [-73.98291023197055, 40.726378292243474], [-73.98291670705943, 40.726363148444634], [-73.98292249091466, 40.726347844252246], [-73.98292757642994, 40.726332397675655], [-73.98293195649921, 40.72631682582341], [-73.98293562519927, 40.72630114940655], [-73.98293858134252, 40.72628538553459], [-73.98294081782208, 40.726269554918204], [-73.982942334634, 40.72625367466714], [-73.98294312822273, 40.72623776459215], [-73.98294319858388, 40.72622184360381], [-73.98294254452937, 40.72620593151325], [-73.9829411684223, 40.726190046330906], [-73.98293907144166, 40.72617420876875], [-73.98293625476727, 40.72615843593646], [-73.98293272312917, 40.72614274764594], [-73.98292629870349, 40.72613580647071], [-73.9829192870892, 40.726129193893755], [-73.98291172142244, 40.72612293783577], [-73.98290363128815, 40.726117065316174], [-73.9828950533743, 40.7261116006542], [-73.98288602318526, 40.72610656726808], [-73.98287657977676, 40.72610198677588], [-73.98286676220508, 40.726097878994416], [-73.98285661426185, 40.726094261039854], [-73.9828461773718, 40.72609114822687], [-73.982835496511, 40.72608855406974], [-73.98282461784008, 40.72608648938142], [-73.982813586336, 40.72608496407417], [-73.98280245052794, 40.72608398355818], [-73.98279125776206, 40.72608355144262], [-73.98278005538415, 40.7260836713365], [-73.98276889074178, 40.72608434144598]], [[-73.98239738183736, 40.72651119674238], [-73.98240925895749, 40.72649774585433], [-73.98242048157853, 40.72648397428396], [-73.9824310354914, 40.72646990093991], [-73.98244090767089, 40.7264555447311], [-73.98245008390812, 40.72644092456621], [-73.98245855236158, 40.72642605935432], [-73.98246630000543, 40.72641097070579], [-73.98247331854932, 40.72639567753021], [-73.98247959733479, 40.72638020143828], [-73.9824851280716, 40.72636456133956], [-73.98248990365198, 40.726348780646305], [-73.9824939181527, 40.72633287916891], [-73.98249716446662, 40.72631687851858], [-73.98249964022122, 40.726300800307236], [-73.98250134067686, 40.72628466524592], [-73.9825022646445, 40.72626849584721], [-73.98250240975142, 40.726252314623466], [-73.98250177717662, 40.72623614138607], [-73.98250036573098, 40.72621999954809], [-73.98249264155919, 40.72615036201414], [-73.98249138810478, 40.72614561343962], [-73.98248933088888, 40.72614102593403], [-73.9824865077683, 40.726136679648256], [-73.98248296488764, 40.72613264753057], [-73.98247876378026, 40.72612899802893], [-73.98247397545033, 40.72612579509022], [-73.98246868274124, 40.726123092757526], [-73.98246297560051, 40.72612093697038], [-73.98245695226383, 40.726119364664655], [-73.98245071452033, 40.72611840377155], [-73.98244437008081, 40.72611806871552], [-73.98243802784188, 40.72611836671735], [-73.98235669121446, 40.726136319437295], [-73.9823495197424, 40.72613908830382], [-73.98234274702942, 40.726142388531386], [-73.98233643937061, 40.72614618591086], [-73.98233066069483, 40.72615044263073], [-73.98232546782961, 40.72615511727641], [-73.98232091405336, 40.7261601621292], [-73.98231704317573, 40.72616552676734], [-73.98231389427217, 40.726171158967404], [-73.9823114993173, 40.72617700200232], [-73.98230988081697, 40.72618299644199], [-73.98230905654201, 40.7261890846566], [-73.98230903479481, 40.726195204512294], [-73.9823098144082, 40.72620129477435], [-73.98231138711235, 40.72620729600784], [-73.98231373990333, 40.72621314697612], [-73.98231369694768, 40.726227819862814], [-73.98231290235636, 40.726242481827995], [-73.98231135731807, 40.72625711216001], [-73.98230906538984, 40.726271686545665], [-73.98230603012789, 40.72628618337321], [-73.98230225508884, 40.72630058013049], [-73.98229774619638, 40.726314855206084], [-73.9822925117418, 40.72632898608846], [-73.98228655764866, 40.72634295206672], [-73.98227989457564, 40.72635673062967], [-73.98227253199715, 40.72637030196747], [-73.98226448175568, 40.726383643569044], [-73.982255755693, 40.726396735624924], [-73.98224636801831, 40.726409558325905], [-73.98223633294087, 40.72642209186286], [-73.98222566466998, 40.72643431642664], [-73.98221663216222, 40.726446869027285], [-73.98220825297656, 40.72645968197525], [-73.98220054132283, 40.726472735461684], [-73.98219350785998, 40.726486008776604], [-73.98218716561479, 40.726499480309975], [-73.98218501330109, 40.72650529276224], [-73.98218357234975, 40.72651123049529], [-73.98218285224365, 40.72651724398258], [-73.98218286128227, 40.72652328279699], [-73.98218359829589, 40.72652929560921], [-73.98218505737951, 40.72653523289046], [-73.98218722552646, 40.72654104330958], [-73.98219008617826, 40.726546678236524], [-73.98219361330615, 40.72655209174128], [-73.98219777851462, 40.72655723609241], [-73.98220254512032, 40.72656206986075], [-73.98220787643993, 40.72656655251767], [-73.98221372395274, 40.7265706444332], [-73.9822200403199, 40.726574313181615], [-73.98222677228398, 40.72657752633629], [-73.98223386421857, 40.72658025777386], [-73.9822425672887, 40.726582484273976], [-73.98225150015767, 40.726584100263764], [-73.98226058825666, 40.72658509132361], [-73.98226975819863, 40.72658545023803], [-73.98227893186085, 40.726585173392984], [-73.98228803466962, 40.726584264379056], [-73.98229699205076, 40.726582729488364], [-73.98230572824447, 40.72658058131633], [-73.98231417222428, 40.72657783876292], [-73.98232225414655, 40.72657452342959], [-73.98232990534989, 40.726570663221665], [-73.98233706545766, 40.72656628964782], [-73.98234367409194, 40.72656143961976], [-73.98235799634557, 40.72654944703598], [-73.98237173395542, 40.726537064440514], [-73.98238486797788, 40.726524308940384], [-73.98239738183736, 40.72651119674238]]]]}, "properties": {"shape_area": "95791.6399895", "shape_leng": "7445.97981566", "feat_code": "3800", "status": "Updated", "sub_code": "380010", "source_id": "12380002312.0"}}]}